Timestamp,AQI,Location,PM2.5,CO,Pollution Avoided (Cigarettes)
SUMMARY,Usage: 0h 0m,Total Avoided: 0.09,,,

2026-05-12 13:29:37,57,"HSR Layout, Bengaluru",35,0.15,0.0009
2026-05-12 13:29:25,56,"HSR Layout, Bengaluru",34,0.15,0.0009
2026-05-12 13:29:13,56,"HSR Layout, Bengaluru",34,0.15,0.0009
2026-05-12 13:29:00,57,"HSR Layout, Bengaluru",35,0.15,0.0009
2026-05-12 13:28:48,56,"HSR Layout, Bengaluru",34,0.15,0.0009
2026-05-12 13:28:36,56,"HSR Layout, Bengaluru",34,0.15,0.0009
2026-05-12 13:28:24,54,"HSR Layout, Bengaluru",33,0.15,0.0009
2026-05-12 13:28:12,54,"HSR Layout, Bengaluru",33,0.15,0.0009
2026-05-12 13:28:00,56,"HSR Layout, Bengaluru",34,0.15,0.0009
2026-05-12 13:27:49,56,"HSR Layout, Bengaluru",34,0.15,0.0009
2026-05-12 13:27:36,54,"HSR Layout, Bengaluru",33,0.15,0.0009
2026-05-12 13:27:24,54,"HSR Layout, Bengaluru",33,0.15,0.0009
2026-05-12 13:27:12,54,"HSR Layout, Bengaluru",33,0.15,0.0009
2026-05-12 13:27:00,56,"HSR Layout, Bengaluru",34,0.15,0.0009
2026-05-12 13:26:48,52,"HSR Layout, Bengaluru",32,0.15,0.0008
2026-05-12 13:26:38,52,"HSR Layout, Bengaluru",32,0.15,0.0008
2026-05-12 13:26:24,52,"HSR Layout, Bengaluru",32,0.15,0.0008
2026-05-12 13:26:12,51,"HSR Layout, Bengaluru",31,0.15,0.0008
2026-05-12 13:26:01,52,"HSR Layout, Bengaluru",32,0.15,0.0008
2026-05-12 13:25:49,52,"HSR Layout, Bengaluru",32,0.15,0.0008
2026-05-12 13:25:37,54,"HSR Layout, Bengaluru",33,0.15,0.0009
2026-05-12 13:25:25,52,"HSR Layout, Bengaluru",32,0.15,0.0008
2026-05-12 13:25:14,54,"HSR Layout, Bengaluru",33,0.15,0.0009
2026-05-12 13:25:00,54,"HSR Layout, Bengaluru",33,0.15,0.0009
2026-05-12 13:24:48,52,"HSR Layout, Bengaluru",32,0.15,0.0008
2026-05-12 13:24:36,52,"HSR Layout, Bengaluru",32,0.15,0.0008
2026-05-12 13:24:24,54,"HSR Layout, Bengaluru",33,0.15,0.0009
2026-05-12 13:24:12,56,"HSR Layout, Bengaluru",34,0.15,0.0009
2026-05-12 13:24:00,56,"HSR Layout, Bengaluru",34,0.15,0.0009
2026-05-12 13:23:48,54,"HSR Layout, Bengaluru",33,0.15,0.0009
2026-05-12 13:23:36,51,"HSR Layout, Bengaluru",31,0.15,0.0008
2026-05-12 13:23:24,54,"HSR Layout, Bengaluru",33,0.15,0.0009
2026-05-12 13:23:12,57,"HSR Layout, Bengaluru",35,0.15,0.0009
2026-05-12 13:23:00,57,"HSR Layout, Bengaluru",35,0.15,0.0009
2026-05-12 13:22:48,57,"HSR Layout, Bengaluru",35,0.15,0.0009
2026-05-12 13:22:37,57,"HSR Layout, Bengaluru",35,0.15,0.0009
2026-05-12 13:22:24,56,"HSR Layout, Bengaluru",34,0.16,0.0009
2026-05-12 13:22:12,56,"HSR Layout, Bengaluru",34,0.16,0.0009
2026-05-12 13:22:00,57,"HSR Layout, Bengaluru",35,0.16,0.0009
2026-05-12 13:21:48,57,"HSR Layout, Bengaluru",35,0.16,0.0009
2026-05-12 13:21:36,52,"HSR Layout, Bengaluru",32,0.16,0.0008
2026-05-12 13:21:24,54,"HSR Layout, Bengaluru",33,0.16,0.0009
2026-05-12 13:21:12,54,"HSR Layout, Bengaluru",33,0.16,0.0009
2026-05-12 13:21:00,52,"HSR Layout, Bengaluru",32,0.16,0.0008
2026-05-12 13:20:48,54,"HSR Layout, Bengaluru",33,0.16,0.0009
2026-05-12 13:20:36,56,"HSR Layout, Bengaluru",34,0.16,0.0009
2026-05-12 13:20:24,54,"HSR Layout, Bengaluru",33,0.16,0.0009
2026-05-12 13:20:12,52,"HSR Layout, Bengaluru",32,0.16,0.0008
2026-05-12 13:20:00,54,"HSR Layout, Bengaluru",33,0.16,0.0009
2026-05-12 13:19:48,57,"HSR Layout, Bengaluru",35,0.16,0.0009
2026-05-12 13:19:36,56,"HSR Layout, Bengaluru",34,0.16,0.0009
2026-05-12 13:19:25,56,"HSR Layout, Bengaluru",34,0.16,0.0009
2026-05-12 13:19:13,56,"HSR Layout, Bengaluru",34,0.16,0.0009
2026-05-12 13:19:01,54,"HSR Layout, Bengaluru",33,0.16,0.0009
2026-05-12 13:18:49,54,"HSR Layout, Bengaluru",33,0.16,0.0009
2026-05-12 13:18:37,54,"HSR Layout, Bengaluru",33,0.16,0.0009
2026-05-12 13:18:25,52,"HSR Layout, Bengaluru",32,0.16,0.0008
2026-05-12 13:18:13,54,"HSR Layout, Bengaluru",33,0.16,0.0009
2026-05-12 13:18:01,56,"HSR Layout, Bengaluru",34,0.16,0.0009
2026-05-12 13:17:48,56,"HSR Layout, Bengaluru",34,0.16,0.0009
2026-05-12 13:17:36,57,"HSR Layout, Bengaluru",35,0.16,0.0009
2026-05-12 13:17:25,57,"HSR Layout, Bengaluru",35,0.16,0.0009
2026-05-12 13:17:25,57,"HSR Layout, Bengaluru",35,0.16,0.0009
2026-05-12 13:17:25,57,"HSR Layout, Bengaluru",35,0.16,0.0009
2026-05-12 13:17:25,57,"HSR Layout, Bengaluru",35,0.16,0.0009
2026-05-12 13:17:25,57,"HSR Layout, Bengaluru",35,0.16,0.0009
2026-05-12 13:17:13,57,"HSR Layout, Bengaluru",35,0.16,0.0009
2026-05-12 13:17:01,56,"HSR Layout, Bengaluru",34,0.16,0.0009
2026-05-12 13:16:49,56,"HSR Layout, Bengaluru",34,0.16,0.0009
2026-05-12 13:16:37,56,"HSR Layout, Bengaluru",34,0.16,0.0009
2026-05-12 13:16:25,57,"HSR Layout, Bengaluru",35,0.17,0.0009
2026-05-12 13:16:12,57,"HSR Layout, Bengaluru",35,0.17,0.0009
2026-05-12 13:16:01,57,"HSR Layout, Bengaluru",35,0.17,0.0009
2026-05-12 13:15:49,57,"HSR Layout, Bengaluru",35,0.17,0.0009
2026-05-12 13:15:37,61,"HSR Layout, Bengaluru",37,0.17,0.0010
2026-05-12 13:15:25,64,"HSR Layout, Bengaluru",39,0.17,0.0011
2026-05-12 13:15:13,64,"HSR Layout, Bengaluru",39,0.17,0.0011
2026-05-12 13:15:01,62,"HSR Layout, Bengaluru",38,0.17,0.0011
2026-05-12 13:14:49,67,"HSR Layout, Bengaluru",41,0.17,0.0012
2026-05-12 13:14:37,66,"HSR Layout, Bengaluru",40,0.17,0.0011
2026-05-12 13:14:25,66,"HSR Layout, Bengaluru",40,0.17,0.0011
2026-05-12 13:14:13,66,"HSR Layout, Bengaluru",40,0.17,0.0011
2026-05-12 13:14:01,66,"HSR Layout, Bengaluru",40,0.17,0.0011
2026-05-12 13:13:49,59,"HSR Layout, Bengaluru",36,0.17,0.0010
2026-05-12 13:13:37,50,"HSR Layout, Bengaluru",30,0.17,0.0008
2026-05-12 13:13:28,37,"HSR Layout, Bengaluru",14,0.18,0.0002
2026-05-12 13:13:16,37,"HSR Layout, Bengaluru",0,0.18,0.0000
2026-05-12 13:13:04,37,"HSR Layout, Bengaluru",0,0.18,0.0000
2026-05-12 13:12:53,37,"HSR Layout, Bengaluru",0,0.18,0.0000
2026-05-12 13:12:41,37,"HSR Layout, Bengaluru",0,0.18,0.0000
2026-05-12 13:12:30,37,"HSR Layout, Bengaluru",0,0.18,0.0000
2026-05-12 13:12:20,37,"HSR Layout, Bengaluru",0,0.18,0.0000
2026-05-12 13:12:18,37,"HSR Layout, Bengaluru",0,0.18,0.0000
2026-05-12 13:12:18,37,"HSR Layout, Bengaluru",0,0.18,0.0000
2026-05-12 13:12:06,37,"HSR Layout, Bengaluru",0,0.18,0.0000
2026-05-12 13:11:54,37,"HSR Layout, Bengaluru",0,0.18,0.0000
2026-05-12 13:11:42,37,"HSR Layout, Bengaluru",0,0.18,0.0000
2026-05-12 13:11:28,36,"HSR Layout, Bengaluru",0,0.17,0.0000
2026-05-12 13:11:18,36,"HSR Layout, Bengaluru",0,0.17,0.0000
2026-05-12 13:11:06,36,"HSR Layout, Bengaluru",0,0.17,0.0000
2026-05-12 13:10:52,36,"HSR Layout, Bengaluru",0,0.17,0.0000
2026-05-12 13:10:42,36,"HSR Layout, Bengaluru",0,0.17,0.0000
2026-05-12 13:10:29,36,"HSR Layout, Bengaluru",0,0.17,0.0000
2026-05-12 13:10:18,36,"HSR Layout, Bengaluru",0,0.17,0.0000
2026-05-12 13:10:06,36,"HSR Layout, Bengaluru",0,0.17,0.0000
2026-05-12 13:09:52,36,"HSR Layout, Bengaluru",0,0.17,0.0000
2026-05-12 13:09:40,36,"HSR Layout, Bengaluru",0,0.17,0.0000
2026-05-12 13:09:30,36,"HSR Layout, Bengaluru",0,0.17,0.0000
2026-05-12 13:09:17,36,"HSR Layout, Bengaluru",0,0.17,0.0000
2026-05-12 13:09:04,36,"HSR Layout, Bengaluru",0,0.17,0.0000
2026-05-12 13:08:54,36,"HSR Layout, Bengaluru",0,0.17,0.0000
2026-05-12 13:08:42,36,"HSR Layout, Bengaluru",0,0.17,0.0000
2026-05-12 13:08:28,36,"HSR Layout, Bengaluru",0,0.17,0.0000
2026-05-12 13:08:16,36,"HSR Layout, Bengaluru",0,0.17,0.0000
2026-05-12 13:08:04,36,"HSR Layout, Bengaluru",0,0.17,0.0000
2026-05-12 13:07:55,36,"HSR Layout, Bengaluru",0,0.17,0.0000
2026-05-12 13:07:40,36,"HSR Layout, Bengaluru",0,0.17,0.0000
2026-05-12 13:07:30,36,"HSR Layout, Bengaluru",0,0.17,0.0000
2026-05-12 13:07:16,36,"HSR Layout, Bengaluru",0,0.17,0.0000
2026-05-12 13:07:06,36,"HSR Layout, Bengaluru",0,0.17,0.0000
2026-05-12 13:07:06,36,"HSR Layout, Bengaluru",0,0.17,0.0000
2026-05-12 13:06:54,36,"HSR Layout, Bengaluru",0,0.17,0.0000
2026-05-12 13:06:42,36,"HSR Layout, Bengaluru",0,0.17,0.0000
2026-05-12 13:06:30,36,"HSR Layout, Bengaluru",0,0.17,0.0000
2026-05-12 13:06:18,36,"HSR Layout, Bengaluru",0,0.17,0.0000
2026-05-12 13:06:06,36,"HSR Layout, Bengaluru",0,0.17,0.0000
2026-05-12 13:05:54,36,"HSR Layout, Bengaluru",0,0.17,0.0000
2026-05-12 13:05:40,36,"HSR Layout, Bengaluru",0,0.17,0.0000
2026-05-12 13:05:30,36,"HSR Layout, Bengaluru",0,0.18,0.0000
2026-05-12 13:05:16,36,"HSR Layout, Bengaluru",0,0.18,0.0000
2026-05-12 13:05:06,36,"HSR Layout, Bengaluru",0,0.18,0.0000
2026-05-12 13:04:54,36,"HSR Layout, Bengaluru",0,0.18,0.0000
2026-05-12 13:04:42,36,"HSR Layout, Bengaluru",0,0.18,0.0000
2026-05-12 13:04:30,36,"HSR Layout, Bengaluru",1,0.18,0.0000
2026-05-12 13:04:18,36,"HSR Layout, Bengaluru",0,0.18,0.0000
2026-05-12 13:04:06,36,"HSR Layout, Bengaluru",0,0.18,0.0000
2026-05-12 13:03:54,36,"HSR Layout, Bengaluru",0,0.18,0.0000
2026-05-12 13:03:42,36,"HSR Layout, Bengaluru",0,0.18,0.0000
2026-05-12 13:03:29,36,"HSR Layout, Bengaluru",0,0.18,0.0000
2026-05-12 13:03:18,36,"HSR Layout, Bengaluru",0,0.18,0.0000
2026-05-12 13:03:07,36,"HSR Layout, Bengaluru",0,0.18,0.0000
2026-05-12 13:02:54,36,"HSR Layout, Bengaluru",0,0.18,0.0000
2026-05-12 13:02:40,36,"HSR Layout, Bengaluru",0,0.18,0.0000
2026-05-12 13:02:30,36,"HSR Layout, Bengaluru",0,0.18,0.0000
2026-05-12 13:02:17,36,"HSR Layout, Bengaluru",0,0.18,0.0000
2026-05-12 13:02:04,36,"HSR Layout, Bengaluru",1,0.18,0.0000
2026-05-12 13:01:55,36,"HSR Layout, Bengaluru",0,0.18,0.0000
2026-05-12 13:01:55,36,"HSR Layout, Bengaluru",0,0.18,0.0000
2026-05-12 13:01:54,36,"HSR Layout, Bengaluru",0,0.18,0.0000
2026-05-12 13:01:42,36,"BTM Layout Stage 2, Bengaluru",0,0.18,0.0000
2026-05-12 13:01:29,37,"BTM Layout Stage 2, Bengaluru",1,0.18,0.0000
2026-05-12 13:01:18,37,"BTM Layout Stage 2, Bengaluru",0,0.18,0.0000
2026-05-12 13:01:06,37,"BTM Layout Stage 2, Bengaluru",0,0.18,0.0000
2026-05-12 13:00:54,37,"BTM Layout Stage 2, Bengaluru",0,0.18,0.0000
2026-05-12 13:00:42,37,"BTM Layout Stage 2, Bengaluru",0,0.18,0.0000
2026-05-12 13:00:30,37,"BTM Layout Stage 2, Bengaluru",0,0.18,0.0000
2026-05-12 13:00:16,37,"BTM Layout Stage 2, Bengaluru",0,0.18,0.0000
2026-05-12 13:00:06,37,"BTM Layout Stage 2, Bengaluru",0,0.18,0.0000
2026-05-12 12:59:52,37,"BTM Layout Stage 2, Bengaluru",0,0.18,0.0000
2026-05-12 12:59:42,37,"BTM Layout Stage 2, Bengaluru",0,0.18,0.0000
2026-05-12 12:59:30,37,"BTM Layout Stage 2, Bengaluru",0,0.18,0.0000
2026-05-12 12:59:17,37,"BTM Layout Stage 2, Bengaluru",0,0.18,0.0000
2026-05-12 12:59:06,37,"BTM Layout Stage 2, Bengaluru",0,0.18,0.0000
2026-05-12 12:58:54,37,"BTM Layout Stage 2, Bengaluru",0,0.18,0.0000
2026-05-12 12:58:41,37,"BTM Layout Stage 2, Bengaluru",0,0.18,0.0000
2026-05-12 12:58:30,37,"BTM Layout Stage 2, Bengaluru",0,0.18,0.0000
2026-05-12 12:58:17,37,"BTM Layout Stage 2, Bengaluru",0,0.18,0.0000
2026-05-12 12:58:06,37,"BTM Layout Stage 2, Bengaluru",0,0.18,0.0000
2026-05-12 12:57:54,37,"BTM Layout Stage 2, Bengaluru",0,0.18,0.0000
2026-05-12 12:57:40,37,"BTM Layout Stage 2, Bengaluru",0,0.18,0.0000
2026-05-12 12:57:30,37,"BTM Layout Stage 2, Bengaluru",0,0.18,0.0000
2026-05-12 12:57:18,37,"BTM Layout Stage 2, Bengaluru",1,0.18,0.0000
2026-05-12 12:57:06,37,"BTM Layout Stage 2, Bengaluru",1,0.18,0.0000
2026-05-12 12:56:52,37,"BTM Layout Stage 2, Bengaluru",0,0.18,0.0000
2026-05-12 12:56:43,37,"BTM Layout Stage 2, Bengaluru",0,0.18,0.0000
2026-05-12 12:56:42,37,"BTM Layout Stage 2, Bengaluru",0,0.18,0.0000
2026-05-12 12:56:30,37,"Bilekahalli, Bengaluru",0,0.18,0.0000
2026-05-12 12:56:17,37,"Bilekahalli, Bengaluru",0,0.18,0.0000
2026-05-12 12:56:06,37,"Bilekahalli, Bengaluru",0,0.18,0.0000
2026-05-12 12:55:52,37,"Bilekahalli, Bengaluru",0,0.18,0.0000
2026-05-12 12:55:40,37,"Bilekahalli, Bengaluru",0,0.18,0.0000
2026-05-12 12:55:30,37,"Bilekahalli, Bengaluru",0,0.17,0.0000
2026-05-12 12:55:18,37,"Bilekahalli, Bengaluru",0,0.17,0.0000
2026-05-12 12:55:04,37,"Bilekahalli, Bengaluru",0,0.17,0.0000
2026-05-12 12:54:53,37,"Bilekahalli, Bengaluru",0,0.17,0.0000
2026-05-12 12:54:41,37,"Bilekahalli, Bengaluru",0,0.17,0.0000
2026-05-12 12:54:30,37,"Bilekahalli, Bengaluru",0,0.17,0.0000
2026-05-12 12:54:17,37,"Bilekahalli, Bengaluru",0,0.17,0.0000
2026-05-12 12:54:05,37,"Bilekahalli, Bengaluru",0,0.17,0.0000
2026-05-12 12:53:54,37,"Bilekahalli, Bengaluru",0,0.17,0.0000
2026-05-12 12:53:41,37,"Bilekahalli, Bengaluru",0,0.17,0.0000
2026-05-12 12:53:29,38,"Bilekahalli, Bengaluru",0,0.17,0.0000
2026-05-12 12:53:17,38,"Bilekahalli, Bengaluru",0,0.17,0.0000
2026-05-12 12:53:05,38,"Bilekahalli, Bengaluru",0,0.17,0.0000
2026-05-12 12:52:53,38,"Bilekahalli, Bengaluru",0,0.17,0.0000
2026-05-12 12:52:41,38,"Bilekahalli, Bengaluru",1,0.17,0.0000
2026-05-12 12:52:30,38,"Bilekahalli, Bengaluru",1,0.18,0.0000
2026-05-12 12:52:17,38,"Bilekahalli, Bengaluru",0,0.18,0.0000
2026-05-12 12:52:06,38,"Bilekahalli, Bengaluru",0,0.18,0.0000
2026-05-12 12:51:52,38,"Bilekahalli, Bengaluru",0,0.18,0.0000
2026-05-12 12:51:40,38,"Bilekahalli, Bengaluru",1,0.18,0.0000
2026-05-12 12:51:31,38,"Bilekahalli, Bengaluru",1,0.17,0.0000
2026-05-12 12:51:30,38,"Bilekahalli, Bengaluru",1,0.17,0.0000
2026-05-12 12:51:30,38,"Bilekahalli, Bengaluru",1,0.17,0.0000
2026-05-12 12:51:17,38,"Arakere, Bengaluru",0,0.17,0.0000
2026-05-12 12:51:06,38,"Arakere, Bengaluru",0,0.17,0.0000
2026-05-12 12:50:54,38,"Arakere, Bengaluru",0,0.17,0.0000
2026-05-12 12:50:41,38,"Arakere, Bengaluru",0,0.17,0.0000
2026-05-12 12:50:29,37,"Arakere, Bengaluru",0,0.17,0.0000
2026-05-12 12:50:17,37,"Arakere, Bengaluru",0,0.17,0.0000
2026-05-12 12:50:04,37,"Arakere, Bengaluru",0,0.17,0.0000
2026-05-12 12:49:54,37,"Arakere, Bengaluru",0,0.17,0.0000
2026-05-12 12:49:41,37,"Arakere, Bengaluru",0,0.17,0.0000
2026-05-12 12:49:29,38,"Arakere, Bengaluru",0,0.17,0.0000
2026-05-12 12:49:17,38,"Arakere, Bengaluru",0,0.17,0.0000
2026-05-12 12:49:05,38,"Arakere, Bengaluru",0,0.17,0.0000
2026-05-12 12:48:54,38,"Arakere, Bengaluru",0,0.17,0.0000
2026-05-12 12:48:42,38,"Arakere, Bengaluru",0,0.17,0.0000
2026-05-12 12:48:30,38,"Arakere, Bengaluru",0,0.17,0.0000
2026-05-12 12:48:18,38,"Arakere, Bengaluru",0,0.17,0.0000
2026-05-12 12:48:05,38,"Arakere, Bengaluru",0,0.17,0.0000
2026-05-12 12:47:53,38,"Arakere, Bengaluru",0,0.17,0.0000
2026-05-12 12:47:42,38,"Arakere, Bengaluru",0,0.17,0.0000
2026-05-12 12:47:28,38,"Arakere, Bengaluru",0,0.18,0.0000
2026-05-12 12:47:16,38,"Arakere, Bengaluru",1,0.18,0.0000
2026-05-12 12:47:05,38,"Arakere, Bengaluru",1,0.18,0.0000
2026-05-12 12:46:54,38,"Arakere, Bengaluru",2,0.18,0.0000
2026-05-12 12:46:40,38,"Arakere, Bengaluru",1,0.18,0.0000
2026-05-12 12:46:28,38,"Arakere, Bengaluru",1,0.17,0.0000
2026-05-12 12:46:16,38,"Arakere, Bengaluru",1,0.17,0.0000
2026-05-12 12:46:04,38,"Arakere, Bengaluru",1,0.17,0.0000
2026-05-12 12:45:52,38,"Arakere, Bengaluru",3,0.17,0.0000
2026-05-12 12:45:40,38,"Arakere, Bengaluru",3,0.17,0.0000
2026-05-12 12:45:28,38,"Arakere, Bengaluru",3,0.18,0.0000
2026-05-12 12:45:16,38,"Arakere, Bengaluru",4,0.18,0.0000
2026-05-12 12:45:04,38,"Arakere, Bengaluru",5,0.18,0.0000
2026-05-12 12:44:52,38,"Arakere, Bengaluru",5,0.18,0.0000
2026-05-12 12:44:40,38,"Arakere, Bengaluru",5,0.18,0.0000
2026-05-12 12:44:28,38,"Arakere, Bengaluru",5,0.18,0.0000
2026-05-12 12:44:16,38,"Arakere, Bengaluru",8,0.18,0.0000
2026-05-12 12:44:04,38,"Arakere, Bengaluru",12,0.18,0.0001
2026-05-12 12:43:52,38,"Arakere, Bengaluru",17,0.18,0.0003
2026-05-12 12:43:40,38,"Arakere, Bengaluru",17,0.18,0.0003
2026-05-12 12:43:28,38,"Arakere, Bengaluru",19,0.18,0.0003
2026-05-12 12:43:16,38,"Arakere, Bengaluru",18,0.18,0.0003
2026-05-12 12:43:04,38,"Arakere, Bengaluru",17,0.18,0.0003
2026-05-12 12:42:52,38,"Arakere, Bengaluru",18,0.18,0.0003
2026-05-12 12:42:40,38,"Arakere, Bengaluru",23,0.18,0.0005
2026-05-12 12:42:28,38,"Arakere, Bengaluru",23,0.18,0.0005
2026-05-12 12:42:16,40,"Arakere, Bengaluru",24,0.18,0.0005
2026-05-12 12:42:04,41,"Arakere, Bengaluru",25,0.18,0.0006
2026-05-12 12:41:52,41,"Arakere, Bengaluru",25,0.18,0.0006
2026-05-12 12:41:40,48,"Arakere, Bengaluru",29,0.18,0.0007
2026-05-12 12:41:28,51,"Arakere, Bengaluru",31,0.18,0.0008
2026-05-12 12:41:16,57,"Arakere, Bengaluru",35,0.18,0.0009
2026-05-12 12:41:04,62,"Arakere, Bengaluru",38,0.18,0.0011
2026-05-11 23:04:53,57,"Arakere, Bengaluru",35,0.15,0.0009
2026-05-11 23:04:41,59,"Arakere, Bengaluru",36,0.15,0.0010
2026-05-11 23:04:29,61,"Arakere, Bengaluru",37,0.15,0.0010
2026-05-11 23:04:17,59,"Arakere, Bengaluru",36,0.15,0.0010
2026-05-11 23:04:05,57,"Arakere, Bengaluru",35,0.15,0.0009
2026-05-11 23:03:53,62,"Arakere, Bengaluru",38,0.15,0.0011
2026-05-11 23:03:41,62,"Arakere, Bengaluru",38,0.15,0.0011
2026-05-11 23:03:29,64,"Arakere, Bengaluru",39,0.16,0.0011
2026-05-11 23:03:17,66,"Arakere, Bengaluru",40,0.16,0.0011
2026-05-11 23:03:05,72,"Arakere, Bengaluru",44,0.16,0.0013
2026-05-11 23:02:58,83,"Arakere, Bengaluru",50,0.16,0.0015
2026-05-11 23:02:51,93,"Arakere, Bengaluru",56,0.16,0.0017
2026-05-11 23:02:49,107,"Arakere, Bengaluru",63,0.16,0.0020
2026-05-11 23:02:46,121,"Arakere, Bengaluru",67,0.16,0.0022
2026-05-11 23:02:41,135,"Arakere, Bengaluru",71,0.16,0.0023
2026-05-11 23:02:38,100,"Arakere, Bengaluru",60,0.16,0.0019
2026-05-11 23:02:35,81,"Arakere, Bengaluru",49,0.16,0.0015
2026-05-11 23:02:32,71,"Arakere, Bengaluru",43,0.16,0.0013
2026-05-11 23:02:23,59,"Arakere, Bengaluru",36,0.16,0.0010
2026-05-11 23:02:11,59,"Arakere, Bengaluru",36,0.16,0.0010
2026-05-11 23:01:59,57,"Arakere, Bengaluru",35,0.16,0.0009
2026-05-11 23:01:47,57,"Arakere, Bengaluru",35,0.16,0.0009
2026-05-11 23:01:36,59,"Arakere, Bengaluru",36,0.16,0.0010
2026-05-11 23:01:24,59,"Arakere, Bengaluru",36,0.16,0.0010
2026-05-11 23:01:12,56,"Arakere, Bengaluru",34,0.16,0.0009
2026-05-11 23:01:00,54,"Arakere, Bengaluru",33,0.16,0.0009
2026-05-11 23:00:48,56,"Arakere, Bengaluru",34,0.16,0.0009
2026-05-11 23:00:36,56,"Arakere, Bengaluru",34,0.16,0.0009
2026-05-11 23:00:24,54,"Arakere, Bengaluru",33,0.16,0.0009
2026-05-11 23:00:12,54,"Arakere, Bengaluru",33,0.16,0.0009
2026-05-11 23:00:00,54,"Arakere, Bengaluru",33,0.16,0.0009
2026-05-11 22:59:48,52,"Arakere, Bengaluru",32,0.16,0.0008
2026-05-11 22:59:36,57,"Arakere, Bengaluru",35,0.16,0.0009
2026-05-11 22:59:24,56,"Arakere, Bengaluru",34,0.16,0.0009
2026-05-11 22:59:12,56,"Arakere, Bengaluru",34,0.16,0.0009
2026-05-11 22:59:00,56,"Arakere, Bengaluru",34,0.16,0.0009
2026-05-11 22:58:48,56,"Arakere, Bengaluru",34,0.16,0.0009
2026-05-11 22:58:36,52,"Arakere, Bengaluru",32,0.16,0.0008
2026-05-11 22:58:24,54,"Arakere, Bengaluru",33,0.16,0.0009
2026-05-11 22:58:12,52,"Arakere, Bengaluru",32,0.16,0.0008
2026-05-11 22:58:01,56,"Arakere, Bengaluru",34,0.16,0.0009
2026-05-11 22:57:48,56,"Arakere, Bengaluru",34,0.16,0.0009
2026-05-11 22:57:36,56,"Arakere, Bengaluru",34,0.16,0.0009
2026-05-11 22:57:25,54,"Arakere, Bengaluru",33,0.16,0.0009
2026-05-11 22:57:25,54,"Arakere, Bengaluru",33,0.16,0.0009
2026-05-11 22:57:24,54,"Arakere, Bengaluru",33,0.16,0.0009
2026-05-11 22:57:12,56,"Arakere, Bengaluru",34,0.16,0.0009
2026-05-11 22:57:00,54,"Arakere, Bengaluru",33,0.16,0.0009
2026-05-11 22:56:48,54,"Arakere, Bengaluru",33,0.16,0.0009
2026-05-11 22:56:36,56,"Arakere, Bengaluru",34,0.16,0.0009
2026-05-11 22:56:24,52,"Arakere, Bengaluru",32,0.16,0.0008
2026-05-11 22:56:12,54,"Arakere, Bengaluru",33,0.16,0.0009
2026-05-11 22:56:00,52,"Arakere, Bengaluru",32,0.16,0.0008
2026-05-11 22:55:48,52,"Arakere, Bengaluru",32,0.16,0.0008
2026-05-11 22:55:36,52,"Arakere, Bengaluru",32,0.16,0.0008
2026-05-11 22:55:24,51,"Arakere, Bengaluru",31,0.16,0.0008
2026-05-11 22:55:12,54,"Arakere, Bengaluru",33,0.16,0.0009
2026-05-11 22:55:00,57,"Arakere, Bengaluru",35,0.16,0.0009
2026-05-11 22:54:48,56,"Arakere, Bengaluru",34,0.16,0.0009
2026-05-11 22:54:36,52,"Arakere, Bengaluru",32,0.16,0.0008
2026-05-11 22:54:24,56,"Arakere, Bengaluru",34,0.16,0.0009
2026-05-11 22:54:12,57,"Arakere, Bengaluru",35,0.16,0.0009
2026-05-11 22:54:00,59,"Arakere, Bengaluru",36,0.16,0.0010
2026-05-11 22:53:48,57,"Arakere, Bengaluru",35,0.16,0.0009
2026-05-11 22:53:36,59,"Arakere, Bengaluru",36,0.16,0.0010
2026-05-11 22:53:24,57,"Arakere, Bengaluru",35,0.16,0.0009
2026-05-11 22:53:12,59,"Arakere, Bengaluru",36,0.16,0.0010
2026-05-11 22:53:00,56,"Arakere, Bengaluru",34,0.16,0.0009
2026-05-11 22:52:48,56,"Arakere, Bengaluru",34,0.16,0.0009
2026-05-11 22:52:36,54,"Arakere, Bengaluru",33,0.16,0.0009
2026-05-11 22:52:24,54,"Arakere, Bengaluru",33,0.16,0.0009
2026-05-11 22:52:13,57,"Arakere, Bengaluru",35,0.16,0.0009
2026-05-11 22:52:13,57,"Arakere, Bengaluru",35,0.16,0.0009
2026-05-11 22:52:12,57,"Arakere, Bengaluru",35,0.16,0.0009
2026-05-11 22:52:00,54,"Arakere, Bengaluru",33,0.16,0.0009
2026-05-11 22:51:48,52,"Arakere, Bengaluru",32,0.16,0.0008
2026-05-11 22:51:36,54,"Arakere, Bengaluru",33,0.16,0.0009
2026-05-11 22:51:24,54,"Arakere, Bengaluru",33,0.16,0.0009
2026-05-11 22:51:12,52,"Arakere, Bengaluru",32,0.16,0.0008
2026-05-11 22:51:00,54,"Arakere, Bengaluru",33,0.16,0.0009
2026-05-11 22:50:48,54,"Arakere, Bengaluru",33,0.16,0.0009
2026-05-11 22:50:36,54,"Arakere, Bengaluru",33,0.16,0.0009
2026-05-11 22:50:24,52,"Arakere, Bengaluru",32,0.16,0.0008
2026-05-11 22:50:12,51,"Arakere, Bengaluru",31,0.16,0.0008
2026-05-11 22:50:00,51,"Arakere, Bengaluru",31,0.16,0.0008
2026-05-11 22:49:48,52,"Arakere, Bengaluru",32,0.16,0.0008
2026-05-11 22:49:36,51,"Arakere, Bengaluru",31,0.16,0.0008
2026-05-11 22:49:24,52,"Arakere, Bengaluru",32,0.15,0.0008
2026-05-11 22:49:12,52,"Arakere, Bengaluru",32,0.15,0.0008
2026-05-11 22:49:00,52,"Arakere, Bengaluru",32,0.15,0.0008
2026-05-11 22:48:48,56,"Arakere, Bengaluru",34,0.15,0.0009
2026-05-11 22:48:36,54,"Arakere, Bengaluru",33,0.15,0.0009
2026-05-11 22:48:24,52,"Arakere, Bengaluru",32,0.15,0.0008
2026-05-11 22:48:12,52,"Arakere, Bengaluru",32,0.15,0.0008
2026-05-11 22:48:00,54,"Arakere, Bengaluru",33,0.15,0.0009
2026-05-11 22:47:48,54,"Arakere, Bengaluru",33,0.15,0.0009
2026-05-11 22:47:36,51,"Arakere, Bengaluru",31,0.15,0.0008
2026-05-11 22:47:23,52,"Arakere, Bengaluru",32,0.16,0.0008
2026-05-11 22:47:12,54,"Arakere, Bengaluru",33,0.16,0.0009
2026-05-11 22:47:00,57,"Arakere, Bengaluru",35,0.16,0.0009
2026-05-11 22:47:00,57,"Arakere, Bengaluru",35,0.16,0.0009
2026-05-11 22:47:00,57,"Arakere, Bengaluru",35,0.16,0.0009
2026-05-11 22:46:48,57,"Arakere, Bengaluru",35,0.16,0.0009
2026-05-11 22:46:36,57,"Arakere, Bengaluru",35,0.16,0.0009
2026-05-11 22:46:24,56,"Arakere, Bengaluru",34,0.15,0.0009
2026-05-11 22:46:12,54,"Arakere, Bengaluru",33,0.15,0.0009
2026-05-11 22:46:00,56,"Arakere, Bengaluru",34,0.15,0.0009
2026-05-11 22:45:48,54,"Arakere, Bengaluru",33,0.15,0.0009
2026-05-11 22:45:36,51,"Arakere, Bengaluru",31,0.15,0.0008
2026-05-11 22:45:24,54,"Arakere, Bengaluru",33,0.15,0.0009
2026-05-11 22:45:12,56,"Arakere, Bengaluru",34,0.15,0.0009
2026-05-11 22:45:00,54,"Arakere, Bengaluru",33,0.15,0.0009
2026-05-11 22:44:47,54,"Arakere, Bengaluru",33,0.15,0.0009
2026-05-11 22:44:36,52,"Arakere, Bengaluru",32,0.15,0.0008
2026-05-11 22:44:24,54,"Arakere, Bengaluru",33,0.15,0.0009
2026-05-11 22:44:12,52,"Arakere, Bengaluru",32,0.15,0.0008
2026-05-11 22:44:00,52,"Arakere, Bengaluru",32,0.15,0.0008
2026-05-11 22:43:48,54,"Arakere, Bengaluru",33,0.15,0.0009
2026-05-11 22:43:36,56,"Arakere, Bengaluru",34,0.15,0.0009
2026-05-11 22:43:24,54,"Arakere, Bengaluru",33,0.15,0.0009
2026-05-11 22:43:11,54,"Arakere, Bengaluru",33,0.15,0.0009
2026-05-11 22:42:59,57,"Arakere, Bengaluru",35,0.15,0.0009
2026-05-11 22:42:47,57,"Arakere, Bengaluru",35,0.15,0.0009
2026-05-11 22:42:35,56,"Arakere, Bengaluru",34,0.15,0.0009
2026-05-11 22:42:23,52,"Arakere, Bengaluru",32,0.15,0.0008
2026-05-11 22:42:11,52,"Arakere, Bengaluru",32,0.15,0.0008
2026-05-11 22:41:59,52,"Arakere, Bengaluru",32,0.15,0.0008
2026-05-11 22:41:48,56,"Arakere, Bengaluru",34,0.15,0.0009
2026-05-11 22:41:48,56,"Arakere, Bengaluru",34,0.15,0.0009
2026-05-11 22:41:48,56,"Arakere, Bengaluru",34,0.15,0.0009
2026-05-11 22:41:35,56,"Arakere, Bengaluru",34,0.15,0.0009
2026-05-11 22:41:23,54,"Arakere, Bengaluru",33,0.15,0.0009
2026-05-11 22:41:11,52,"Arakere, Bengaluru",32,0.15,0.0008
2026-05-11 22:40:59,52,"Arakere, Bengaluru",32,0.15,0.0008
2026-05-11 22:40:47,52,"Arakere, Bengaluru",32,0.15,0.0008
2026-05-11 22:40:35,51,"Arakere, Bengaluru",31,0.15,0.0008
2026-05-11 22:40:23,54,"Arakere, Bengaluru",33,0.15,0.0009
2026-05-11 22:40:11,56,"Arakere, Bengaluru",34,0.15,0.0009
2026-05-11 22:39:59,57,"Arakere, Bengaluru",35,0.15,0.0009
2026-05-11 22:39:47,56,"Arakere, Bengaluru",34,0.15,0.0009
2026-05-11 22:39:35,56,"Arakere, Bengaluru",34,0.15,0.0009
2026-05-11 22:39:23,57,"Arakere, Bengaluru",35,0.15,0.0009
2026-05-11 22:39:11,56,"Arakere, Bengaluru",34,0.15,0.0009
2026-05-11 22:38:59,57,"Arakere, Bengaluru",35,0.15,0.0009
2026-05-11 22:38:47,56,"Arakere, Bengaluru",34,0.15,0.0009
2026-05-11 22:38:36,57,"Arakere, Bengaluru",35,0.15,0.0009
2026-05-11 22:38:23,57,"Arakere, Bengaluru",35,0.15,0.0009
2026-05-11 22:38:11,57,"Arakere, Bengaluru",35,0.15,0.0009
2026-05-11 22:37:59,54,"Arakere, Bengaluru",33,0.15,0.0009
2026-05-11 22:37:47,54,"Arakere, Bengaluru",33,0.15,0.0009
2026-05-11 22:37:35,57,"Arakere, Bengaluru",35,0.15,0.0009
2026-05-11 22:37:23,54,"Arakere, Bengaluru",33,0.15,0.0009
2026-05-11 22:37:11,54,"Arakere, Bengaluru",33,0.15,0.0009
2026-05-11 22:36:59,57,"Arakere, Bengaluru",35,0.15,0.0009
2026-05-11 22:36:47,56,"Arakere, Bengaluru",34,0.15,0.0009
2026-05-11 22:36:36,57,"Arakere, Bengaluru",35,0.15,0.0009
2026-05-11 22:36:36,57,"Arakere, Bengaluru",35,0.15,0.0009
2026-05-11 22:36:36,57,"Arakere, Bengaluru",35,0.15,0.0009
2026-05-11 22:36:23,56,"Arakere, Bengaluru",34,0.15,0.0009
2026-05-11 22:36:11,54,"Arakere, Bengaluru",33,0.15,0.0009
2026-05-11 22:35:59,52,"Arakere, Bengaluru",32,0.15,0.0008
2026-05-11 22:35:47,56,"Arakere, Bengaluru",34,0.15,0.0009
2026-05-11 22:35:35,52,"Arakere, Bengaluru",32,0.15,0.0008
2026-05-11 22:35:23,56,"Arakere, Bengaluru",34,0.15,0.0009
2026-05-11 22:35:11,57,"Arakere, Bengaluru",35,0.15,0.0009
2026-05-11 22:34:59,57,"Arakere, Bengaluru",35,0.15,0.0009
2026-05-11 22:34:47,56,"Arakere, Bengaluru",34,0.15,0.0009
2026-05-11 22:34:35,54,"Arakere, Bengaluru",33,0.15,0.0009
2026-05-11 22:34:23,56,"Arakere, Bengaluru",34,0.15,0.0009
2026-05-11 22:34:11,54,"Arakere, Bengaluru",33,0.15,0.0009
2026-05-11 22:33:59,56,"Arakere, Bengaluru",34,0.15,0.0009
2026-05-11 22:33:47,54,"Arakere, Bengaluru",33,0.15,0.0009
2026-05-11 22:33:35,54,"Arakere, Bengaluru",33,0.15,0.0009
2026-05-11 22:33:23,59,"Arakere, Bengaluru",36,0.15,0.0010
2026-05-11 22:33:11,57,"Arakere, Bengaluru",35,0.15,0.0009
2026-05-11 22:32:59,59,"Arakere, Bengaluru",36,0.15,0.0010
2026-05-11 22:32:47,56,"Arakere, Bengaluru",34,0.15,0.0009
2026-05-11 22:32:35,57,"Arakere, Bengaluru",35,0.15,0.0009
2026-05-11 22:32:23,54,"Arakere, Bengaluru",33,0.15,0.0009
2026-05-11 22:32:11,57,"Arakere, Bengaluru",35,0.15,0.0009
2026-05-11 22:31:59,59,"Arakere, Bengaluru",36,0.15,0.0010
2026-05-11 22:31:47,57,"Arakere, Bengaluru",35,0.15,0.0009
2026-05-11 22:31:35,56,"Arakere, Bengaluru",34,0.15,0.0009
2026-05-11 22:31:24,57,"Arakere, Bengaluru",35,0.15,0.0009
2026-05-11 22:31:24,57,"Arakere, Bengaluru",35,0.15,0.0009
2026-05-11 22:31:24,57,"Arakere, Bengaluru",35,0.15,0.0009
2026-05-11 22:31:24,57,"Arakere, Bengaluru",35,0.15,0.0009
2026-05-11 22:31:24,57,"Arakere, Bengaluru",35,0.15,0.0009
2026-05-11 22:31:11,57,"Arakere, Bengaluru",35,0.15,0.0009
2026-05-11 22:30:59,56,"Arakere, Bengaluru",34,0.15,0.0009
2026-05-11 22:30:47,57,"Arakere, Bengaluru",35,0.15,0.0009
2026-05-11 22:30:35,57,"Arakere, Bengaluru",35,0.15,0.0009
2026-05-11 22:30:23,59,"Arakere, Bengaluru",36,0.14,0.0010
2026-05-11 22:30:11,59,"Arakere, Bengaluru",36,0.14,0.0010
2026-05-11 22:30:00,59,"Arakere, Bengaluru",36,0.14,0.0010
2026-05-11 22:29:47,61,"Arakere, Bengaluru",37,0.14,0.0010
2026-05-11 22:29:35,62,"Arakere, Bengaluru",38,0.14,0.0011
2026-05-11 22:29:24,66,"Arakere, Bengaluru",40,0.14,0.0011
2026-05-11 22:29:12,76,"Arakere, Bengaluru",46,0.14,0.0014
2026-05-11 22:29:00,74,"Arakere, Bengaluru",45,0.14,0.0013
2026-05-11 22:28:51,64,"Arakere, Bengaluru",39,0.14,0.0011
2026-05-11 22:28:40,69,"Arakere, Bengaluru",42,0.14,0.0012
2026-05-11 22:28:27,64,"Arakere, Bengaluru",39,0.15,0.0011
2026-05-11 22:28:15,64,"Arakere, Bengaluru",39,0.15,0.0011
2026-05-11 22:28:04,52,"Arakere, Bengaluru",32,0.15,0.0008
2026-05-11 22:27:52,54,"Arakere, Bengaluru",33,0.15,0.0009
2026-05-11 22:27:40,54,"Arakere, Bengaluru",33,0.15,0.0009
2026-05-11 22:27:28,56,"Arakere, Bengaluru",34,0.15,0.0009
2026-05-11 22:27:16,52,"Arakere, Bengaluru",32,0.15,0.0008
2026-05-11 22:27:04,56,"Arakere, Bengaluru",34,0.15,0.0009
2026-05-11 22:26:52,56,"Arakere, Bengaluru",34,0.15,0.0009
2026-05-11 22:26:39,57,"Arakere, Bengaluru",35,0.15,0.0009
2026-05-11 22:26:27,59,"Arakere, Bengaluru",36,0.15,0.0010
2026-05-11 22:26:16,61,"Arakere, Bengaluru",37,0.15,0.0010
2026-05-11 22:26:16,61,"Arakere, Bengaluru",37,0.15,0.0010
2026-05-11 22:26:16,61,"Arakere, Bengaluru",37,0.15,0.0010
2026-05-11 22:26:03,56,"Arakere, Bengaluru",34,0.15,0.0009
2026-05-11 22:25:51,54,"Arakere, Bengaluru",33,0.15,0.0009
2026-05-11 22:25:39,56,"Arakere, Bengaluru",34,0.15,0.0009
2026-05-11 22:25:27,56,"Arakere, Bengaluru",34,0.14,0.0009
2026-05-11 22:25:15,56,"Arakere, Bengaluru",34,0.14,0.0009
2026-05-11 22:25:03,56,"Arakere, Bengaluru",34,0.14,0.0009
2026-05-11 22:24:51,59,"Arakere, Bengaluru",36,0.14,0.0010
2026-05-11 22:24:39,56,"Arakere, Bengaluru",34,0.14,0.0009
2026-05-11 22:24:27,54,"Arakere, Bengaluru",33,0.15,0.0009
2026-05-11 22:24:15,56,"Arakere, Bengaluru",34,0.15,0.0009
2026-05-11 22:24:03,56,"Arakere, Bengaluru",34,0.15,0.0009
2026-05-11 22:23:51,59,"Arakere, Bengaluru",36,0.15,0.0010
2026-05-11 22:23:39,59,"Arakere, Bengaluru",36,0.15,0.0010
2026-05-11 22:23:27,61,"Arakere, Bengaluru",37,0.15,0.0010
2026-05-11 22:23:15,59,"Arakere, Bengaluru",36,0.15,0.0010
2026-05-11 22:23:03,56,"Arakere, Bengaluru",34,0.15,0.0009
2026-05-11 22:22:52,54,"Arakere, Bengaluru",33,0.15,0.0009
2026-05-11 22:22:40,52,"Arakere, Bengaluru",32,0.15,0.0008
2026-05-11 22:22:28,57,"Arakere, Bengaluru",35,0.15,0.0009
2026-05-11 22:22:16,56,"Arakere, Bengaluru",34,0.15,0.0009
2026-05-11 22:22:04,57,"Arakere, Bengaluru",35,0.15,0.0009
2026-05-11 22:21:52,54,"Arakere, Bengaluru",33,0.15,0.0009
2026-05-11 22:21:40,54,"Arakere, Bengaluru",33,0.15,0.0009
2026-05-11 22:21:28,54,"Arakere, Bengaluru",33,0.15,0.0009
2026-05-11 22:21:16,54,"Arakere, Bengaluru",33,0.15,0.0009
2026-05-11 22:21:15,54,"Bengaluru, Karnataka",33,0.15,0.0009
2026-05-11 22:21:15,54,"Bengaluru, Karnataka",33,0.15,0.0009
2026-05-11 22:20:52,51,"Arakere, Bengaluru",31,0.15,0.0008
2026-05-11 22:20:40,54,"Arakere, Bengaluru",33,0.15,0.0009
2026-05-11 22:20:28,56,"Arakere, Bengaluru",34,0.15,0.0009
2026-05-11 22:20:16,57,"Arakere, Bengaluru",35,0.15,0.0009
2026-05-11 22:20:04,59,"Arakere, Bengaluru",36,0.15,0.0010
2026-05-11 22:19:51,62,"Arakere, Bengaluru",38,0.15,0.0011
2026-05-11 22:19:40,62,"Arakere, Bengaluru",38,0.15,0.0011
2026-05-11 22:19:28,64,"Arakere, Bengaluru",39,0.15,0.0011
2026-05-11 22:19:16,67,"Arakere, Bengaluru",41,0.15,0.0012
2026-05-11 22:19:04,64,"Arakere, Bengaluru",39,0.15,0.0011
2026-05-11 22:18:52,66,"Arakere, Bengaluru",40,0.15,0.0011
2026-05-11 22:18:40,61,"Arakere, Bengaluru",37,0.15,0.0010
2026-05-11 22:18:28,61,"Arakere, Bengaluru",37,0.16,0.0010
2026-05-11 22:18:16,64,"Arakere, Bengaluru",39,0.16,0.0011
2026-05-11 22:18:04,64,"Arakere, Bengaluru",39,0.16,0.0011
2026-05-11 22:17:52,61,"Arakere, Bengaluru",37,0.16,0.0010
2026-05-11 22:17:40,62,"Arakere, Bengaluru",38,0.16,0.0011
2026-05-11 22:17:28,57,"Arakere, Bengaluru",35,0.16,0.0009
2026-05-11 22:17:16,59,"Arakere, Bengaluru",36,0.16,0.0010
2026-05-11 22:17:04,57,"Arakere, Bengaluru",35,0.16,0.0009
2026-05-11 22:16:52,57,"Arakere, Bengaluru",35,0.16,0.0009
2026-05-11 22:16:40,64,"Arakere, Bengaluru",39,0.16,0.0011
2026-05-11 22:16:28,72,"Arakere, Bengaluru",44,0.16,0.0013
2026-05-11 22:16:16,69,"Arakere, Bengaluru",42,0.16,0.0012
2026-05-11 22:16:10,59,"Arakere, Bengaluru",36,0.16,0.0010
2026-05-11 22:15:59,59,"Arakere, Bengaluru",36,0.16,0.0010
2026-05-11 22:15:59,59,"Arakere, Bengaluru",36,0.16,0.0010
2026-05-11 22:15:59,59,"Arakere, Bengaluru",36,0.16,0.0010
2026-05-11 22:15:58,59,"Arakere, Bengaluru",36,0.16,0.0010
2026-05-11 22:15:46,61,"Bilekahalli, Bengaluru",37,0.16,0.0010
2026-05-11 22:15:34,62,"Bilekahalli, Bengaluru",38,0.16,0.0011
2026-05-11 22:15:22,64,"Bilekahalli, Bengaluru",39,0.16,0.0011
2026-05-11 22:15:10,64,"Bilekahalli, Bengaluru",39,0.16,0.0011
2026-05-11 22:14:58,67,"Bilekahalli, Bengaluru",41,0.16,0.0012
2026-05-11 22:14:46,66,"Bilekahalli, Bengaluru",40,0.16,0.0011
2026-05-11 22:14:34,62,"Bilekahalli, Bengaluru",38,0.16,0.0011
2026-05-11 22:14:22,72,"Bilekahalli, Bengaluru",44,0.16,0.0013
2026-05-11 22:14:13,83,"Bilekahalli, Bengaluru",50,0.16,0.0015
2026-05-11 22:14:08,93,"Bilekahalli, Bengaluru",56,0.16,0.0017
2026-05-11 22:14:05,107,"Bilekahalli, Bengaluru",63,0.16,0.0020
2026-05-11 22:14:02,141,"Bilekahalli, Bengaluru",73,0.16,0.0024
2026-05-11 22:13:59,176,"Bilekahalli, Bengaluru",83,0.16,0.0028
2026-05-11 22:13:57,214,"Bilekahalli, Bengaluru",95,0.16,0.0032
2026-05-11 22:13:53,269,"Bilekahalli, Bengaluru",111,0.16,0.0038
2026-05-11 22:13:50,301,"Bilekahalli, Bengaluru",121,0.16,0.0042
2026-05-11 22:13:47,313,"Bilekahalli, Bengaluru",137,0.16,0.0048
2026-05-11 22:13:40,324,"Bilekahalli, Bengaluru",152,0.16,0.0054
2026-05-11 22:13:37,314,"Bilekahalli, Bengaluru",138,0.16,0.0048
2026-05-11 22:13:34,293,"Bilekahalli, Bengaluru",118,0.16,0.0041
2026-05-11 22:13:31,214,"Bilekahalli, Bengaluru",95,0.16,0.0032
2026-05-11 22:13:28,145,"Bilekahalli, Bengaluru",74,0.16,0.0024
2026-05-11 22:13:25,104,"Bilekahalli, Bengaluru",62,0.16,0.0020
2026-05-11 22:13:22,94,"Bilekahalli, Bengaluru",57,0.16,0.0018
2026-05-11 22:13:17,84,"Bilekahalli, Bengaluru",51,0.16,0.0016
2026-05-11 22:13:07,74,"Bilekahalli, Bengaluru",45,0.16,0.0013
2026-05-11 22:12:58,64,"Bilekahalli, Bengaluru",39,0.16,0.0011
2026-05-11 22:12:46,59,"Bilekahalli, Bengaluru",36,0.16,0.0010
2026-05-11 22:12:34,59,"Bilekahalli, Bengaluru",36,0.16,0.0010
2026-05-11 22:12:22,61,"Bilekahalli, Bengaluru",37,0.17,0.0010
2026-05-11 22:12:10,61,"Bilekahalli, Bengaluru",37,0.17,0.0010
2026-05-11 22:11:58,59,"Bilekahalli, Bengaluru",36,0.17,0.0010
2026-05-11 22:11:46,61,"Bilekahalli, Bengaluru",37,0.17,0.0010
2026-05-11 22:11:34,64,"Bilekahalli, Bengaluru",39,0.17,0.0011
2026-05-11 22:11:22,71,"Bilekahalli, Bengaluru",43,0.16,0.0013
2026-05-11 22:11:12,81,"Bilekahalli, Bengaluru",49,0.16,0.0015
2026-05-11 22:11:04,91,"Bilekahalli, Bengaluru",55,0.16,0.0017
2026-05-11 22:11:00,101,"Bilekahalli, Bengaluru",61,0.16,0.0019
2026-05-11 22:10:57,111,"Bilekahalli, Bengaluru",64,0.16,0.0020
2026-05-11 22:10:53,121,"Bilekahalli, Bengaluru",67,0.16,0.0022
2026-05-11 22:10:49,131,"Bilekahalli, Bengaluru",70,0.16,0.0023
2026-05-11 22:10:49,131,"Bilekahalli, Bengaluru",70,0.16,0.0023
2026-05-11 22:10:49,131,"Bilekahalli, Bengaluru",70,0.16,0.0023
2026-05-11 22:10:49,131,"Bilekahalli, Bengaluru",70,0.16,0.0023
2026-05-11 22:10:49,131,"Bilekahalli, Bengaluru",70,0.16,0.0023
2026-05-11 22:10:46,141,"BTM Layout Stage 2, Bengaluru",73,0.16,0.0024
2026-05-11 22:10:40,152,"BTM Layout Stage 2, Bengaluru",76,0.16,0.0025
2026-05-11 22:10:37,141,"BTM Layout Stage 2, Bengaluru",73,0.16,0.0024
2026-05-11 22:10:34,131,"BTM Layout Stage 2, Bengaluru",70,0.16,0.0023
2026-05-11 22:10:31,107,"BTM Layout Stage 2, Bengaluru",63,0.16,0.0020
2026-05-11 22:10:28,94,"BTM Layout Stage 2, Bengaluru",57,0.16,0.0018
2026-05-11 22:10:24,84,"BTM Layout Stage 2, Bengaluru",51,0.16,0.0016
2026-05-11 22:10:19,74,"BTM Layout Stage 2, Bengaluru",45,0.16,0.0013
2026-05-11 22:10:10,64,"BTM Layout Stage 2, Bengaluru",39,0.16,0.0011
2026-05-11 22:09:57,71,"BTM Layout Stage 2, Bengaluru",43,0.16,0.0013
2026-05-11 22:09:45,78,"BTM Layout Stage 2, Bengaluru",47,0.16,0.0014
2026-05-11 22:09:34,78,"BTM Layout Stage 2, Bengaluru",47,0.16,0.0014
2026-05-11 22:09:21,72,"BTM Layout Stage 2, Bengaluru",44,0.16,0.0013
2026-05-11 22:09:09,72,"BTM Layout Stage 2, Bengaluru",44,0.16,0.0013
2026-05-11 22:08:57,69,"BTM Layout Stage 2, Bengaluru",42,0.16,0.0012
2026-05-11 22:08:45,64,"BTM Layout Stage 2, Bengaluru",39,0.16,0.0011
2026-05-11 22:08:33,61,"BTM Layout Stage 2, Bengaluru",37,0.16,0.0010
2026-05-11 22:08:21,62,"BTM Layout Stage 2, Bengaluru",38,0.16,0.0011
2026-05-11 22:08:09,61,"BTM Layout Stage 2, Bengaluru",37,0.16,0.0010
2026-05-11 22:07:57,59,"BTM Layout Stage 2, Bengaluru",36,0.16,0.0010
2026-05-11 22:07:46,64,"BTM Layout Stage 2, Bengaluru",39,0.16,0.0011
2026-05-11 22:07:33,67,"BTM Layout Stage 2, Bengaluru",41,0.16,0.0012
2026-05-11 22:07:21,76,"BTM Layout Stage 2, Bengaluru",46,0.16,0.0014
2026-05-11 22:07:09,76,"BTM Layout Stage 2, Bengaluru",46,0.16,0.0014
2026-05-11 22:06:57,71,"BTM Layout Stage 2, Bengaluru",43,0.16,0.0013
2026-05-11 22:06:46,74,"BTM Layout Stage 2, Bengaluru",45,0.16,0.0013
2026-05-11 22:06:33,69,"BTM Layout Stage 2, Bengaluru",42,0.16,0.0012
2026-05-11 22:06:21,64,"BTM Layout Stage 2, Bengaluru",39,0.16,0.0011
2026-05-11 22:06:09,66,"BTM Layout Stage 2, Bengaluru",40,0.16,0.0011
2026-05-11 22:05:57,66,"BTM Layout Stage 2, Bengaluru",40,0.16,0.0011
2026-05-11 22:05:46,61,"BTM Layout Stage 2, Bengaluru",37,0.16,0.0010
2026-05-11 22:05:46,61,"BTM Layout Stage 2, Bengaluru",37,0.16,0.0010
2026-05-11 22:05:46,61,"BTM Layout Stage 2, Bengaluru",37,0.16,0.0010
2026-05-11 22:05:46,61,"BTM Layout Stage 2, Bengaluru",37,0.16,0.0010
2026-05-11 22:05:33,61,"HSR Layout, Bengaluru",37,0.16,0.0010
2026-05-11 22:05:21,61,"HSR Layout, Bengaluru",37,0.15,0.0010
2026-05-11 22:05:09,57,"HSR Layout, Bengaluru",35,0.15,0.0009
2026-05-11 22:04:57,61,"HSR Layout, Bengaluru",37,0.15,0.0010
2026-05-11 22:04:45,64,"HSR Layout, Bengaluru",39,0.15,0.0011
2026-05-11 22:04:33,64,"HSR Layout, Bengaluru",39,0.15,0.0011
2026-05-11 22:04:21,69,"HSR Layout, Bengaluru",42,0.16,0.0012
2026-05-11 22:04:10,64,"HSR Layout, Bengaluru",39,0.16,0.0011
2026-05-11 22:03:57,66,"HSR Layout, Bengaluru",40,0.16,0.0011
2026-05-11 22:03:45,61,"HSR Layout, Bengaluru",37,0.16,0.0010
2026-05-11 22:03:33,62,"HSR Layout, Bengaluru",38,0.16,0.0011
2026-05-11 22:03:21,62,"HSR Layout, Bengaluru",38,0.16,0.0011
2026-05-11 22:03:10,64,"HSR Layout, Bengaluru",39,0.16,0.0011
2026-05-11 22:02:57,69,"HSR Layout, Bengaluru",42,0.16,0.0012
2026-05-11 22:02:46,74,"HSR Layout, Bengaluru",45,0.16,0.0013
2026-05-11 22:02:33,69,"HSR Layout, Bengaluru",42,0.16,0.0012
2026-05-11 22:02:21,62,"HSR Layout, Bengaluru",38,0.17,0.0011
2026-05-11 22:02:09,66,"HSR Layout, Bengaluru",40,0.17,0.0011
2026-05-11 22:01:58,62,"HSR Layout, Bengaluru",38,0.17,0.0011
2026-05-11 22:01:45,67,"HSR Layout, Bengaluru",41,0.17,0.0012
2026-05-11 22:01:33,67,"HSR Layout, Bengaluru",41,0.17,0.0012
2026-05-11 22:01:21,69,"HSR Layout, Bengaluru",42,0.17,0.0012
2026-05-11 22:01:09,72,"HSR Layout, Bengaluru",44,0.17,0.0013
2026-05-11 22:00:57,74,"HSR Layout, Bengaluru",45,0.17,0.0013
2026-05-11 22:00:45,72,"HSR Layout, Bengaluru",44,0.17,0.0013
2026-05-11 22:00:34,72,"HSR Layout, Bengaluru",44,0.17,0.0013
2026-05-11 22:00:34,72,"HSR Layout, Bengaluru",44,0.17,0.0013
2026-05-11 22:00:34,72,"HSR Layout, Bengaluru",44,0.17,0.0013
2026-05-11 22:00:34,72,"HSR Layout, Bengaluru",44,0.17,0.0013
2026-05-11 22:00:21,72,"HSR Layout, Bengaluru",44,0.16,0.0013
2026-05-11 22:00:09,76,"HSR Layout, Bengaluru",46,0.16,0.0014
2026-05-11 21:59:58,79,"HSR Layout, Bengaluru",48,0.16,0.0014
2026-05-11 21:59:46,72,"HSR Layout, Bengaluru",44,0.16,0.0013
2026-05-11 21:59:33,74,"HSR Layout, Bengaluru",45,0.16,0.0013
2026-05-11 21:59:21,67,"HSR Layout, Bengaluru",41,0.15,0.0012
2026-05-11 21:59:09,69,"HSR Layout, Bengaluru",42,0.15,0.0012
2026-05-11 21:58:57,69,"HSR Layout, Bengaluru",42,0.15,0.0012
2026-05-11 21:58:45,72,"HSR Layout, Bengaluru",44,0.15,0.0013
2026-05-11 21:58:33,76,"HSR Layout, Bengaluru",46,0.15,0.0014
2026-05-11 21:58:21,74,"HSR Layout, Bengaluru",45,0.14,0.0013
2026-05-11 21:58:09,76,"HSR Layout, Bengaluru",46,0.14,0.0014
2026-05-11 21:57:57,76,"HSR Layout, Bengaluru",46,0.14,0.0014
2026-05-11 21:57:45,72,"HSR Layout, Bengaluru",44,0.14,0.0013
2026-05-11 21:57:33,71,"HSR Layout, Bengaluru",43,0.14,0.0013
2026-05-11 21:57:21,72,"HSR Layout, Bengaluru",44,0.14,0.0013
2026-05-11 21:57:09,76,"HSR Layout, Bengaluru",46,0.14,0.0014
2026-05-11 21:56:58,79,"HSR Layout, Bengaluru",48,0.14,0.0014
2026-05-11 21:56:45,74,"HSR Layout, Bengaluru",45,0.14,0.0013
2026-05-11 21:56:33,67,"HSR Layout, Bengaluru",41,0.14,0.0012
2026-05-11 21:56:22,64,"HSR Layout, Bengaluru",39,0.13,0.0011
2026-05-11 21:56:09,66,"HSR Layout, Bengaluru",40,0.13,0.0011
2026-05-11 21:55:57,64,"HSR Layout, Bengaluru",39,0.13,0.0011
2026-05-11 21:55:45,64,"HSR Layout, Bengaluru",39,0.13,0.0011
2026-05-11 21:55:33,62,"HSR Layout, Bengaluru",38,0.13,0.0011
2026-05-11 21:55:21,62,"HSR Layout, Bengaluru",38,0.13,0.0011
2026-05-11 21:55:21,62,"HSR Layout, Bengaluru",38,0.13,0.0011
2026-05-11 20:32:43,52,"HSR Layout, Bengaluru",32,0.14,0.0008
2026-05-11 20:32:30,54,"HSR Layout, Bengaluru",33,0.14,0.0009
2026-05-11 20:32:16,51,"HSR Layout, Bengaluru",31,0.14,0.0008
2026-05-11 20:32:04,52,"HSR Layout, Bengaluru",32,0.14,0.0008
2026-05-11 20:31:55,51,"HSR Layout, Bengaluru",31,0.14,0.0008
2026-05-11 20:31:42,51,"HSR Layout, Bengaluru",31,0.14,0.0008
2026-05-11 20:31:34,52,"HSR Layout, Bengaluru",32,0.14,0.0008
2026-05-11 20:31:18,52,"HSR Layout, Bengaluru",32,0.14,0.0008
2026-05-11 20:31:18,52,"HSR Layout, Bengaluru",32,0.14,0.0008
2026-05-11 20:31:18,52,"HSR Layout, Bengaluru",32,0.14,0.0008
2026-05-11 20:31:18,52,"HSR Layout, Bengaluru",32,0.14,0.0008
2026-05-11 20:31:18,52,"HSR Layout, Bengaluru",32,0.14,0.0008
2026-05-11 20:31:17,52,"HSR Layout, Bengaluru",32,0.14,0.0008
2026-05-11 20:31:07,51,"HSR Layout, Bengaluru",31,0.14,0.0008
2026-05-11 20:30:55,51,"HSR Layout, Bengaluru",31,0.14,0.0008
2026-05-11 20:30:43,52,"HSR Layout, Bengaluru",32,0.14,0.0008
2026-05-11 20:30:31,52,"HSR Layout, Bengaluru",32,0.14,0.0008
2026-05-11 20:30:19,54,"HSR Layout, Bengaluru",33,0.14,0.0009
2026-05-11 20:30:07,54,"HSR Layout, Bengaluru",33,0.14,0.0009
2026-05-11 20:29:53,51,"HSR Layout, Bengaluru",31,0.14,0.0008
2026-05-11 20:29:43,52,"HSR Layout, Bengaluru",32,0.14,0.0008
2026-05-11 20:29:31,51,"HSR Layout, Bengaluru",31,0.14,0.0008
2026-05-11 20:29:19,54,"HSR Layout, Bengaluru",33,0.14,0.0009
2026-05-11 20:29:07,54,"HSR Layout, Bengaluru",33,0.14,0.0009
2026-05-11 20:28:52,51,"HSR Layout, Bengaluru",31,0.14,0.0008
2026-05-11 20:28:43,51,"HSR Layout, Bengaluru",31,0.14,0.0008
2026-05-11 20:28:31,52,"HSR Layout, Bengaluru",32,0.14,0.0008
2026-05-11 20:28:19,50,"HSR Layout, Bengaluru",30,0.14,0.0008
2026-05-11 20:28:07,52,"HSR Layout, Bengaluru",32,0.14,0.0008
2026-05-11 20:27:54,51,"HSR Layout, Bengaluru",31,0.14,0.0008
2026-05-11 20:27:43,51,"HSR Layout, Bengaluru",31,0.14,0.0008
2026-05-11 20:27:31,51,"HSR Layout, Bengaluru",31,0.14,0.0008
2026-05-11 20:27:19,52,"HSR Layout, Bengaluru",32,0.14,0.0008
2026-05-11 20:27:04,52,"HSR Layout, Bengaluru",32,0.14,0.0008
2026-05-11 20:26:55,54,"HSR Layout, Bengaluru",33,0.14,0.0009
2026-05-11 20:26:43,54,"HSR Layout, Bengaluru",33,0.14,0.0009
2026-05-11 20:26:29,52,"HSR Layout, Bengaluru",32,0.14,0.0008
2026-05-11 20:26:21,52,"HSR Layout, Bengaluru",32,0.14,0.0008
2026-05-11 20:26:10,52,"HSR Layout, Bengaluru",32,0.14,0.0008
2026-05-11 20:26:10,52,"HSR Layout, Bengaluru",32,0.14,0.0008
2026-05-11 20:26:10,52,"HSR Layout, Bengaluru",32,0.14,0.0008
2026-05-11 20:26:10,52,"HSR Layout, Bengaluru",32,0.14,0.0008
2026-05-11 20:26:07,52,"HSR Layout, Bengaluru",32,0.14,0.0008
2026-05-11 20:25:55,52,"HSR Layout, Bengaluru",32,0.14,0.0008
2026-05-11 20:25:43,52,"HSR Layout, Bengaluru",32,0.14,0.0008
2026-05-11 20:25:31,52,"HSR Layout, Bengaluru",32,0.14,0.0008
2026-05-11 20:25:16,51,"HSR Layout, Bengaluru",31,0.14,0.0008
2026-05-11 20:25:07,50,"HSR Layout, Bengaluru",30,0.14,0.0008
2026-05-11 20:24:55,51,"HSR Layout, Bengaluru",31,0.14,0.0008
2026-05-11 20:24:43,51,"HSR Layout, Bengaluru",31,0.14,0.0008
2026-05-11 20:24:31,51,"HSR Layout, Bengaluru",31,0.14,0.0008
2026-05-11 20:24:16,52,"HSR Layout, Bengaluru",32,0.14,0.0008
2026-05-11 20:24:06,51,"HSR Layout, Bengaluru",31,0.14,0.0008
2026-05-11 20:23:55,52,"HSR Layout, Bengaluru",32,0.14,0.0008
2026-05-11 20:23:43,52,"HSR Layout, Bengaluru",32,0.14,0.0008
2026-05-11 20:23:31,52,"HSR Layout, Bengaluru",32,0.14,0.0008
2026-05-11 20:23:19,51,"HSR Layout, Bengaluru",31,0.14,0.0008
2026-05-11 20:23:07,50,"HSR Layout, Bengaluru",30,0.14,0.0008
2026-05-11 20:22:55,51,"HSR Layout, Bengaluru",31,0.14,0.0008
2026-05-11 20:22:43,52,"HSR Layout, Bengaluru",32,0.14,0.0008
2026-05-11 20:22:28,51,"HSR Layout, Bengaluru",31,0.14,0.0008
2026-05-11 20:22:16,52,"HSR Layout, Bengaluru",32,0.14,0.0008
2026-05-11 20:22:06,54,"HSR Layout, Bengaluru",33,0.14,0.0009
2026-05-11 20:21:55,51,"HSR Layout, Bengaluru",31,0.14,0.0008
2026-05-11 20:21:43,52,"HSR Layout, Bengaluru",32,0.14,0.0008
2026-05-11 20:21:30,51,"HSR Layout, Bengaluru",31,0.14,0.0008
2026-05-11 20:21:21,52,"HSR Layout, Bengaluru",32,0.14,0.0008
2026-05-11 20:21:11,54,"HSR Layout, Bengaluru",33,0.14,0.0009
2026-05-11 20:20:58,52,"HSR Layout, Bengaluru",32,0.14,0.0008
2026-05-11 20:20:58,52,"HSR Layout, Bengaluru",32,0.14,0.0008
2026-05-11 20:20:58,52,"HSR Layout, Bengaluru",32,0.14,0.0008
2026-05-11 20:20:58,52,"HSR Layout, Bengaluru",32,0.14,0.0008
2026-05-11 20:20:58,52,"HSR Layout, Bengaluru",32,0.14,0.0008
2026-05-11 20:20:55,52,"HSR Layout, Bengaluru",32,0.14,0.0008
2026-05-11 20:20:43,52,"HSR Layout, Bengaluru",32,0.14,0.0008
2026-05-11 20:20:28,51,"HSR Layout, Bengaluru",31,0.14,0.0008
2026-05-11 20:20:19,51,"HSR Layout, Bengaluru",31,0.14,0.0008
2026-05-11 20:20:07,51,"HSR Layout, Bengaluru",31,0.14,0.0008
2026-05-11 20:19:55,51,"HSR Layout, Bengaluru",31,0.14,0.0008
2026-05-11 20:19:43,51,"HSR Layout, Bengaluru",31,0.14,0.0008
2026-05-11 20:19:31,51,"HSR Layout, Bengaluru",31,0.14,0.0008
2026-05-11 20:19:19,51,"HSR Layout, Bengaluru",31,0.14,0.0008
2026-05-11 20:19:07,48,"HSR Layout, Bengaluru",29,0.14,0.0007
2026-05-11 20:18:55,48,"HSR Layout, Bengaluru",29,0.14,0.0007
2026-05-11 20:18:42,50,"HSR Layout, Bengaluru",30,0.14,0.0008
2026-05-11 20:18:31,52,"HSR Layout, Bengaluru",32,0.14,0.0008
2026-05-11 20:18:19,51,"HSR Layout, Bengaluru",31,0.14,0.0008
2026-05-11 20:18:04,51,"HSR Layout, Bengaluru",31,0.14,0.0008
2026-05-11 20:17:52,51,"HSR Layout, Bengaluru",31,0.14,0.0008
2026-05-11 20:17:43,52,"HSR Layout, Bengaluru",32,0.14,0.0008
2026-05-11 20:17:31,52,"HSR Layout, Bengaluru",32,0.14,0.0008
2026-05-11 20:17:19,50,"HSR Layout, Bengaluru",30,0.14,0.0008
2026-05-11 20:17:07,52,"HSR Layout, Bengaluru",32,0.14,0.0008
2026-05-11 20:16:55,51,"HSR Layout, Bengaluru",31,0.14,0.0008
2026-05-11 20:16:43,52,"HSR Layout, Bengaluru",32,0.14,0.0008
2026-05-11 20:16:31,51,"HSR Layout, Bengaluru",31,0.14,0.0008
2026-05-11 20:16:19,52,"HSR Layout, Bengaluru",32,0.14,0.0008
2026-05-11 20:16:07,48,"HSR Layout, Bengaluru",29,0.14,0.0007
2026-05-11 20:15:57,52,"HSR Layout, Bengaluru",32,0.14,0.0008
2026-05-11 20:15:46,52,"HSR Layout, Bengaluru",32,0.14,0.0008
2026-05-11 20:15:46,52,"HSR Layout, Bengaluru",32,0.14,0.0008
2026-05-11 20:15:46,52,"HSR Layout, Bengaluru",32,0.14,0.0008
2026-05-11 20:15:43,52,"HSR Layout, Bengaluru",32,0.14,0.0008
2026-05-11 20:15:31,52,"HSR Layout, Bengaluru",32,0.14,0.0008
2026-05-11 20:15:16,52,"HSR Layout, Bengaluru",32,0.14,0.0008
2026-05-11 20:15:07,51,"HSR Layout, Bengaluru",31,0.14,0.0008
2026-05-11 20:14:55,52,"HSR Layout, Bengaluru",32,0.14,0.0008
2026-05-11 20:14:42,52,"HSR Layout, Bengaluru",32,0.14,0.0008
2026-05-11 20:14:31,52,"HSR Layout, Bengaluru",32,0.13,0.0008
2026-05-11 20:14:19,52,"HSR Layout, Bengaluru",32,0.13,0.0008
2026-05-11 20:14:07,52,"HSR Layout, Bengaluru",32,0.13,0.0008
2026-05-11 20:13:55,52,"HSR Layout, Bengaluru",32,0.13,0.0008
2026-05-11 20:13:40,51,"HSR Layout, Bengaluru",31,0.13,0.0008
2026-05-11 20:13:31,54,"HSR Layout, Bengaluru",33,0.13,0.0009
2026-05-11 20:13:16,54,"HSR Layout, Bengaluru",33,0.13,0.0009
2026-05-11 20:13:07,52,"HSR Layout, Bengaluru",32,0.13,0.0008
2026-05-11 20:12:55,54,"HSR Layout, Bengaluru",33,0.13,0.0009
2026-05-11 20:12:40,54,"HSR Layout, Bengaluru",33,0.13,0.0009
2026-05-11 20:12:31,52,"HSR Layout, Bengaluru",32,0.13,0.0008
2026-05-11 20:12:19,51,"HSR Layout, Bengaluru",31,0.13,0.0008
2026-05-11 20:12:04,51,"HSR Layout, Bengaluru",31,0.13,0.0008
2026-05-11 20:11:55,52,"HSR Layout, Bengaluru",32,0.13,0.0008
2026-05-11 20:11:43,51,"HSR Layout, Bengaluru",31,0.13,0.0008
2026-05-11 20:11:28,52,"HSR Layout, Bengaluru",32,0.13,0.0008
2026-05-11 20:11:19,51,"HSR Layout, Bengaluru",31,0.13,0.0008
2026-05-11 20:11:07,51,"HSR Layout, Bengaluru",31,0.13,0.0008
2026-05-11 20:10:54,52,"HSR Layout, Bengaluru",32,0.13,0.0008
2026-05-11 20:10:46,52,"HSR Layout, Bengaluru",32,0.13,0.0008
2026-05-11 20:10:34,52,"HSR Layout, Bengaluru",32,0.14,0.0008
2026-05-11 20:10:34,52,"HSR Layout, Bengaluru",32,0.14,0.0008
2026-05-11 20:10:34,52,"HSR Layout, Bengaluru",32,0.14,0.0008
2026-05-11 20:10:31,52,"HSR Layout, Bengaluru",32,0.14,0.0008
2026-05-11 20:10:19,51,"HSR Layout, Bengaluru",31,0.14,0.0008
2026-05-11 20:10:04,50,"HSR Layout, Bengaluru",30,0.14,0.0008
2026-05-11 20:09:55,51,"HSR Layout, Bengaluru",31,0.14,0.0008
2026-05-11 20:09:40,51,"HSR Layout, Bengaluru",31,0.14,0.0008
2026-05-11 20:09:31,48,"HSR Layout, Bengaluru",29,0.13,0.0007
2026-05-11 20:09:16,51,"HSR Layout, Bengaluru",31,0.13,0.0008
2026-05-11 20:09:07,52,"HSR Layout, Bengaluru",32,0.13,0.0008
2026-05-11 20:08:55,51,"HSR Layout, Bengaluru",31,0.13,0.0008
2026-05-11 20:08:43,51,"HSR Layout, Bengaluru",31,0.13,0.0008
2026-05-11 20:08:31,50,"HSR Layout, Bengaluru",30,0.13,0.0008
2026-05-11 20:08:19,48,"HSR Layout, Bengaluru",29,0.13,0.0007
2026-05-11 20:08:07,50,"HSR Layout, Bengaluru",30,0.13,0.0008
2026-05-11 20:07:54,51,"HSR Layout, Bengaluru",31,0.13,0.0008
2026-05-11 20:07:43,48,"HSR Layout, Bengaluru",29,0.13,0.0007
2026-05-11 20:07:29,51,"HSR Layout, Bengaluru",31,0.14,0.0008
2026-05-11 20:07:16,51,"HSR Layout, Bengaluru",31,0.14,0.0008
2026-05-11 20:07:07,50,"HSR Layout, Bengaluru",30,0.14,0.0008
2026-05-11 20:06:55,50,"HSR Layout, Bengaluru",30,0.14,0.0008
2026-05-11 20:06:43,50,"HSR Layout, Bengaluru",30,0.14,0.0008
2026-05-11 20:06:31,50,"HSR Layout, Bengaluru",30,0.14,0.0008
2026-05-11 20:06:19,48,"HSR Layout, Bengaluru",29,0.14,0.0007
2026-05-11 20:06:04,48,"HSR Layout, Bengaluru",29,0.14,0.0007
2026-05-11 20:05:52,51,"HSR Layout, Bengaluru",31,0.14,0.0008
2026-05-11 20:05:40,50,"HSR Layout, Bengaluru",30,0.14,0.0008
2026-05-11 20:05:28,50,"HSR Layout, Bengaluru",30,0.13,0.0008
2026-05-11 20:05:16,51,"HSR Layout, Bengaluru",31,0.13,0.0008
2026-05-11 20:05:04,51,"HSR Layout, Bengaluru",31,0.13,0.0008
2026-05-11 20:04:52,51,"HSR Layout, Bengaluru",31,0.13,0.0008
2026-05-11 20:04:40,50,"HSR Layout, Bengaluru",30,0.13,0.0008
2026-05-11 20:04:28,51,"HSR Layout, Bengaluru",31,0.13,0.0008
2026-05-11 20:04:16,52,"HSR Layout, Bengaluru",32,0.13,0.0008
2026-05-11 20:04:04,51,"HSR Layout, Bengaluru",31,0.13,0.0008
2026-05-11 20:03:52,51,"HSR Layout, Bengaluru",31,0.13,0.0008
2026-05-11 20:03:40,51,"HSR Layout, Bengaluru",31,0.13,0.0008
2026-05-11 20:03:28,51,"HSR Layout, Bengaluru",31,0.14,0.0008
2026-05-11 20:03:16,51,"HSR Layout, Bengaluru",31,0.14,0.0008
2026-05-11 20:03:04,51,"HSR Layout, Bengaluru",31,0.14,0.0008
2026-05-11 20:02:52,50,"HSR Layout, Bengaluru",30,0.14,0.0008
2026-05-11 20:02:40,50,"HSR Layout, Bengaluru",30,0.14,0.0008
2026-05-11 20:02:28,48,"HSR Layout, Bengaluru",29,0.14,0.0007
2026-05-11 20:02:16,50,"HSR Layout, Bengaluru",30,0.14,0.0008
2026-05-11 20:02:04,48,"HSR Layout, Bengaluru",29,0.14,0.0007
2026-05-11 20:01:52,50,"HSR Layout, Bengaluru",30,0.14,0.0008
2026-05-11 20:01:40,51,"HSR Layout, Bengaluru",31,0.14,0.0008
2026-05-11 20:01:28,51,"HSR Layout, Bengaluru",31,0.14,0.0008
2026-05-11 20:01:16,51,"HSR Layout, Bengaluru",31,0.14,0.0008
2026-05-11 20:01:04,50,"HSR Layout, Bengaluru",30,0.14,0.0008
2026-05-11 20:00:52,52,"HSR Layout, Bengaluru",32,0.14,0.0008
2026-05-11 20:00:40,51,"HSR Layout, Bengaluru",31,0.14,0.0008
2026-05-11 20:00:28,54,"HSR Layout, Bengaluru",33,0.13,0.0009
2026-05-11 20:00:16,61,"HSR Layout, Bengaluru",37,0.13,0.0010
2026-05-11 20:00:04,71,"HSR Layout, Bengaluru",43,0.13,0.0013
2026-05-11 19:59:58,81,"HSR Layout, Bengaluru",49,0.13,0.0015
2026-05-11 19:59:55,91,"HSR Layout, Bengaluru",55,0.13,0.0017
2026-05-11 19:59:52,104,"HSR Layout, Bengaluru",62,0.13,0.0020
2026-05-11 19:59:49,145,"HSR Layout, Bengaluru",74,0.13,0.0024
2026-05-11 19:59:46,186,"HSR Layout, Bengaluru",86,0.13,0.0029
2026-05-11 19:59:43,241,"HSR Layout, Bengaluru",103,0.13,0.0035
2026-05-11 19:59:40,301,"HSR Layout, Bengaluru",122,0.13,0.0042
2026-05-11 19:59:37,320,"HSR Layout, Bengaluru",147,0.13,0.0052
2026-05-11 19:59:34,336,"HSR Layout, Bengaluru",167,0.13,0.0059
2026-05-11 19:59:29,348,"HSR Layout, Bengaluru",183,0.13,0.0066
2026-05-11 19:59:26,310,"HSR Layout, Bengaluru",134,0.13,0.0047
2026-05-11 19:59:23,155,"HSR Layout, Bengaluru",77,0.13,0.0025
2026-05-11 19:59:20,72,"HSR Layout, Bengaluru",44,0.13,0.0013
2026-05-11 19:59:08,48,"HSR Layout, Bengaluru",29,0.13,0.0007
2026-05-11 19:58:56,48,"HSR Layout, Bengaluru",29,0.13,0.0007
2026-05-11 19:58:44,50,"HSR Layout, Bengaluru",30,0.13,0.0008
2026-05-11 19:58:35,48,"HSR Layout, Bengaluru",29,0.13,0.0007
2026-05-11 19:58:20,48,"HSR Layout, Bengaluru",29,0.14,0.0007
2026-05-11 19:58:12,51,"HSR Layout, Bengaluru",31,0.14,0.0008
2026-05-11 19:57:56,51,"HSR Layout, Bengaluru",31,0.14,0.0008
2026-05-11 19:57:48,52,"HSR Layout, Bengaluru",32,0.14,0.0008
2026-05-11 19:57:32,51,"HSR Layout, Bengaluru",31,0.14,0.0008
2026-05-11 19:57:20,50,"HSR Layout, Bengaluru",30,0.14,0.0008
2026-05-11 19:57:08,51,"HSR Layout, Bengaluru",31,0.14,0.0008
2026-05-11 19:56:56,50,"HSR Layout, Bengaluru",30,0.14,0.0008
2026-05-11 19:56:44,50,"HSR Layout, Bengaluru",30,0.14,0.0008
2026-05-11 19:56:32,50,"HSR Layout, Bengaluru",30,0.14,0.0008
2026-05-11 19:56:24,48,"HSR Layout, Bengaluru",29,0.13,0.0007
2026-05-11 19:56:12,51,"HSR Layout, Bengaluru",31,0.13,0.0008
2026-05-11 19:55:58,51,"HSR Layout, Bengaluru",31,0.13,0.0008
2026-05-11 19:55:49,50,"HSR Layout, Bengaluru",30,0.13,0.0008
2026-05-11 19:55:34,51,"HSR Layout, Bengaluru",31,0.13,0.0008
2026-05-11 19:55:22,51,"HSR Layout, Bengaluru",31,0.13,0.0008
2026-05-11 19:55:14,48,"HSR Layout, Bengaluru",29,0.13,0.0007
2026-05-11 19:55:02,50,"HSR Layout, Bengaluru",30,0.13,0.0008
2026-05-11 19:55:02,50,"HSR Layout, Bengaluru",30,0.13,0.0008
2026-05-11 19:55:02,50,"HSR Layout, Bengaluru",30,0.13,0.0008
2026-05-11 19:55:00,50,"HSR Layout, Bengaluru",30,0.13,0.0008
2026-05-11 19:54:48,51,"HSR Layout, Bengaluru",31,0.13,0.0008
2026-05-11 19:54:36,52,"HSR Layout, Bengaluru",32,0.13,0.0008
2026-05-11 19:54:24,50,"HSR Layout, Bengaluru",30,0.14,0.0008
2026-05-11 19:54:11,50,"HSR Layout, Bengaluru",30,0.14,0.0008
2026-05-11 19:54:00,50,"HSR Layout, Bengaluru",30,0.14,0.0008
2026-05-11 19:53:48,50,"HSR Layout, Bengaluru",30,0.14,0.0008
2026-05-11 19:53:36,50,"HSR Layout, Bengaluru",30,0.14,0.0008
2026-05-11 19:53:24,50,"HSR Layout, Bengaluru",30,0.13,0.0008
2026-05-11 19:53:12,51,"HSR Layout, Bengaluru",31,0.13,0.0008
2026-05-11 19:53:00,52,"HSR Layout, Bengaluru",32,0.13,0.0008
2026-05-11 19:52:48,50,"HSR Layout, Bengaluru",30,0.13,0.0008
2026-05-11 19:52:35,48,"HSR Layout, Bengaluru",29,0.13,0.0007
2026-05-11 19:52:24,50,"HSR Layout, Bengaluru",30,0.13,0.0008
2026-05-11 19:52:08,52,"HSR Layout, Bengaluru",32,0.13,0.0008
2026-05-11 19:51:59,50,"HSR Layout, Bengaluru",30,0.13,0.0008
2026-05-11 19:51:48,51,"HSR Layout, Bengaluru",31,0.13,0.0008
2026-05-11 19:51:32,51,"HSR Layout, Bengaluru",31,0.13,0.0008
2026-05-11 19:51:23,51,"HSR Layout, Bengaluru",31,0.13,0.0008
2026-05-11 19:51:11,51,"HSR Layout, Bengaluru",31,0.13,0.0008
2026-05-11 19:51:00,51,"HSR Layout, Bengaluru",31,0.13,0.0008
2026-05-11 19:50:48,50,"HSR Layout, Bengaluru",30,0.13,0.0008
2026-05-11 19:50:36,48,"HSR Layout, Bengaluru",29,0.13,0.0007
2026-05-11 19:50:22,46,"HSR Layout, Bengaluru",28,0.13,0.0007
2026-05-11 19:50:14,46,"HSR Layout, Bengaluru",28,0.13,0.0007
2026-05-11 19:50:03,46,"HSR Layout, Bengaluru",28,0.13,0.0007
2026-05-11 19:49:50,48,"HSR Layout, Bengaluru",29,0.13,0.0007
2026-05-11 19:49:50,48,"HSR Layout, Bengaluru",29,0.13,0.0007
2026-05-11 19:49:50,48,"HSR Layout, Bengaluru",29,0.13,0.0007
2026-05-11 19:49:50,48,"HSR Layout, Bengaluru",29,0.13,0.0007
2026-05-11 19:49:48,48,"HSR Layout, Bengaluru",29,0.13,0.0007
2026-05-11 19:49:36,50,"HSR Layout, Bengaluru",30,0.13,0.0008
2026-05-11 19:49:23,50,"HSR Layout, Bengaluru",30,0.14,0.0008
2026-05-11 19:49:11,48,"HSR Layout, Bengaluru",29,0.14,0.0007
2026-05-11 19:49:00,48,"HSR Layout, Bengaluru",29,0.14,0.0007
2026-05-11 19:48:47,48,"HSR Layout, Bengaluru",29,0.14,0.0007
2026-05-11 19:48:36,50,"HSR Layout, Bengaluru",30,0.14,0.0008
2026-05-11 19:48:23,48,"HSR Layout, Bengaluru",29,0.13,0.0007
2026-05-11 19:48:12,50,"HSR Layout, Bengaluru",30,0.13,0.0008
2026-05-11 19:48:00,50,"HSR Layout, Bengaluru",30,0.13,0.0008
2026-05-11 19:47:47,50,"HSR Layout, Bengaluru",30,0.13,0.0008
2026-05-11 19:47:36,48,"HSR Layout, Bengaluru",29,0.13,0.0007
2026-05-11 19:47:23,48,"HSR Layout, Bengaluru",29,0.13,0.0007
2026-05-11 19:47:12,50,"HSR Layout, Bengaluru",30,0.13,0.0008
2026-05-11 19:46:59,48,"HSR Layout, Bengaluru",29,0.13,0.0007
2026-05-11 19:46:47,48,"HSR Layout, Bengaluru",29,0.13,0.0007
2026-05-11 19:46:36,46,"HSR Layout, Bengaluru",28,0.13,0.0007
2026-05-11 19:46:23,50,"HSR Layout, Bengaluru",30,0.14,0.0008
2026-05-11 19:46:12,50,"HSR Layout, Bengaluru",30,0.14,0.0008
2026-05-11 19:45:59,50,"HSR Layout, Bengaluru",30,0.14,0.0008
2026-05-11 19:45:48,46,"HSR Layout, Bengaluru",28,0.14,0.0007
2026-05-11 19:45:36,50,"HSR Layout, Bengaluru",30,0.14,0.0008
2026-05-11 19:45:23,50,"HSR Layout, Bengaluru",30,0.14,0.0008
2026-05-11 19:45:12,48,"HSR Layout, Bengaluru",29,0.14,0.0007
2026-05-11 19:44:58,45,"HSR Layout, Bengaluru",27,0.14,0.0006
2026-05-11 19:44:50,48,"HSR Layout, Bengaluru",29,0.14,0.0007
2026-05-11 19:44:38,48,"HSR Layout, Bengaluru",29,0.14,0.0007
2026-05-11 19:44:38,48,"HSR Layout, Bengaluru",29,0.14,0.0007
2026-05-11 19:44:38,48,"HSR Layout, Bengaluru",29,0.14,0.0007
2026-05-11 19:44:36,48,"HSR Layout, Bengaluru",29,0.14,0.0007
2026-05-11 19:44:24,50,"HSR Layout, Bengaluru",30,0.13,0.0008
2026-05-11 19:44:12,48,"HSR Layout, Bengaluru",29,0.13,0.0007
2026-05-11 19:43:59,50,"HSR Layout, Bengaluru",30,0.13,0.0008
2026-05-11 19:43:47,48,"HSR Layout, Bengaluru",29,0.13,0.0007
2026-05-11 19:43:36,48,"HSR Layout, Bengaluru",29,0.13,0.0007
2026-05-11 19:43:23,45,"HSR Layout, Bengaluru",27,0.13,0.0006
2026-05-11 19:43:11,48,"HSR Layout, Bengaluru",29,0.13,0.0007
2026-05-11 19:42:59,48,"HSR Layout, Bengaluru",29,0.13,0.0007
2026-05-11 19:42:47,48,"HSR Layout, Bengaluru",29,0.13,0.0007
2026-05-11 19:42:36,45,"HSR Layout, Bengaluru",27,0.13,0.0006
2026-05-11 19:42:24,45,"HSR Layout, Bengaluru",27,0.14,0.0006
2026-05-11 19:42:12,46,"HSR Layout, Bengaluru",28,0.14,0.0007
2026-05-11 19:42:00,46,"HSR Layout, Bengaluru",28,0.14,0.0007
2026-05-11 19:41:48,46,"HSR Layout, Bengaluru",28,0.14,0.0007
2026-05-11 19:41:35,48,"HSR Layout, Bengaluru",29,0.14,0.0007
2026-05-11 19:41:20,50,"HSR Layout, Bengaluru",30,0.14,0.0008
2026-05-11 19:41:08,50,"HSR Layout, Bengaluru",30,0.14,0.0008
2026-05-11 19:41:00,48,"HSR Layout, Bengaluru",29,0.14,0.0007
2026-05-11 19:40:47,50,"HSR Layout, Bengaluru",30,0.14,0.0008
2026-05-11 19:40:35,50,"HSR Layout, Bengaluru",30,0.14,0.0008
2026-05-11 19:40:23,50,"HSR Layout, Bengaluru",30,0.14,0.0008
2026-05-11 19:40:12,48,"HSR Layout, Bengaluru",29,0.14,0.0007
2026-05-11 19:39:58,48,"HSR Layout, Bengaluru",29,0.14,0.0007
2026-05-11 19:39:44,48,"HSR Layout, Bengaluru",29,0.14,0.0007
2026-05-11 19:39:32,48,"HSR Layout, Bengaluru",29,0.14,0.0007
2026-05-11 19:39:21,46,"HSR Layout, Bengaluru",28,0.14,0.0007
2026-05-11 19:39:21,46,"HSR Layout, Bengaluru",28,0.14,0.0007
2026-05-11 19:39:21,46,"HSR Layout, Bengaluru",28,0.14,0.0007
2026-05-11 19:39:21,46,"HSR Layout, Bengaluru",28,0.14,0.0007
2026-05-11 19:39:08,46,"HSR Layout, Bengaluru",28,0.14,0.0007
2026-05-11 19:38:59,48,"HSR Layout, Bengaluru",29,0.14,0.0007
2026-05-11 19:38:47,48,"HSR Layout, Bengaluru",29,0.14,0.0007
2026-05-11 19:38:35,45,"HSR Layout, Bengaluru",27,0.14,0.0006
2026-05-11 19:38:22,48,"HSR Layout, Bengaluru",29,0.14,0.0007
2026-05-11 19:38:11,46,"HSR Layout, Bengaluru",28,0.14,0.0007
2026-05-11 19:37:56,46,"HSR Layout, Bengaluru",28,0.14,0.0007
2026-05-11 19:37:47,45,"HSR Layout, Bengaluru",27,0.14,0.0006
2026-05-11 19:37:36,46,"HSR Layout, Bengaluru",28,0.14,0.0007
2026-05-11 19:37:24,48,"HSR Layout, Bengaluru",29,0.14,0.0007
2026-05-11 19:37:11,43,"HSR Layout, Bengaluru",26,0.14,0.0006
2026-05-11 19:36:59,43,"HSR Layout, Bengaluru",26,0.14,0.0006
2026-05-11 19:36:47,50,"HSR Layout, Bengaluru",30,0.14,0.0008
2026-05-11 19:36:35,48,"HSR Layout, Bengaluru",29,0.14,0.0007
2026-05-11 19:36:23,48,"HSR Layout, Bengaluru",29,0.14,0.0007
2026-05-11 19:36:11,48,"HSR Layout, Bengaluru",29,0.14,0.0007
2026-05-11 19:35:59,46,"HSR Layout, Bengaluru",28,0.14,0.0007
2026-05-11 19:35:47,46,"HSR Layout, Bengaluru",28,0.14,0.0007
2026-05-11 19:35:32,46,"HSR Layout, Bengaluru",28,0.14,0.0007
2026-05-11 19:35:20,45,"HSR Layout, Bengaluru",27,0.14,0.0006
2026-05-11 19:35:08,46,"HSR Layout, Bengaluru",28,0.14,0.0007
2026-05-11 19:34:56,46,"HSR Layout, Bengaluru",28,0.14,0.0007
2026-05-11 19:34:44,45,"HSR Layout, Bengaluru",27,0.14,0.0006
2026-05-11 19:34:32,45,"HSR Layout, Bengaluru",27,0.14,0.0006
2026-05-11 19:34:20,48,"HSR Layout, Bengaluru",29,0.14,0.0007
2026-05-11 19:34:08,48,"HSR Layout, Bengaluru",29,0.14,0.0007
2026-05-11 19:33:56,48,"HSR Layout, Bengaluru",29,0.14,0.0007
2026-05-11 19:33:44,51,"HSR Layout, Bengaluru",31,0.14,0.0008
2026-05-11 19:33:32,51,"HSR Layout, Bengaluru",31,0.14,0.0008
2026-05-11 19:33:20,50,"HSR Layout, Bengaluru",30,0.14,0.0008
2026-05-11 19:33:08,50,"HSR Layout, Bengaluru",30,0.14,0.0008
2026-05-11 19:32:56,48,"HSR Layout, Bengaluru",29,0.14,0.0007
2026-05-11 19:32:44,48,"HSR Layout, Bengaluru",29,0.14,0.0007
2026-05-11 19:32:32,50,"HSR Layout, Bengaluru",30,0.14,0.0008
2026-05-11 19:32:20,48,"HSR Layout, Bengaluru",29,0.14,0.0007
2026-05-11 19:32:08,48,"HSR Layout, Bengaluru",29,0.14,0.0007
2026-05-11 19:31:56,48,"HSR Layout, Bengaluru",29,0.14,0.0007
2026-05-11 19:31:44,46,"HSR Layout, Bengaluru",28,0.14,0.0007
2026-05-11 19:31:32,50,"HSR Layout, Bengaluru",30,0.14,0.0008
2026-05-11 19:31:20,46,"HSR Layout, Bengaluru",28,0.13,0.0007
2026-05-11 19:31:08,45,"HSR Layout, Bengaluru",27,0.13,0.0006
2026-05-11 19:30:56,46,"HSR Layout, Bengaluru",28,0.13,0.0007
2026-05-11 19:30:44,50,"HSR Layout, Bengaluru",30,0.13,0.0008
2026-05-11 19:30:32,48,"HSR Layout, Bengaluru",29,0.13,0.0007
2026-05-11 19:30:20,45,"HSR Layout, Bengaluru",27,0.14,0.0006
2026-05-11 19:30:11,45,"HSR Layout, Bengaluru",27,0.14,0.0006
2026-05-11 19:29:59,48,"HSR Layout, Bengaluru",29,0.14,0.0007
2026-05-11 19:29:47,50,"HSR Layout, Bengaluru",30,0.14,0.0008
2026-05-11 19:29:35,50,"HSR Layout, Bengaluru",30,0.14,0.0008
2026-05-11 19:29:23,50,"HSR Layout, Bengaluru",30,0.14,0.0008
2026-05-11 19:29:10,50,"HSR Layout, Bengaluru",30,0.14,0.0008
2026-05-11 19:29:10,50,"HSR Layout, Bengaluru",30,0.14,0.0008
2026-05-11 19:29:10,50,"HSR Layout, Bengaluru",30,0.14,0.0008
2026-05-11 19:29:10,50,"HSR Layout, Bengaluru",30,0.14,0.0008
2026-05-11 19:29:10,50,"HSR Layout, Bengaluru",30,0.14,0.0008
2026-05-11 19:28:59,46,"HSR Layout, Bengaluru",28,0.14,0.0007
2026-05-11 19:28:47,50,"HSR Layout, Bengaluru",30,0.14,0.0008
2026-05-11 19:28:32,50,"HSR Layout, Bengaluru",30,0.14,0.0008
2026-05-11 19:28:24,50,"HSR Layout, Bengaluru",30,0.14,0.0008
2026-05-11 19:28:08,50,"HSR Layout, Bengaluru",30,0.14,0.0008
2026-05-11 19:27:59,50,"HSR Layout, Bengaluru",30,0.14,0.0008
2026-05-11 19:27:46,50,"HSR Layout, Bengaluru",30,0.14,0.0008
2026-05-11 19:27:36,48,"HSR Layout, Bengaluru",29,0.14,0.0007
2026-05-11 19:27:23,48,"HSR Layout, Bengaluru",29,0.13,0.0007
2026-05-11 19:27:09,50,"HSR Layout, Bengaluru",30,0.13,0.0008
2026-05-11 19:26:56,50,"HSR Layout, Bengaluru",30,0.13,0.0008
2026-05-11 19:26:47,46,"HSR Layout, Bengaluru",28,0.13,0.0007
2026-05-11 19:26:32,46,"HSR Layout, Bengaluru",28,0.13,0.0007
2026-05-11 19:26:23,46,"HSR Layout, Bengaluru",28,0.13,0.0007
2026-05-11 19:26:11,45,"HSR Layout, Bengaluru",27,0.13,0.0006
2026-05-11 19:25:59,46,"HSR Layout, Bengaluru",28,0.13,0.0007
2026-05-11 19:25:47,46,"HSR Layout, Bengaluru",28,0.13,0.0007
2026-05-11 19:25:35,43,"HSR Layout, Bengaluru",26,0.13,0.0006
2026-05-11 19:25:23,45,"HSR Layout, Bengaluru",27,0.14,0.0006
2026-05-11 19:25:11,46,"HSR Layout, Bengaluru",28,0.14,0.0007
2026-05-11 19:24:59,48,"HSR Layout, Bengaluru",29,0.14,0.0007
2026-05-11 19:24:47,50,"HSR Layout, Bengaluru",30,0.14,0.0008
2026-05-11 19:24:35,50,"HSR Layout, Bengaluru",30,0.14,0.0008
2026-05-11 19:24:22,50,"HSR Layout, Bengaluru",30,0.13,0.0008
2026-05-11 19:24:14,46,"HSR Layout, Bengaluru",28,0.13,0.0007
2026-05-11 19:24:02,46,"HSR Layout, Bengaluru",28,0.13,0.0007
2026-05-11 19:24:02,46,"HSR Layout, Bengaluru",28,0.13,0.0007
2026-05-11 19:24:02,46,"HSR Layout, Bengaluru",28,0.13,0.0007
2026-05-11 19:24:02,46,"HSR Layout, Bengaluru",28,0.13,0.0007
2026-05-11 19:24:00,46,"HSR Layout, Bengaluru",28,0.13,0.0007
2026-05-11 19:23:47,45,"HSR Layout, Bengaluru",27,0.13,0.0006
2026-05-11 19:23:35,45,"HSR Layout, Bengaluru",27,0.13,0.0006
2026-05-11 19:23:23,50,"HSR Layout, Bengaluru",30,0.13,0.0008
2026-05-11 19:23:11,46,"HSR Layout, Bengaluru",28,0.13,0.0007
2026-05-11 19:22:59,48,"HSR Layout, Bengaluru",29,0.13,0.0007
2026-05-11 19:22:44,50,"HSR Layout, Bengaluru",30,0.13,0.0008
2026-05-11 19:22:35,48,"HSR Layout, Bengaluru",29,0.13,0.0007
2026-05-11 19:22:23,48,"HSR Layout, Bengaluru",29,0.13,0.0007
2026-05-11 19:22:11,45,"HSR Layout, Bengaluru",27,0.13,0.0006
2026-05-11 19:21:59,45,"HSR Layout, Bengaluru",27,0.13,0.0006
2026-05-11 19:21:47,45,"HSR Layout, Bengaluru",27,0.13,0.0006
2026-05-11 19:21:32,46,"HSR Layout, Bengaluru",28,0.13,0.0007
2026-05-11 19:21:23,50,"HSR Layout, Bengaluru",30,0.13,0.0008
2026-05-11 19:21:10,50,"HSR Layout, Bengaluru",30,0.13,0.0008
2026-05-11 19:20:59,46,"HSR Layout, Bengaluru",28,0.13,0.0007
2026-05-11 19:20:47,45,"HSR Layout, Bengaluru",27,0.13,0.0006
2026-05-11 19:20:35,46,"HSR Layout, Bengaluru",28,0.13,0.0007
2026-05-11 19:20:23,48,"HSR Layout, Bengaluru",29,0.14,0.0007
2026-05-11 19:20:11,48,"HSR Layout, Bengaluru",29,0.14,0.0007
2026-05-11 19:19:59,46,"HSR Layout, Bengaluru",28,0.14,0.0007
2026-05-11 19:19:47,50,"HSR Layout, Bengaluru",30,0.14,0.0008
2026-05-11 19:19:35,48,"HSR Layout, Bengaluru",29,0.14,0.0007
2026-05-11 19:19:23,46,"HSR Layout, Bengaluru",28,0.13,0.0007
2026-05-11 19:19:14,46,"HSR Layout, Bengaluru",28,0.13,0.0007
2026-05-11 19:19:04,46,"HSR Layout, Bengaluru",28,0.13,0.0007
2026-05-11 19:18:50,48,"HSR Layout, Bengaluru",29,0.13,0.0007
2026-05-11 19:18:50,48,"HSR Layout, Bengaluru",29,0.13,0.0007
2026-05-11 19:18:50,48,"HSR Layout, Bengaluru",29,0.13,0.0007
2026-05-11 19:18:50,48,"HSR Layout, Bengaluru",29,0.13,0.0007
2026-05-11 19:18:50,48,"HSR Layout, Bengaluru",29,0.13,0.0007
2026-05-11 19:18:48,48,"HSR Layout, Bengaluru",29,0.13,0.0007
2026-05-11 19:18:35,45,"HSR Layout, Bengaluru",27,0.13,0.0006
2026-05-11 19:18:23,43,"HSR Layout, Bengaluru",26,0.13,0.0006
2026-05-11 19:18:11,41,"HSR Layout, Bengaluru",25,0.13,0.0006
2026-05-11 19:18:00,46,"HSR Layout, Bengaluru",28,0.13,0.0007
2026-05-11 19:17:46,46,"HSR Layout, Bengaluru",28,0.13,0.0007
2026-05-11 19:17:35,43,"HSR Layout, Bengaluru",26,0.13,0.0006
2026-05-11 19:17:23,46,"HSR Layout, Bengaluru",28,0.14,0.0007
2026-05-11 19:17:11,45,"HSR Layout, Bengaluru",27,0.14,0.0006
2026-05-11 19:16:59,45,"HSR Layout, Bengaluru",27,0.14,0.0006
2026-05-11 19:16:47,45,"HSR Layout, Bengaluru",27,0.14,0.0006
2026-05-11 19:16:35,45,"HSR Layout, Bengaluru",27,0.14,0.0006
2026-05-11 19:16:23,50,"HSR Layout, Bengaluru",30,0.14,0.0008
2026-05-11 19:16:11,48,"HSR Layout, Bengaluru",29,0.14,0.0007
2026-05-11 19:15:59,46,"HSR Layout, Bengaluru",28,0.14,0.0007
2026-05-11 19:15:44,45,"HSR Layout, Bengaluru",27,0.14,0.0006
2026-05-11 19:15:35,45,"HSR Layout, Bengaluru",27,0.14,0.0006
2026-05-11 19:15:23,45,"HSR Layout, Bengaluru",27,0.14,0.0006
2026-05-11 19:15:11,41,"HSR Layout, Bengaluru",25,0.14,0.0006
2026-05-11 19:14:59,45,"HSR Layout, Bengaluru",27,0.14,0.0006
2026-05-11 19:14:47,45,"HSR Layout, Bengaluru",27,0.14,0.0006
2026-05-11 19:14:35,45,"HSR Layout, Bengaluru",27,0.14,0.0006
2026-05-11 19:14:23,45,"HSR Layout, Bengaluru",27,0.13,0.0006
2026-05-11 19:14:10,43,"HSR Layout, Bengaluru",26,0.13,0.0006
2026-05-11 19:14:02,45,"HSR Layout, Bengaluru",27,0.13,0.0006
2026-05-11 19:13:56,46,"HSR Layout, Bengaluru",28,0.13,0.0007
2026-05-11 19:13:38,46,"HSR Layout, Bengaluru",28,0.13,0.0007
2026-05-11 19:13:38,46,"HSR Layout, Bengaluru",28,0.13,0.0007
2026-05-11 19:13:38,46,"HSR Layout, Bengaluru",28,0.13,0.0007
2026-05-11 19:13:38,46,"HSR Layout, Bengaluru",28,0.13,0.0007
2026-05-11 19:13:38,46,"HSR Layout, Bengaluru",28,0.13,0.0007
2026-05-11 19:13:38,46,"HSR Layout, Bengaluru",28,0.13,0.0007
2026-05-11 19:13:36,46,"HSR Layout, Bengaluru",28,0.13,0.0007
2026-05-11 19:13:23,46,"HSR Layout, Bengaluru",28,0.14,0.0007
2026-05-11 19:13:11,45,"HSR Layout, Bengaluru",27,0.14,0.0006
2026-05-11 19:12:59,48,"HSR Layout, Bengaluru",29,0.14,0.0007
2026-05-11 19:12:47,45,"HSR Layout, Bengaluru",27,0.14,0.0006
2026-05-11 19:12:35,48,"HSR Layout, Bengaluru",29,0.14,0.0007
2026-05-11 19:12:23,48,"HSR Layout, Bengaluru",29,0.14,0.0007
2026-05-11 19:12:11,46,"HSR Layout, Bengaluru",28,0.14,0.0007
2026-05-11 19:11:59,43,"HSR Layout, Bengaluru",26,0.14,0.0006
2026-05-11 19:11:44,43,"HSR Layout, Bengaluru",26,0.14,0.0006
2026-05-11 19:11:35,45,"HSR Layout, Bengaluru",27,0.14,0.0006
2026-05-11 19:11:23,50,"HSR Layout, Bengaluru",30,0.14,0.0008
2026-05-11 19:11:11,50,"HSR Layout, Bengaluru",30,0.14,0.0008
2026-05-11 19:10:59,50,"HSR Layout, Bengaluru",30,0.14,0.0008
2026-05-11 19:10:47,46,"HSR Layout, Bengaluru",28,0.14,0.0007
2026-05-11 19:10:35,46,"HSR Layout, Bengaluru",28,0.14,0.0007
2026-05-11 19:10:23,50,"HSR Layout, Bengaluru",30,0.13,0.0008
2026-05-11 19:10:11,48,"HSR Layout, Bengaluru",29,0.13,0.0007
2026-05-11 19:09:59,46,"HSR Layout, Bengaluru",28,0.13,0.0007
2026-05-11 19:09:47,46,"HSR Layout, Bengaluru",28,0.13,0.0007
2026-05-11 19:09:35,48,"HSR Layout, Bengaluru",29,0.13,0.0007
2026-05-11 19:09:23,48,"HSR Layout, Bengaluru",29,0.13,0.0007
2026-05-11 19:09:08,46,"HSR Layout, Bengaluru",28,0.13,0.0007
2026-05-11 19:08:59,48,"HSR Layout, Bengaluru",29,0.13,0.0007
2026-05-11 19:08:47,45,"HSR Layout, Bengaluru",27,0.13,0.0006
2026-05-11 19:08:36,46,"HSR Layout, Bengaluru",28,0.13,0.0007
2026-05-11 19:08:26,45,"HSR Layout, Bengaluru",27,0.14,0.0006
2026-05-11 19:08:26,45,"HSR Layout, Bengaluru",27,0.14,0.0006
2026-05-11 19:08:26,45,"HSR Layout, Bengaluru",27,0.14,0.0006
2026-05-11 19:08:26,45,"HSR Layout, Bengaluru",27,0.14,0.0006
2026-05-11 19:08:24,45,"HSR Layout, Bengaluru",27,0.14,0.0006
2026-05-11 19:08:11,45,"HSR Layout, Bengaluru",27,0.14,0.0006
2026-05-11 19:07:59,45,"HSR Layout, Bengaluru",27,0.14,0.0006
2026-05-11 19:07:47,46,"HSR Layout, Bengaluru",28,0.14,0.0007
2026-05-11 19:07:32,45,"HSR Layout, Bengaluru",27,0.14,0.0006
2026-05-11 19:07:23,46,"HSR Layout, Bengaluru",28,0.14,0.0007
2026-05-11 19:07:11,45,"HSR Layout, Bengaluru",27,0.14,0.0006
2026-05-11 19:06:59,46,"HSR Layout, Bengaluru",28,0.14,0.0007
2026-05-11 19:06:44,46,"HSR Layout, Bengaluru",28,0.14,0.0007
2026-05-11 19:06:35,43,"HSR Layout, Bengaluru",26,0.14,0.0006
2026-05-11 19:06:20,38,"HSR Layout, Bengaluru",23,0.13,0.0005
2026-05-11 19:06:11,41,"HSR Layout, Bengaluru",25,0.13,0.0006
2026-05-11 19:05:56,43,"HSR Layout, Bengaluru",26,0.13,0.0006
2026-05-11 19:05:44,45,"HSR Layout, Bengaluru",27,0.13,0.0006
2026-05-11 19:05:32,45,"HSR Layout, Bengaluru",27,0.13,0.0006
2026-05-11 19:05:23,48,"HSR Layout, Bengaluru",29,0.14,0.0007
2026-05-11 19:05:08,45,"HSR Layout, Bengaluru",27,0.14,0.0006
2026-05-11 19:04:59,43,"HSR Layout, Bengaluru",26,0.14,0.0006
2026-05-11 19:04:47,41,"HSR Layout, Bengaluru",25,0.14,0.0006
2026-05-11 19:04:35,43,"HSR Layout, Bengaluru",26,0.14,0.0006
2026-05-11 19:04:22,45,"HSR Layout, Bengaluru",27,0.14,0.0006
2026-05-11 19:04:11,43,"HSR Layout, Bengaluru",26,0.14,0.0006
2026-05-11 19:03:59,41,"HSR Layout, Bengaluru",25,0.14,0.0006
2026-05-11 19:03:47,43,"HSR Layout, Bengaluru",26,0.14,0.0006
2026-05-11 19:03:33,46,"HSR Layout, Bengaluru",28,0.14,0.0007
2026-05-11 19:03:24,45,"HSR Layout, Bengaluru",27,0.14,0.0006
2026-05-11 19:03:14,43,"HSR Layout, Bengaluru",26,0.14,0.0006
2026-05-11 19:03:14,43,"HSR Layout, Bengaluru",26,0.14,0.0006
2026-05-11 19:03:14,43,"HSR Layout, Bengaluru",26,0.14,0.0006
2026-05-11 19:03:14,43,"HSR Layout, Bengaluru",26,0.14,0.0006
2026-05-11 19:03:12,43,"HSR Layout, Bengaluru",26,0.14,0.0006
2026-05-11 19:02:59,41,"HSR Layout, Bengaluru",25,0.14,0.0006
2026-05-11 19:02:47,46,"HSR Layout, Bengaluru",28,0.14,0.0007
2026-05-11 19:02:35,46,"HSR Layout, Bengaluru",28,0.14,0.0007
2026-05-11 19:02:23,46,"HSR Layout, Bengaluru",28,0.13,0.0007
2026-05-11 19:02:11,46,"HSR Layout, Bengaluru",28,0.13,0.0007
2026-05-11 19:01:59,45,"HSR Layout, Bengaluru",27,0.13,0.0006
2026-05-11 19:01:46,45,"HSR Layout, Bengaluru",27,0.13,0.0006
2026-05-11 19:01:35,45,"HSR Layout, Bengaluru",27,0.13,0.0006
2026-05-11 19:01:23,43,"HSR Layout, Bengaluru",26,0.14,0.0006
2026-05-11 19:01:08,45,"HSR Layout, Bengaluru",27,0.14,0.0006
2026-05-11 19:00:58,43,"HSR Layout, Bengaluru",26,0.14,0.0006
2026-05-11 19:00:47,41,"HSR Layout, Bengaluru",25,0.14,0.0006
2026-05-11 19:00:35,41,"HSR Layout, Bengaluru",25,0.14,0.0006
2026-05-11 19:00:23,41,"HSR Layout, Bengaluru",25,0.14,0.0006
2026-05-11 19:00:12,43,"HSR Layout, Bengaluru",26,0.14,0.0006
2026-05-11 18:59:59,48,"HSR Layout, Bengaluru",29,0.14,0.0007
2026-05-11 18:59:47,50,"HSR Layout, Bengaluru",30,0.14,0.0008
2026-05-11 18:59:32,56,"HSR Layout, Bengaluru",34,0.14,0.0009
2026-05-11 18:59:25,66,"HSR Layout, Bengaluru",40,0.14,0.0011
2026-05-11 18:59:18,56,"HSR Layout, Bengaluru",34,0.14,0.0009
2026-05-11 18:59:13,45,"HSR Layout, Bengaluru",27,0.14,0.0006
2026-05-11 18:59:01,43,"HSR Layout, Bengaluru",26,0.14,0.0006
2026-05-11 18:58:49,43,"HSR Layout, Bengaluru",26,0.14,0.0006
2026-05-11 18:58:37,41,"HSR Layout, Bengaluru",25,0.14,0.0006
2026-05-11 18:58:24,45,"HSR Layout, Bengaluru",27,0.13,0.0006
2026-05-11 18:58:16,46,"HSR Layout, Bengaluru",28,0.13,0.0007
2026-05-11 18:58:04,41,"HSR Layout, Bengaluru",25,0.13,0.0006
2026-05-11 18:58:04,41,"HSR Layout, Bengaluru",25,0.13,0.0006
2026-05-11 18:58:01,41,"HSR Layout, Bengaluru",25,0.13,0.0006
2026-05-11 18:58:01,41,"HSR Layout, Bengaluru",25,0.13,0.0006
2026-05-11 18:58:01,41,"HSR Layout, Bengaluru",25,0.13,0.0006
2026-05-11 18:57:49,41,"HSR Layout, Bengaluru",25,0.13,0.0006
2026-05-11 18:57:37,45,"HSR Layout, Bengaluru",27,0.13,0.0006
2026-05-11 18:57:25,46,"HSR Layout, Bengaluru",28,0.14,0.0007
2026-05-11 18:57:13,46,"HSR Layout, Bengaluru",28,0.14,0.0007
2026-05-11 18:56:57,50,"HSR Layout, Bengaluru",30,0.14,0.0008
2026-05-11 18:56:47,46,"HSR Layout, Bengaluru",28,0.14,0.0007
2026-05-11 18:56:37,45,"HSR Layout, Bengaluru",27,0.14,0.0006
2026-05-11 18:56:25,41,"HSR Layout, Bengaluru",25,0.14,0.0006
2026-05-11 18:56:13,41,"HSR Layout, Bengaluru",25,0.14,0.0006
2026-05-11 18:56:01,41,"HSR Layout, Bengaluru",25,0.14,0.0006
2026-05-11 18:55:49,43,"HSR Layout, Bengaluru",26,0.14,0.0006
2026-05-11 18:55:37,41,"HSR Layout, Bengaluru",25,0.14,0.0006
2026-05-11 18:55:21,41,"HSR Layout, Bengaluru",25,0.14,0.0006
2026-05-11 18:55:13,43,"HSR Layout, Bengaluru",26,0.14,0.0006
2026-05-11 18:55:01,43,"HSR Layout, Bengaluru",26,0.14,0.0006
2026-05-11 18:54:49,43,"HSR Layout, Bengaluru",26,0.14,0.0006
2026-05-11 18:54:37,41,"HSR Layout, Bengaluru",25,0.14,0.0006
2026-05-11 18:54:25,43,"HSR Layout, Bengaluru",26,0.13,0.0006
2026-05-11 18:54:13,41,"HSR Layout, Bengaluru",25,0.13,0.0006
2026-05-11 18:54:00,45,"HSR Layout, Bengaluru",27,0.13,0.0006
2026-05-11 18:53:49,46,"HSR Layout, Bengaluru",28,0.13,0.0007
2026-05-11 18:53:36,43,"HSR Layout, Bengaluru",26,0.13,0.0006
2026-05-11 18:53:21,41,"HSR Layout, Bengaluru",25,0.14,0.0006
2026-05-11 18:53:09,45,"HSR Layout, Bengaluru",27,0.14,0.0006
2026-05-11 18:52:57,45,"HSR Layout, Bengaluru",27,0.14,0.0006
2026-05-11 18:52:45,41,"HSR Layout, Bengaluru",25,0.14,0.0006
2026-05-11 18:52:33,43,"HSR Layout, Bengaluru",26,0.14,0.0006
2026-05-11 18:52:21,45,"HSR Layout, Bengaluru",27,0.14,0.0006
2026-05-11 18:52:09,48,"HSR Layout, Bengaluru",29,0.14,0.0007
2026-05-11 18:51:57,45,"HSR Layout, Bengaluru",27,0.14,0.0006
2026-05-11 18:51:45,45,"HSR Layout, Bengaluru",27,0.14,0.0006
2026-05-11 18:51:33,45,"HSR Layout, Bengaluru",27,0.14,0.0006
2026-05-11 18:51:21,41,"HSR Layout, Bengaluru",25,0.14,0.0006
2026-05-11 18:51:09,43,"HSR Layout, Bengaluru",26,0.14,0.0006
2026-05-11 18:50:57,40,"HSR Layout, Bengaluru",24,0.14,0.0005
2026-05-11 18:50:45,43,"HSR Layout, Bengaluru",26,0.14,0.0006
2026-05-11 18:50:33,43,"HSR Layout, Bengaluru",26,0.14,0.0006
2026-05-11 18:50:21,43,"HSR Layout, Bengaluru",26,0.14,0.0006
2026-05-11 18:50:09,43,"HSR Layout, Bengaluru",26,0.14,0.0006
2026-05-11 18:49:57,45,"HSR Layout, Bengaluru",27,0.14,0.0006
2026-05-11 18:49:45,45,"HSR Layout, Bengaluru",27,0.14,0.0006
2026-05-11 18:49:33,46,"HSR Layout, Bengaluru",28,0.14,0.0007
2026-05-11 18:49:21,43,"HSR Layout, Bengaluru",26,0.14,0.0006
2026-05-11 18:49:09,41,"HSR Layout, Bengaluru",25,0.14,0.0006
2026-05-11 18:48:57,41,"HSR Layout, Bengaluru",25,0.14,0.0006
2026-05-11 18:48:45,43,"HSR Layout, Bengaluru",26,0.14,0.0006
2026-05-11 18:48:33,46,"HSR Layout, Bengaluru",28,0.14,0.0007
2026-05-11 18:48:25,41,"HSR Layout, Bengaluru",25,0.14,0.0006
2026-05-11 18:48:12,40,"HSR Layout, Bengaluru",24,0.14,0.0005
2026-05-11 18:48:00,41,"HSR Layout, Bengaluru",25,0.14,0.0006
2026-05-11 18:47:45,45,"HSR Layout, Bengaluru",27,0.14,0.0006
2026-05-11 18:47:33,45,"HSR Layout, Bengaluru",27,0.14,0.0006
2026-05-11 18:47:21,43,"HSR Layout, Bengaluru",26,0.14,0.0006
2026-05-11 18:47:09,45,"HSR Layout, Bengaluru",27,0.14,0.0006
2026-05-11 18:46:57,46,"HSR Layout, Bengaluru",28,0.14,0.0007
2026-05-11 18:46:45,45,"HSR Layout, Bengaluru",27,0.14,0.0006
2026-05-11 18:46:33,43,"HSR Layout, Bengaluru",26,0.14,0.0006
2026-05-11 18:46:21,43,"HSR Layout, Bengaluru",26,0.14,0.0006
2026-05-11 18:46:09,46,"HSR Layout, Bengaluru",28,0.14,0.0007
2026-05-11 18:45:57,43,"HSR Layout, Bengaluru",26,0.14,0.0006
2026-05-11 18:45:45,41,"HSR Layout, Bengaluru",25,0.14,0.0006
2026-05-11 18:45:33,40,"HSR Layout, Bengaluru",24,0.14,0.0005
2026-05-11 18:45:21,41,"HSR Layout, Bengaluru",25,0.14,0.0006
2026-05-11 18:45:09,43,"HSR Layout, Bengaluru",26,0.14,0.0006
2026-05-11 18:44:57,45,"HSR Layout, Bengaluru",27,0.14,0.0006
2026-05-11 18:44:45,43,"HSR Layout, Bengaluru",26,0.14,0.0006
2026-05-11 18:44:33,46,"HSR Layout, Bengaluru",28,0.14,0.0007
2026-05-11 18:44:21,43,"HSR Layout, Bengaluru",26,0.14,0.0006
2026-05-11 18:44:09,41,"HSR Layout, Bengaluru",25,0.14,0.0006
2026-05-11 18:43:57,43,"HSR Layout, Bengaluru",26,0.14,0.0006
2026-05-11 18:43:45,45,"HSR Layout, Bengaluru",27,0.14,0.0006
2026-05-11 18:43:33,43,"HSR Layout, Bengaluru",26,0.14,0.0006
2026-05-11 18:43:21,41,"HSR Layout, Bengaluru",25,0.14,0.0006
2026-05-11 18:43:09,41,"HSR Layout, Bengaluru",25,0.14,0.0006
2026-05-11 18:42:57,40,"HSR Layout, Bengaluru",24,0.14,0.0005
2026-05-11 18:42:45,43,"HSR Layout, Bengaluru",26,0.14,0.0006
2026-05-11 18:42:33,45,"HSR Layout, Bengaluru",27,0.14,0.0006
2026-05-11 18:42:21,40,"HSR Layout, Bengaluru",24,0.14,0.0005
2026-05-11 18:42:09,41,"HSR Layout, Bengaluru",25,0.14,0.0006
2026-05-11 18:41:57,45,"HSR Layout, Bengaluru",27,0.14,0.0006
2026-05-11 18:41:45,41,"HSR Layout, Bengaluru",25,0.14,0.0006
2026-05-11 18:41:33,40,"HSR Layout, Bengaluru",24,0.14,0.0005
2026-05-11 18:41:21,41,"HSR Layout, Bengaluru",25,0.13,0.0006
2026-05-11 18:41:09,40,"HSR Layout, Bengaluru",24,0.13,0.0005
2026-05-11 18:40:57,41,"HSR Layout, Bengaluru",25,0.13,0.0006
2026-05-11 18:40:45,45,"HSR Layout, Bengaluru",27,0.13,0.0006
2026-05-11 18:40:33,45,"HSR Layout, Bengaluru",27,0.13,0.0006
2026-05-11 18:40:21,40,"HSR Layout, Bengaluru",24,0.14,0.0005
2026-05-11 18:40:09,43,"HSR Layout, Bengaluru",26,0.14,0.0006
2026-05-11 18:39:57,41,"HSR Layout, Bengaluru",25,0.14,0.0006
2026-05-11 18:39:45,43,"HSR Layout, Bengaluru",26,0.14,0.0006
2026-05-11 18:39:33,43,"HSR Layout, Bengaluru",26,0.14,0.0006
2026-05-11 18:39:21,43,"HSR Layout, Bengaluru",26,0.14,0.0006
2026-05-11 18:39:09,46,"HSR Layout, Bengaluru",28,0.14,0.0007
2026-05-11 18:38:57,46,"HSR Layout, Bengaluru",28,0.14,0.0007
2026-05-11 18:38:45,43,"HSR Layout, Bengaluru",26,0.14,0.0006
2026-05-11 18:38:33,43,"HSR Layout, Bengaluru",26,0.14,0.0006
2026-05-11 18:38:21,43,"HSR Layout, Bengaluru",26,0.14,0.0006
2026-05-11 18:38:09,43,"HSR Layout, Bengaluru",26,0.14,0.0006
2026-05-11 18:37:57,41,"HSR Layout, Bengaluru",25,0.14,0.0006
2026-05-11 18:37:45,43,"HSR Layout, Bengaluru",26,0.14,0.0006
2026-05-11 18:37:33,43,"HSR Layout, Bengaluru",26,0.14,0.0006
2026-05-11 18:37:21,45,"HSR Layout, Bengaluru",27,0.13,0.0006
2026-05-11 18:37:09,45,"HSR Layout, Bengaluru",27,0.13,0.0006
2026-05-11 18:36:57,43,"HSR Layout, Bengaluru",26,0.13,0.0006
2026-05-11 18:36:45,43,"HSR Layout, Bengaluru",26,0.13,0.0006
2026-05-11 18:36:33,43,"HSR Layout, Bengaluru",26,0.13,0.0006
2026-05-11 18:36:21,45,"HSR Layout, Bengaluru",27,0.14,0.0006
2026-05-11 18:36:09,45,"HSR Layout, Bengaluru",27,0.14,0.0006
2026-05-11 18:35:57,46,"HSR Layout, Bengaluru",28,0.14,0.0007
2026-05-11 18:35:45,45,"HSR Layout, Bengaluru",27,0.14,0.0006
2026-05-11 18:35:33,43,"HSR Layout, Bengaluru",26,0.14,0.0006
2026-05-11 18:35:21,43,"HSR Layout, Bengaluru",26,0.14,0.0006
2026-05-11 18:35:09,41,"HSR Layout, Bengaluru",25,0.14,0.0006
2026-05-11 18:34:57,45,"HSR Layout, Bengaluru",27,0.14,0.0006
2026-05-11 18:34:45,43,"HSR Layout, Bengaluru",26,0.14,0.0006
2026-05-11 18:34:33,45,"HSR Layout, Bengaluru",27,0.14,0.0006
2026-05-11 18:34:21,43,"HSR Layout, Bengaluru",26,0.14,0.0006
2026-05-11 18:34:09,43,"HSR Layout, Bengaluru",26,0.14,0.0006
2026-05-11 18:33:57,41,"HSR Layout, Bengaluru",25,0.14,0.0006
2026-05-11 18:33:45,41,"HSR Layout, Bengaluru",25,0.14,0.0006
2026-05-11 18:33:33,43,"HSR Layout, Bengaluru",26,0.14,0.0006
2026-05-11 18:33:21,41,"HSR Layout, Bengaluru",25,0.13,0.0006
2026-05-11 18:33:09,43,"HSR Layout, Bengaluru",26,0.13,0.0006
2026-05-11 18:32:57,43,"HSR Layout, Bengaluru",26,0.13,0.0006
2026-05-11 18:32:45,41,"HSR Layout, Bengaluru",25,0.13,0.0006
2026-05-11 18:32:33,40,"HSR Layout, Bengaluru",24,0.13,0.0005
2026-05-11 18:32:21,41,"HSR Layout, Bengaluru",25,0.13,0.0006
2026-05-11 18:32:09,43,"HSR Layout, Bengaluru",26,0.13,0.0006
2026-05-11 18:32:00,43,"HSR Layout, Bengaluru",26,0.13,0.0006
2026-05-11 18:31:58,43,"HSR Layout, Bengaluru",26,0.13,0.0006
2026-05-11 18:31:58,43,"HSR Layout, Bengaluru",26,0.13,0.0006
2026-05-11 18:31:58,43,"HSR Layout, Bengaluru",26,0.13,0.0006
2026-05-11 18:31:58,43,"HSR Layout, Bengaluru",26,0.13,0.0006
2026-05-11 18:31:45,41,"HSR Layout, Bengaluru",25,0.13,0.0006
2026-05-11 18:31:33,41,"HSR Layout, Bengaluru",25,0.13,0.0006
2026-05-11 18:31:21,43,"HSR Layout, Bengaluru",26,0.13,0.0006
2026-05-11 18:31:09,40,"HSR Layout, Bengaluru",24,0.13,0.0005
2026-05-11 18:30:57,41,"HSR Layout, Bengaluru",25,0.13,0.0006
2026-05-11 18:30:45,43,"HSR Layout, Bengaluru",26,0.13,0.0006
2026-05-11 18:30:33,43,"HSR Layout, Bengaluru",26,0.13,0.0006
2026-05-11 18:30:21,43,"HSR Layout, Bengaluru",26,0.14,0.0006
2026-05-11 18:30:09,43,"HSR Layout, Bengaluru",26,0.14,0.0006
2026-05-11 18:29:57,41,"HSR Layout, Bengaluru",25,0.14,0.0006
2026-05-11 18:29:45,41,"HSR Layout, Bengaluru",25,0.14,0.0006
2026-05-11 18:29:33,45,"HSR Layout, Bengaluru",27,0.14,0.0006
2026-05-11 18:29:21,45,"HSR Layout, Bengaluru",27,0.14,0.0006
2026-05-11 18:29:09,41,"HSR Layout, Bengaluru",25,0.14,0.0006
2026-05-11 18:28:57,40,"HSR Layout, Bengaluru",24,0.14,0.0005
2026-05-11 18:28:45,40,"HSR Layout, Bengaluru",24,0.14,0.0005
2026-05-11 18:28:33,40,"HSR Layout, Bengaluru",24,0.14,0.0005
2026-05-11 18:28:21,45,"HSR Layout, Bengaluru",27,0.13,0.0006
2026-05-11 18:28:09,43,"HSR Layout, Bengaluru",26,0.13,0.0006
2026-05-11 18:27:57,41,"HSR Layout, Bengaluru",25,0.13,0.0006
2026-05-11 18:27:45,40,"HSR Layout, Bengaluru",24,0.13,0.0005
2026-05-11 18:27:33,41,"HSR Layout, Bengaluru",25,0.13,0.0006
2026-05-11 18:27:21,41,"HSR Layout, Bengaluru",25,0.13,0.0006
2026-05-11 18:27:09,43,"HSR Layout, Bengaluru",26,0.13,0.0006
2026-05-11 18:26:57,40,"HSR Layout, Bengaluru",24,0.13,0.0005
2026-05-11 18:26:46,40,"HSR Layout, Bengaluru",24,0.13,0.0005
2026-05-11 18:26:46,40,"HSR Layout, Bengaluru",24,0.13,0.0005
2026-05-11 18:26:46,40,"HSR Layout, Bengaluru",24,0.13,0.0005
2026-05-11 18:26:45,40,"HSR Layout, Bengaluru",24,0.13,0.0005
2026-05-11 18:26:33,41,"HSR Layout, Bengaluru",25,0.13,0.0006
2026-05-11 18:26:21,43,"HSR Layout, Bengaluru",26,0.14,0.0006
2026-05-11 18:26:09,45,"HSR Layout, Bengaluru",27,0.14,0.0006
2026-05-11 18:25:57,45,"HSR Layout, Bengaluru",27,0.14,0.0006
2026-05-11 18:25:45,43,"HSR Layout, Bengaluru",26,0.14,0.0006
2026-05-11 18:25:33,41,"HSR Layout, Bengaluru",25,0.14,0.0006
2026-05-11 18:25:21,40,"HSR Layout, Bengaluru",24,0.14,0.0005
2026-05-11 18:25:09,40,"HSR Layout, Bengaluru",24,0.14,0.0005
2026-05-11 18:24:57,40,"HSR Layout, Bengaluru",24,0.14,0.0005
2026-05-11 18:24:45,40,"HSR Layout, Bengaluru",24,0.14,0.0005
2026-05-11 18:24:33,40,"HSR Layout, Bengaluru",24,0.14,0.0005
2026-05-11 18:24:21,40,"HSR Layout, Bengaluru",24,0.14,0.0005
2026-05-11 18:24:09,40,"HSR Layout, Bengaluru",24,0.14,0.0005
2026-05-11 18:23:57,43,"HSR Layout, Bengaluru",26,0.14,0.0006
2026-05-11 18:23:45,43,"HSR Layout, Bengaluru",26,0.14,0.0006
2026-05-11 18:23:33,43,"HSR Layout, Bengaluru",26,0.14,0.0006
2026-05-11 18:23:21,43,"HSR Layout, Bengaluru",26,0.13,0.0006
2026-05-11 18:23:09,40,"HSR Layout, Bengaluru",24,0.13,0.0005
2026-05-11 18:22:57,43,"HSR Layout, Bengaluru",26,0.13,0.0006
2026-05-11 18:22:45,43,"HSR Layout, Bengaluru",26,0.13,0.0006
2026-05-11 18:22:33,43,"HSR Layout, Bengaluru",26,0.13,0.0006
2026-05-11 18:22:21,46,"HSR Layout, Bengaluru",28,0.13,0.0007
2026-05-11 18:22:09,45,"HSR Layout, Bengaluru",27,0.13,0.0006
2026-05-11 18:21:57,45,"HSR Layout, Bengaluru",27,0.13,0.0006
2026-05-11 18:21:45,43,"HSR Layout, Bengaluru",26,0.13,0.0006
2026-05-11 18:21:34,43,"HSR Layout, Bengaluru",26,0.13,0.0006
2026-05-11 18:21:34,43,"HSR Layout, Bengaluru",26,0.13,0.0006
2026-05-11 18:21:34,43,"HSR Layout, Bengaluru",26,0.13,0.0006
2026-05-11 18:21:34,43,"HSR Layout, Bengaluru",26,0.13,0.0006
2026-05-11 18:21:33,43,"HSR Layout, Bengaluru",26,0.13,0.0006
2026-05-11 18:21:21,43,"HSR Layout, Bengaluru",26,0.14,0.0006
2026-05-11 18:21:09,43,"HSR Layout, Bengaluru",26,0.14,0.0006
2026-05-11 18:20:57,45,"HSR Layout, Bengaluru",27,0.14,0.0006
2026-05-11 18:20:45,45,"HSR Layout, Bengaluru",27,0.14,0.0006
2026-05-11 18:20:33,46,"HSR Layout, Bengaluru",28,0.14,0.0007
2026-05-11 18:20:21,41,"HSR Layout, Bengaluru",25,0.14,0.0006
2026-05-11 18:20:09,43,"HSR Layout, Bengaluru",26,0.14,0.0006
2026-05-11 18:19:57,43,"HSR Layout, Bengaluru",26,0.14,0.0006
2026-05-11 18:19:45,40,"HSR Layout, Bengaluru",24,0.14,0.0005
2026-05-11 18:19:33,40,"HSR Layout, Bengaluru",24,0.14,0.0005
2026-05-11 18:19:21,41,"HSR Layout, Bengaluru",25,0.14,0.0006
2026-05-11 18:19:09,41,"HSR Layout, Bengaluru",25,0.14,0.0006
2026-05-11 18:18:57,43,"HSR Layout, Bengaluru",26,0.14,0.0006
2026-05-11 18:18:45,43,"HSR Layout, Bengaluru",26,0.14,0.0006
2026-05-11 18:18:33,45,"HSR Layout, Bengaluru",27,0.14,0.0006
2026-05-11 18:18:21,40,"HSR Layout, Bengaluru",24,0.14,0.0005
2026-05-11 18:18:09,40,"HSR Layout, Bengaluru",24,0.14,0.0005
2026-05-11 18:17:57,41,"HSR Layout, Bengaluru",25,0.14,0.0006
2026-05-11 18:17:45,40,"HSR Layout, Bengaluru",24,0.14,0.0005
2026-05-11 18:17:33,40,"HSR Layout, Bengaluru",24,0.14,0.0005
2026-05-11 18:17:21,43,"HSR Layout, Bengaluru",26,0.14,0.0006
2026-05-11 18:17:09,41,"HSR Layout, Bengaluru",25,0.14,0.0006
2026-05-11 18:16:57,45,"HSR Layout, Bengaluru",27,0.14,0.0006
2026-05-11 18:16:45,45,"HSR Layout, Bengaluru",27,0.14,0.0006
2026-05-11 18:16:33,43,"HSR Layout, Bengaluru",26,0.14,0.0006
2026-05-11 18:16:22,43,"HSR Layout, Bengaluru",26,0.14,0.0006
2026-05-11 18:16:22,43,"HSR Layout, Bengaluru",26,0.14,0.0006
2026-05-11 18:16:22,43,"HSR Layout, Bengaluru",26,0.14,0.0006
2026-05-11 18:16:21,43,"HSR Layout, Bengaluru",26,0.14,0.0006
2026-05-11 18:16:09,43,"HSR Layout, Bengaluru",26,0.14,0.0006
2026-05-11 18:15:57,43,"HSR Layout, Bengaluru",26,0.14,0.0006
2026-05-11 18:15:45,43,"HSR Layout, Bengaluru",26,0.14,0.0006
2026-05-11 18:15:33,43,"HSR Layout, Bengaluru",26,0.14,0.0006
2026-05-11 18:15:21,45,"HSR Layout, Bengaluru",27,0.14,0.0006
2026-05-11 18:15:09,43,"HSR Layout, Bengaluru",26,0.14,0.0006
2026-05-11 18:14:57,45,"HSR Layout, Bengaluru",27,0.14,0.0006
2026-05-11 18:14:45,41,"HSR Layout, Bengaluru",25,0.14,0.0006
2026-05-11 18:14:33,40,"HSR Layout, Bengaluru",24,0.14,0.0005
2026-05-11 18:14:21,40,"HSR Layout, Bengaluru",24,0.13,0.0005
2026-05-11 18:14:09,43,"HSR Layout, Bengaluru",26,0.13,0.0006
2026-05-11 18:13:57,43,"HSR Layout, Bengaluru",26,0.13,0.0006
2026-05-11 18:13:45,43,"HSR Layout, Bengaluru",26,0.13,0.0006
2026-05-11 18:13:33,45,"HSR Layout, Bengaluru",27,0.13,0.0006
2026-05-11 18:13:21,41,"HSR Layout, Bengaluru",25,0.14,0.0006
2026-05-11 18:13:09,41,"HSR Layout, Bengaluru",25,0.14,0.0006
2026-05-11 18:12:57,45,"HSR Layout, Bengaluru",27,0.14,0.0006
2026-05-11 18:12:45,43,"HSR Layout, Bengaluru",26,0.14,0.0006
2026-05-11 18:12:33,43,"HSR Layout, Bengaluru",26,0.14,0.0006
2026-05-11 18:12:21,45,"HSR Layout, Bengaluru",27,0.14,0.0006
2026-05-11 18:12:09,43,"HSR Layout, Bengaluru",26,0.14,0.0006
2026-05-11 18:11:57,41,"HSR Layout, Bengaluru",25,0.14,0.0006
2026-05-11 18:11:45,45,"HSR Layout, Bengaluru",27,0.14,0.0006
2026-05-11 18:11:33,45,"HSR Layout, Bengaluru",27,0.14,0.0006
2026-05-11 18:11:21,45,"HSR Layout, Bengaluru",27,0.14,0.0006
2026-05-11 18:11:10,46,"HSR Layout, Bengaluru",28,0.14,0.0007
2026-05-11 18:11:10,46,"HSR Layout, Bengaluru",28,0.14,0.0007
2026-05-11 18:11:10,46,"HSR Layout, Bengaluru",28,0.14,0.0007
2026-05-11 18:11:09,46,"HSR Layout, Bengaluru",28,0.14,0.0007
2026-05-11 18:10:57,43,"HSR Layout, Bengaluru",26,0.14,0.0006
2026-05-11 18:10:45,38,"HSR Layout, Bengaluru",23,0.14,0.0005
2026-05-11 18:10:33,40,"HSR Layout, Bengaluru",24,0.14,0.0005
2026-05-11 18:10:21,40,"HSR Layout, Bengaluru",24,0.14,0.0005
2026-05-11 18:10:09,40,"HSR Layout, Bengaluru",24,0.14,0.0005
2026-05-11 18:09:57,41,"HSR Layout, Bengaluru",25,0.14,0.0006
2026-05-11 18:09:45,43,"HSR Layout, Bengaluru",26,0.14,0.0006
2026-05-11 18:09:33,43,"HSR Layout, Bengaluru",26,0.14,0.0006
2026-05-11 18:09:21,41,"HSR Layout, Bengaluru",25,0.14,0.0006
2026-05-11 18:09:09,41,"HSR Layout, Bengaluru",25,0.14,0.0006
2026-05-11 18:08:57,40,"HSR Layout, Bengaluru",24,0.14,0.0005
2026-05-11 18:08:45,41,"HSR Layout, Bengaluru",25,0.14,0.0006
2026-05-11 18:08:33,41,"HSR Layout, Bengaluru",25,0.14,0.0006
2026-05-11 18:08:21,40,"HSR Layout, Bengaluru",24,0.14,0.0005
2026-05-11 18:08:09,45,"HSR Layout, Bengaluru",27,0.14,0.0006
2026-05-11 18:07:57,41,"HSR Layout, Bengaluru",25,0.14,0.0006
2026-05-11 18:07:45,43,"HSR Layout, Bengaluru",26,0.14,0.0006
2026-05-11 18:07:33,41,"HSR Layout, Bengaluru",25,0.14,0.0006
2026-05-11 18:07:21,40,"HSR Layout, Bengaluru",24,0.14,0.0005
2026-05-11 18:07:09,40,"HSR Layout, Bengaluru",24,0.14,0.0005
2026-05-11 18:06:57,40,"HSR Layout, Bengaluru",24,0.14,0.0005
2026-05-11 18:06:45,40,"HSR Layout, Bengaluru",24,0.14,0.0005
2026-05-11 18:06:33,40,"HSR Layout, Bengaluru",24,0.14,0.0005
2026-05-11 18:06:21,43,"HSR Layout, Bengaluru",26,0.14,0.0006
2026-05-11 18:06:09,41,"HSR Layout, Bengaluru",25,0.14,0.0006
2026-05-11 18:05:58,41,"HSR Layout, Bengaluru",25,0.14,0.0006
2026-05-11 18:05:58,41,"HSR Layout, Bengaluru",25,0.14,0.0006
2026-05-11 18:05:58,41,"HSR Layout, Bengaluru",25,0.14,0.0006
2026-05-11 18:05:58,41,"HSR Layout, Bengaluru",25,0.14,0.0006
2026-05-11 18:05:58,41,"HSR Layout, Bengaluru",25,0.14,0.0006
2026-05-11 18:05:45,43,"HSR Layout, Bengaluru",26,0.14,0.0006
2026-05-11 18:05:33,45,"HSR Layout, Bengaluru",27,0.14,0.0006
2026-05-11 18:05:21,43,"HSR Layout, Bengaluru",26,0.14,0.0006
2026-05-11 18:05:09,41,"HSR Layout, Bengaluru",25,0.14,0.0006
2026-05-11 18:04:57,41,"HSR Layout, Bengaluru",25,0.14,0.0006
2026-05-11 18:04:45,45,"HSR Layout, Bengaluru",27,0.14,0.0006
2026-05-11 18:04:33,41,"HSR Layout, Bengaluru",25,0.14,0.0006
2026-05-11 18:04:21,41,"HSR Layout, Bengaluru",25,0.14,0.0006
2026-05-11 18:04:09,41,"HSR Layout, Bengaluru",25,0.14,0.0006
2026-05-11 18:03:57,41,"HSR Layout, Bengaluru",25,0.14,0.0006
2026-05-11 18:03:45,46,"HSR Layout, Bengaluru",28,0.14,0.0007
2026-05-11 18:03:33,45,"HSR Layout, Bengaluru",27,0.14,0.0006
2026-05-11 18:03:21,45,"HSR Layout, Bengaluru",27,0.14,0.0006
2026-05-11 18:03:09,40,"HSR Layout, Bengaluru",24,0.14,0.0005
2026-05-11 18:02:57,41,"HSR Layout, Bengaluru",25,0.14,0.0006
2026-05-11 18:02:45,43,"HSR Layout, Bengaluru",26,0.14,0.0006
2026-05-11 18:02:33,41,"HSR Layout, Bengaluru",25,0.14,0.0006
2026-05-11 18:02:21,40,"HSR Layout, Bengaluru",24,0.14,0.0005
2026-05-11 18:02:09,38,"HSR Layout, Bengaluru",23,0.14,0.0005
2026-05-11 18:01:57,41,"HSR Layout, Bengaluru",25,0.14,0.0006
2026-05-11 18:01:45,41,"HSR Layout, Bengaluru",25,0.14,0.0006
2026-05-11 18:01:33,41,"HSR Layout, Bengaluru",25,0.14,0.0006
2026-05-11 18:01:21,41,"HSR Layout, Bengaluru",25,0.14,0.0006
2026-05-11 18:01:09,41,"HSR Layout, Bengaluru",25,0.14,0.0006
2026-05-11 18:00:57,41,"HSR Layout, Bengaluru",25,0.14,0.0006
2026-05-11 18:00:45,41,"HSR Layout, Bengaluru",25,0.14,0.0006
2026-05-11 18:00:45,41,"HSR Layout, Bengaluru",25,0.14,0.0006
2026-05-11 18:00:45,41,"HSR Layout, Bengaluru",25,0.14,0.0006
2026-05-11 18:00:45,41,"HSR Layout, Bengaluru",25,0.14,0.0006
2026-05-11 18:00:33,41,"HSR Layout, Bengaluru",25,0.14,0.0006
2026-05-11 18:00:21,41,"HSR Layout, Bengaluru",25,0.14,0.0006
2026-05-11 18:00:09,40,"HSR Layout, Bengaluru",24,0.14,0.0005
2026-05-11 17:59:57,43,"HSR Layout, Bengaluru",26,0.14,0.0006
2026-05-11 17:59:45,43,"HSR Layout, Bengaluru",26,0.14,0.0006
2026-05-11 17:59:33,40,"HSR Layout, Bengaluru",24,0.14,0.0005
2026-05-11 17:59:21,38,"HSR Layout, Bengaluru",23,0.14,0.0005
2026-05-11 17:59:09,38,"HSR Layout, Bengaluru",23,0.14,0.0005
2026-05-11 17:58:57,40,"HSR Layout, Bengaluru",24,0.14,0.0005
2026-05-11 17:58:45,41,"HSR Layout, Bengaluru",25,0.14,0.0006
2026-05-11 17:58:33,41,"HSR Layout, Bengaluru",25,0.14,0.0006
2026-05-11 17:58:21,40,"HSR Layout, Bengaluru",24,0.14,0.0005
2026-05-11 17:58:09,41,"HSR Layout, Bengaluru",25,0.14,0.0006
2026-05-11 17:57:57,38,"HSR Layout, Bengaluru",23,0.14,0.0005
2026-05-11 17:57:45,45,"HSR Layout, Bengaluru",27,0.14,0.0006
2026-05-11 17:57:33,45,"HSR Layout, Bengaluru",27,0.14,0.0006
2026-05-11 17:57:21,45,"HSR Layout, Bengaluru",27,0.14,0.0006
2026-05-11 17:57:09,45,"HSR Layout, Bengaluru",27,0.14,0.0006
2026-05-11 17:56:57,41,"HSR Layout, Bengaluru",25,0.14,0.0006
2026-05-11 17:56:45,41,"HSR Layout, Bengaluru",25,0.14,0.0006
2026-05-11 17:56:33,40,"HSR Layout, Bengaluru",24,0.14,0.0005
2026-05-11 17:56:21,38,"HSR Layout, Bengaluru",23,0.14,0.0005
2026-05-11 17:56:09,38,"HSR Layout, Bengaluru",23,0.14,0.0005
2026-05-11 17:55:57,40,"HSR Layout, Bengaluru",24,0.14,0.0005
2026-05-11 17:55:45,41,"HSR Layout, Bengaluru",25,0.14,0.0006
2026-05-11 17:55:33,38,"HSR Layout, Bengaluru",23,0.14,0.0005
2026-05-11 17:55:33,38,"HSR Layout, Bengaluru",23,0.14,0.0005
2026-05-11 17:55:33,38,"HSR Layout, Bengaluru",23,0.14,0.0005
2026-05-11 17:55:33,38,"HSR Layout, Bengaluru",23,0.14,0.0005
2026-05-11 17:55:33,38,"HSR Layout, Bengaluru",23,0.14,0.0005
2026-05-11 17:55:33,38,"HSR Layout, Bengaluru",23,0.14,0.0005
2026-05-11 17:55:21,38,"HSR Layout, Bengaluru",23,0.14,0.0005
2026-05-11 17:55:09,41,"HSR Layout, Bengaluru",25,0.14,0.0006
2026-05-11 17:54:57,45,"HSR Layout, Bengaluru",27,0.14,0.0006
2026-05-11 17:54:45,43,"HSR Layout, Bengaluru",26,0.14,0.0006
2026-05-11 17:54:33,45,"HSR Layout, Bengaluru",27,0.14,0.0006
2026-05-11 17:54:21,43,"HSR Layout, Bengaluru",26,0.14,0.0006
2026-05-11 17:54:09,41,"HSR Layout, Bengaluru",25,0.14,0.0006
2026-05-11 17:53:57,41,"HSR Layout, Bengaluru",25,0.14,0.0006
2026-05-11 17:53:45,43,"HSR Layout, Bengaluru",26,0.14,0.0006
2026-05-11 17:53:33,43,"HSR Layout, Bengaluru",26,0.14,0.0006
2026-05-11 17:53:21,43,"HSR Layout, Bengaluru",26,0.14,0.0006
2026-05-11 17:53:09,43,"HSR Layout, Bengaluru",26,0.14,0.0006
2026-05-11 17:52:57,43,"HSR Layout, Bengaluru",26,0.14,0.0006
2026-05-11 17:52:45,43,"HSR Layout, Bengaluru",26,0.14,0.0006
2026-05-11 17:52:33,45,"HSR Layout, Bengaluru",27,0.14,0.0006
2026-05-11 17:52:21,45,"HSR Layout, Bengaluru",27,0.14,0.0006
2026-05-11 17:52:09,41,"HSR Layout, Bengaluru",25,0.14,0.0006
2026-05-11 17:51:57,41,"HSR Layout, Bengaluru",25,0.14,0.0006
2026-05-11 17:51:45,45,"HSR Layout, Bengaluru",27,0.14,0.0006
2026-05-11 17:51:33,43,"HSR Layout, Bengaluru",26,0.14,0.0006
2026-05-11 17:51:21,41,"HSR Layout, Bengaluru",25,0.14,0.0006
2026-05-11 17:51:09,41,"HSR Layout, Bengaluru",25,0.14,0.0006
2026-05-11 17:50:57,41,"HSR Layout, Bengaluru",25,0.14,0.0006
2026-05-11 17:50:45,45,"HSR Layout, Bengaluru",27,0.14,0.0006
2026-05-11 17:50:33,45,"HSR Layout, Bengaluru",27,0.14,0.0006
2026-05-11 17:50:21,41,"HSR Layout, Bengaluru",25,0.14,0.0006
2026-05-11 17:50:21,41,"HSR Layout, Bengaluru",25,0.14,0.0006
2026-05-11 17:50:21,41,"HSR Layout, Bengaluru",25,0.14,0.0006
2026-05-11 17:50:21,41,"HSR Layout, Bengaluru",25,0.14,0.0006
2026-05-11 17:50:09,43,"HSR Layout, Bengaluru",26,0.14,0.0006
2026-05-11 17:49:57,40,"HSR Layout, Bengaluru",24,0.14,0.0005
2026-05-11 17:49:45,40,"HSR Layout, Bengaluru",24,0.14,0.0005
2026-05-11 17:49:33,40,"HSR Layout, Bengaluru",24,0.14,0.0005
2026-05-11 17:49:21,41,"HSR Layout, Bengaluru",25,0.14,0.0006
2026-05-11 17:49:09,43,"HSR Layout, Bengaluru",26,0.14,0.0006
2026-05-11 17:48:57,45,"HSR Layout, Bengaluru",27,0.14,0.0006
2026-05-11 17:48:45,43,"HSR Layout, Bengaluru",26,0.14,0.0006
2026-05-11 17:48:33,41,"HSR Layout, Bengaluru",25,0.14,0.0006
2026-05-11 17:48:21,45,"HSR Layout, Bengaluru",27,0.14,0.0006
2026-05-11 17:48:09,43,"HSR Layout, Bengaluru",26,0.14,0.0006
2026-05-11 17:47:57,43,"HSR Layout, Bengaluru",26,0.14,0.0006
2026-05-11 17:47:45,41,"HSR Layout, Bengaluru",25,0.14,0.0006
2026-05-11 17:47:33,41,"HSR Layout, Bengaluru",25,0.14,0.0006
2026-05-11 17:47:21,45,"HSR Layout, Bengaluru",27,0.14,0.0006
2026-05-11 17:47:09,46,"HSR Layout, Bengaluru",28,0.14,0.0007
2026-05-11 17:46:57,43,"HSR Layout, Bengaluru",26,0.14,0.0006
2026-05-11 17:46:45,46,"HSR Layout, Bengaluru",28,0.14,0.0007
2026-05-11 17:46:33,45,"HSR Layout, Bengaluru",27,0.14,0.0006
2026-05-11 17:46:21,45,"HSR Layout, Bengaluru",27,0.14,0.0006
2026-05-11 17:46:09,45,"HSR Layout, Bengaluru",27,0.14,0.0006
2026-05-11 17:45:57,43,"HSR Layout, Bengaluru",26,0.14,0.0006
2026-05-11 17:45:45,43,"HSR Layout, Bengaluru",26,0.14,0.0006
2026-05-11 17:45:33,40,"HSR Layout, Bengaluru",24,0.14,0.0005
2026-05-11 17:45:21,41,"HSR Layout, Bengaluru",25,0.14,0.0006
2026-05-11 17:45:11,41,"HSR Layout, Bengaluru",25,0.14,0.0006
2026-05-11 17:45:11,41,"HSR Layout, Bengaluru",25,0.14,0.0006
2026-05-11 17:45:09,41,"HSR Layout, Bengaluru",25,0.14,0.0006
2026-05-11 17:45:09,41,"HSR Layout, Bengaluru",25,0.14,0.0006
2026-05-11 17:45:09,41,"HSR Layout, Bengaluru",25,0.14,0.0006
2026-05-11 17:45:09,41,"HSR Layout, Bengaluru",25,0.14,0.0006
2026-05-11 17:44:57,43,"HSR Layout, Bengaluru",26,0.14,0.0006
2026-05-11 17:44:45,41,"HSR Layout, Bengaluru",25,0.14,0.0006
2026-05-11 17:44:33,45,"HSR Layout, Bengaluru",27,0.14,0.0006
2026-05-11 17:44:21,43,"HSR Layout, Bengaluru",26,0.14,0.0006
2026-05-11 17:44:09,43,"HSR Layout, Bengaluru",26,0.14,0.0006
2026-05-11 17:43:57,46,"HSR Layout, Bengaluru",28,0.14,0.0007
2026-05-11 17:43:45,41,"HSR Layout, Bengaluru",25,0.14,0.0006
2026-05-11 17:43:33,43,"HSR Layout, Bengaluru",26,0.14,0.0006
2026-05-11 17:43:21,41,"HSR Layout, Bengaluru",25,0.14,0.0006
2026-05-11 17:43:09,43,"HSR Layout, Bengaluru",26,0.14,0.0006
2026-05-11 17:42:57,43,"HSR Layout, Bengaluru",26,0.14,0.0006
2026-05-11 17:42:45,43,"HSR Layout, Bengaluru",26,0.14,0.0006
2026-05-11 17:42:33,43,"HSR Layout, Bengaluru",26,0.14,0.0006
2026-05-11 17:42:21,45,"HSR Layout, Bengaluru",27,0.14,0.0006
2026-05-11 17:42:09,45,"HSR Layout, Bengaluru",27,0.14,0.0006
2026-05-11 17:41:57,43,"HSR Layout, Bengaluru",26,0.14,0.0006
2026-05-11 17:41:45,43,"HSR Layout, Bengaluru",26,0.14,0.0006
2026-05-11 17:41:33,46,"HSR Layout, Bengaluru",28,0.14,0.0007
2026-05-11 17:41:21,43,"HSR Layout, Bengaluru",26,0.14,0.0006
2026-05-11 17:41:09,45,"HSR Layout, Bengaluru",27,0.14,0.0006
2026-05-11 17:40:57,43,"HSR Layout, Bengaluru",26,0.14,0.0006
2026-05-11 17:40:45,40,"HSR Layout, Bengaluru",24,0.14,0.0005
2026-05-11 17:40:33,40,"HSR Layout, Bengaluru",24,0.14,0.0005
2026-05-11 17:40:21,41,"HSR Layout, Bengaluru",25,0.14,0.0006
2026-05-11 17:40:09,45,"HSR Layout, Bengaluru",27,0.14,0.0006
2026-05-11 17:39:58,45,"HSR Layout, Bengaluru",27,0.14,0.0006
2026-05-11 17:39:58,45,"HSR Layout, Bengaluru",27,0.14,0.0006
2026-05-11 17:39:58,45,"HSR Layout, Bengaluru",27,0.14,0.0006
2026-05-11 17:39:57,45,"HSR Layout, Bengaluru",27,0.14,0.0006
2026-05-11 17:39:45,41,"HSR Layout, Bengaluru",25,0.14,0.0006
2026-05-11 17:39:33,41,"HSR Layout, Bengaluru",25,0.14,0.0006
2026-05-11 17:39:21,40,"HSR Layout, Bengaluru",24,0.14,0.0005
2026-05-11 17:39:09,41,"HSR Layout, Bengaluru",25,0.14,0.0006
2026-05-11 17:38:57,43,"HSR Layout, Bengaluru",26,0.14,0.0006
2026-05-11 17:38:45,41,"HSR Layout, Bengaluru",25,0.14,0.0006
2026-05-11 17:38:33,41,"HSR Layout, Bengaluru",25,0.14,0.0006
2026-05-11 17:38:21,43,"HSR Layout, Bengaluru",26,0.14,0.0006
2026-05-11 17:38:09,43,"HSR Layout, Bengaluru",26,0.14,0.0006
2026-05-11 17:37:57,41,"HSR Layout, Bengaluru",25,0.14,0.0006
2026-05-11 17:37:45,43,"HSR Layout, Bengaluru",26,0.14,0.0006
2026-05-11 17:37:33,41,"HSR Layout, Bengaluru",25,0.14,0.0006
2026-05-11 17:37:21,41,"HSR Layout, Bengaluru",25,0.14,0.0006
2026-05-11 17:37:09,45,"HSR Layout, Bengaluru",27,0.14,0.0006
2026-05-11 17:36:57,43,"HSR Layout, Bengaluru",26,0.14,0.0006
2026-05-11 17:36:45,41,"HSR Layout, Bengaluru",25,0.14,0.0006
2026-05-11 17:36:33,43,"HSR Layout, Bengaluru",26,0.14,0.0006
2026-05-11 17:36:21,40,"HSR Layout, Bengaluru",24,0.14,0.0005
2026-05-11 17:36:09,38,"HSR Layout, Bengaluru",23,0.14,0.0005
2026-05-11 17:35:57,38,"HSR Layout, Bengaluru",23,0.14,0.0005
2026-05-11 17:35:45,40,"HSR Layout, Bengaluru",24,0.14,0.0005
2026-05-11 17:35:33,40,"HSR Layout, Bengaluru",24,0.14,0.0005
2026-05-11 17:35:21,40,"HSR Layout, Bengaluru",24,0.14,0.0005
2026-05-11 17:35:09,41,"HSR Layout, Bengaluru",25,0.14,0.0006
2026-05-11 17:34:57,38,"HSR Layout, Bengaluru",23,0.14,0.0005
2026-05-11 17:34:45,40,"HSR Layout, Bengaluru",24,0.14,0.0005
2026-05-11 17:34:45,40,"HSR Layout, Bengaluru",24,0.14,0.0005
2026-05-11 17:34:45,40,"HSR Layout, Bengaluru",24,0.14,0.0005
2026-05-11 17:34:45,40,"HSR Layout, Bengaluru",24,0.14,0.0005
2026-05-11 17:34:45,40,"HSR Layout, Bengaluru",24,0.14,0.0005
2026-05-11 17:34:45,40,"HSR Layout, Bengaluru",24,0.14,0.0005
2026-05-11 17:34:33,40,"HSR Layout, Bengaluru",24,0.14,0.0005
2026-05-11 17:34:21,41,"HSR Layout, Bengaluru",25,0.14,0.0006
2026-05-11 17:34:09,41,"HSR Layout, Bengaluru",25,0.14,0.0006
2026-05-11 17:33:57,45,"HSR Layout, Bengaluru",27,0.14,0.0006
2026-05-11 17:33:45,45,"HSR Layout, Bengaluru",27,0.14,0.0006
2026-05-11 17:33:33,43,"HSR Layout, Bengaluru",26,0.14,0.0006
2026-05-11 17:33:21,40,"HSR Layout, Bengaluru",24,0.14,0.0005
2026-05-11 17:33:09,41,"HSR Layout, Bengaluru",25,0.14,0.0006
2026-05-11 17:32:57,41,"HSR Layout, Bengaluru",25,0.14,0.0006
2026-05-11 17:32:45,43,"HSR Layout, Bengaluru",26,0.14,0.0006
2026-05-11 17:32:33,41,"HSR Layout, Bengaluru",25,0.14,0.0006
2026-05-11 17:32:21,41,"HSR Layout, Bengaluru",25,0.14,0.0006
2026-05-11 17:32:09,40,"HSR Layout, Bengaluru",24,0.14,0.0005
2026-05-11 17:31:57,40,"HSR Layout, Bengaluru",24,0.14,0.0005
2026-05-11 17:31:45,36,"HSR Layout, Bengaluru",22,0.14,0.0005
2026-05-11 17:31:33,38,"HSR Layout, Bengaluru",23,0.14,0.0005
2026-05-11 17:31:21,40,"HSR Layout, Bengaluru",24,0.14,0.0005
2026-05-11 17:31:09,40,"HSR Layout, Bengaluru",24,0.14,0.0005
2026-05-11 17:30:57,41,"HSR Layout, Bengaluru",25,0.14,0.0006
2026-05-11 17:30:45,38,"HSR Layout, Bengaluru",23,0.14,0.0005
2026-05-11 17:30:33,38,"HSR Layout, Bengaluru",23,0.14,0.0005
2026-05-11 17:30:21,38,"HSR Layout, Bengaluru",23,0.14,0.0005
2026-05-11 17:30:09,40,"HSR Layout, Bengaluru",24,0.14,0.0005
2026-05-11 17:29:57,40,"HSR Layout, Bengaluru",24,0.14,0.0005
2026-05-11 17:29:45,41,"HSR Layout, Bengaluru",25,0.14,0.0006
2026-05-11 17:29:35,45,"HSR Layout, Bengaluru",27,0.14,0.0006
2026-05-11 17:29:33,45,"HSR Layout, Bengaluru",27,0.14,0.0006
2026-05-11 17:29:33,45,"HSR Layout, Bengaluru",27,0.14,0.0006
2026-05-11 17:29:33,45,"HSR Layout, Bengaluru",27,0.14,0.0006
2026-05-11 17:29:21,43,"HSR Layout, Bengaluru",26,0.14,0.0006
2026-05-11 17:29:09,43,"HSR Layout, Bengaluru",26,0.14,0.0006
2026-05-11 17:28:57,40,"HSR Layout, Bengaluru",24,0.14,0.0005
2026-05-11 17:28:45,41,"HSR Layout, Bengaluru",25,0.14,0.0006
2026-05-11 17:28:33,41,"HSR Layout, Bengaluru",25,0.14,0.0006
2026-05-11 17:28:21,43,"HSR Layout, Bengaluru",26,0.14,0.0006
2026-05-11 17:28:09,43,"HSR Layout, Bengaluru",26,0.14,0.0006
2026-05-11 17:27:57,43,"HSR Layout, Bengaluru",26,0.14,0.0006
2026-05-11 17:27:45,41,"HSR Layout, Bengaluru",25,0.14,0.0006
2026-05-11 17:27:33,41,"HSR Layout, Bengaluru",25,0.14,0.0006
2026-05-11 17:27:21,41,"HSR Layout, Bengaluru",25,0.14,0.0006
2026-05-11 17:27:09,45,"HSR Layout, Bengaluru",27,0.14,0.0006
2026-05-11 17:26:57,41,"HSR Layout, Bengaluru",25,0.14,0.0006
2026-05-11 17:26:45,41,"HSR Layout, Bengaluru",25,0.14,0.0006
2026-05-11 17:26:33,41,"HSR Layout, Bengaluru",25,0.14,0.0006
2026-05-11 17:26:21,41,"HSR Layout, Bengaluru",25,0.14,0.0006
2026-05-11 17:26:09,41,"HSR Layout, Bengaluru",25,0.14,0.0006
2026-05-11 17:25:57,43,"HSR Layout, Bengaluru",26,0.14,0.0006
2026-05-11 17:25:45,43,"HSR Layout, Bengaluru",26,0.14,0.0006
2026-05-11 17:25:33,40,"HSR Layout, Bengaluru",24,0.14,0.0005
2026-05-11 17:25:21,43,"HSR Layout, Bengaluru",26,0.14,0.0006
2026-05-11 17:25:09,43,"HSR Layout, Bengaluru",26,0.14,0.0006
2026-05-11 17:24:57,41,"HSR Layout, Bengaluru",25,0.14,0.0006
2026-05-11 17:24:45,40,"HSR Layout, Bengaluru",24,0.14,0.0005
2026-05-11 17:24:33,40,"HSR Layout, Bengaluru",24,0.14,0.0005
2026-05-11 17:24:22,43,"HSR Layout, Bengaluru",26,0.14,0.0006
2026-05-11 17:24:22,43,"HSR Layout, Bengaluru",26,0.14,0.0006
2026-05-11 17:24:22,43,"HSR Layout, Bengaluru",26,0.14,0.0006
2026-05-11 17:24:22,43,"HSR Layout, Bengaluru",26,0.14,0.0006
2026-05-11 17:24:21,43,"HSR Layout, Bengaluru",26,0.14,0.0006
2026-05-11 17:24:09,43,"HSR Layout, Bengaluru",26,0.14,0.0006
2026-05-11 17:23:57,41,"HSR Layout, Bengaluru",25,0.14,0.0006
2026-05-11 17:23:45,40,"HSR Layout, Bengaluru",24,0.14,0.0005
2026-05-11 17:23:33,41,"HSR Layout, Bengaluru",25,0.14,0.0006
2026-05-11 17:23:21,41,"HSR Layout, Bengaluru",25,0.14,0.0006
2026-05-11 17:23:09,40,"HSR Layout, Bengaluru",24,0.14,0.0005
2026-05-11 17:22:57,40,"HSR Layout, Bengaluru",24,0.14,0.0005
2026-05-11 17:22:45,40,"HSR Layout, Bengaluru",24,0.14,0.0005
2026-05-11 17:22:33,38,"HSR Layout, Bengaluru",23,0.14,0.0005
2026-05-11 17:22:21,36,"HSR Layout, Bengaluru",22,0.14,0.0005
2026-05-11 17:22:09,40,"HSR Layout, Bengaluru",24,0.14,0.0005
2026-05-11 17:21:57,40,"HSR Layout, Bengaluru",24,0.14,0.0005
2026-05-11 17:21:45,41,"HSR Layout, Bengaluru",25,0.14,0.0006
2026-05-11 17:21:33,40,"HSR Layout, Bengaluru",24,0.14,0.0005
2026-05-11 17:21:21,36,"HSR Layout, Bengaluru",22,0.14,0.0005
2026-05-11 17:21:09,38,"HSR Layout, Bengaluru",23,0.14,0.0005
2026-05-11 17:20:57,36,"HSR Layout, Bengaluru",22,0.14,0.0005
2026-05-11 17:20:45,40,"HSR Layout, Bengaluru",24,0.14,0.0005
2026-05-11 17:20:33,43,"HSR Layout, Bengaluru",26,0.14,0.0006
2026-05-11 17:20:21,41,"HSR Layout, Bengaluru",25,0.14,0.0006
2026-05-11 17:20:09,41,"HSR Layout, Bengaluru",25,0.14,0.0006
2026-05-11 17:19:57,36,"HSR Layout, Bengaluru",22,0.14,0.0005
2026-05-11 17:19:45,38,"HSR Layout, Bengaluru",23,0.14,0.0005
2026-05-11 17:19:33,36,"HSR Layout, Bengaluru",22,0.14,0.0005
2026-05-11 17:19:21,38,"HSR Layout, Bengaluru",23,0.14,0.0005
2026-05-11 17:19:10,38,"HSR Layout, Bengaluru",23,0.14,0.0005
2026-05-11 17:19:10,38,"HSR Layout, Bengaluru",23,0.14,0.0005
2026-05-11 17:19:10,38,"HSR Layout, Bengaluru",23,0.14,0.0005
2026-05-11 17:19:10,38,"HSR Layout, Bengaluru",23,0.14,0.0005
2026-05-11 17:19:10,38,"HSR Layout, Bengaluru",23,0.14,0.0005
2026-05-11 17:19:09,38,"HSR Layout, Bengaluru",23,0.14,0.0005
2026-05-11 17:18:57,43,"HSR Layout, Bengaluru",26,0.14,0.0006
2026-05-11 17:18:45,46,"HSR Layout, Bengaluru",28,0.14,0.0007
2026-05-11 17:18:33,40,"HSR Layout, Bengaluru",24,0.14,0.0005
2026-05-11 17:18:21,38,"HSR Layout, Bengaluru",23,0.15,0.0005
2026-05-11 17:18:09,38,"HSR Layout, Bengaluru",23,0.15,0.0005
2026-05-11 17:17:57,41,"HSR Layout, Bengaluru",25,0.15,0.0006
2026-05-11 17:17:45,41,"HSR Layout, Bengaluru",25,0.15,0.0006
2026-05-11 17:17:33,40,"HSR Layout, Bengaluru",24,0.15,0.0005
2026-05-11 17:17:21,41,"HSR Layout, Bengaluru",25,0.14,0.0006
2026-05-11 17:17:09,43,"HSR Layout, Bengaluru",26,0.14,0.0006
2026-05-11 17:16:57,40,"HSR Layout, Bengaluru",24,0.14,0.0005
2026-05-11 17:16:45,41,"HSR Layout, Bengaluru",25,0.14,0.0006
2026-05-11 17:16:33,41,"HSR Layout, Bengaluru",25,0.14,0.0006
2026-05-11 17:16:21,40,"HSR Layout, Bengaluru",24,0.14,0.0005
2026-05-11 17:16:09,40,"HSR Layout, Bengaluru",24,0.14,0.0005
2026-05-11 17:15:57,41,"HSR Layout, Bengaluru",25,0.14,0.0006
2026-05-11 17:15:45,43,"HSR Layout, Bengaluru",26,0.14,0.0006
2026-05-11 17:15:33,45,"HSR Layout, Bengaluru",27,0.14,0.0006
2026-05-11 17:15:21,41,"HSR Layout, Bengaluru",25,0.14,0.0006
2026-05-11 17:15:09,40,"HSR Layout, Bengaluru",24,0.14,0.0005
2026-05-11 17:14:57,40,"HSR Layout, Bengaluru",24,0.14,0.0005
2026-05-11 17:14:45,40,"HSR Layout, Bengaluru",24,0.14,0.0005
2026-05-11 17:14:33,40,"HSR Layout, Bengaluru",24,0.14,0.0005
2026-05-11 17:14:21,43,"HSR Layout, Bengaluru",26,0.15,0.0006
2026-05-11 17:14:09,41,"HSR Layout, Bengaluru",25,0.15,0.0006
2026-05-11 17:13:59,38,"HSR Layout, Bengaluru",23,0.15,0.0005
2026-05-11 17:13:57,38,"HSR Layout, Bengaluru",23,0.15,0.0005
2026-05-11 17:13:57,38,"HSR Layout, Bengaluru",23,0.15,0.0005
2026-05-11 17:13:57,38,"HSR Layout, Bengaluru",23,0.15,0.0005
2026-05-11 17:13:45,38,"HSR Layout, Bengaluru",23,0.15,0.0005
2026-05-11 17:13:33,40,"HSR Layout, Bengaluru",24,0.15,0.0005
2026-05-11 17:13:21,40,"HSR Layout, Bengaluru",24,0.14,0.0005
2026-05-11 17:13:09,43,"HSR Layout, Bengaluru",26,0.14,0.0006
2026-05-11 17:12:57,41,"HSR Layout, Bengaluru",25,0.14,0.0006
2026-05-11 17:12:45,40,"HSR Layout, Bengaluru",24,0.14,0.0005
2026-05-11 17:12:33,43,"HSR Layout, Bengaluru",26,0.14,0.0006
2026-05-11 17:12:21,45,"HSR Layout, Bengaluru",27,0.14,0.0006
2026-05-11 17:12:09,45,"HSR Layout, Bengaluru",27,0.14,0.0006
2026-05-11 17:11:57,45,"HSR Layout, Bengaluru",27,0.14,0.0006
2026-05-11 17:11:45,41,"HSR Layout, Bengaluru",25,0.14,0.0006
2026-05-11 17:11:33,45,"HSR Layout, Bengaluru",27,0.14,0.0006
2026-05-11 17:11:21,41,"HSR Layout, Bengaluru",25,0.14,0.0006
2026-05-11 17:11:09,43,"HSR Layout, Bengaluru",26,0.14,0.0006
2026-05-11 17:10:57,43,"HSR Layout, Bengaluru",26,0.14,0.0006
2026-05-11 17:10:45,41,"HSR Layout, Bengaluru",25,0.14,0.0006
2026-05-11 17:10:33,40,"HSR Layout, Bengaluru",24,0.14,0.0005
2026-05-11 17:10:21,41,"HSR Layout, Bengaluru",25,0.15,0.0006
2026-05-11 17:10:09,38,"HSR Layout, Bengaluru",23,0.15,0.0005
2026-05-11 17:09:57,40,"HSR Layout, Bengaluru",24,0.15,0.0005
2026-05-11 17:09:45,40,"HSR Layout, Bengaluru",24,0.15,0.0005
2026-05-11 17:09:33,40,"HSR Layout, Bengaluru",24,0.15,0.0005
2026-05-11 17:09:21,40,"HSR Layout, Bengaluru",24,0.14,0.0005
2026-05-11 17:09:09,38,"HSR Layout, Bengaluru",23,0.14,0.0005
2026-05-11 17:08:57,38,"HSR Layout, Bengaluru",23,0.14,0.0005
2026-05-11 17:08:47,41,"HSR Layout, Bengaluru",25,0.14,0.0006
2026-05-11 17:08:47,41,"HSR Layout, Bengaluru",25,0.14,0.0006
2026-05-11 17:08:47,41,"HSR Layout, Bengaluru",25,0.14,0.0006
2026-05-11 17:08:45,41,"HSR Layout, Bengaluru",25,0.14,0.0006
2026-05-11 17:08:45,41,"HSR Layout, Bengaluru",25,0.14,0.0006
2026-05-11 17:08:33,38,"HSR Layout, Bengaluru",23,0.14,0.0005
2026-05-11 17:08:21,38,"HSR Layout, Bengaluru",23,0.14,0.0005
2026-05-11 17:08:09,38,"HSR Layout, Bengaluru",23,0.14,0.0005
2026-05-11 17:07:57,40,"HSR Layout, Bengaluru",24,0.14,0.0005
2026-05-11 17:07:45,40,"HSR Layout, Bengaluru",24,0.14,0.0005
2026-05-11 17:07:33,41,"HSR Layout, Bengaluru",25,0.14,0.0006
2026-05-11 17:07:21,41,"HSR Layout, Bengaluru",25,0.14,0.0006
2026-05-11 17:07:09,43,"HSR Layout, Bengaluru",26,0.14,0.0006
2026-05-11 17:06:57,43,"HSR Layout, Bengaluru",26,0.14,0.0006
2026-05-11 17:06:45,41,"HSR Layout, Bengaluru",25,0.14,0.0006
2026-05-11 17:06:33,43,"HSR Layout, Bengaluru",26,0.14,0.0006
2026-05-11 17:06:21,43,"HSR Layout, Bengaluru",26,0.14,0.0006
2026-05-11 17:06:09,41,"HSR Layout, Bengaluru",25,0.14,0.0006
2026-05-11 17:05:57,40,"HSR Layout, Bengaluru",24,0.14,0.0005
2026-05-11 17:05:45,40,"HSR Layout, Bengaluru",24,0.14,0.0005
2026-05-11 17:05:33,41,"HSR Layout, Bengaluru",25,0.14,0.0006
2026-05-11 17:05:21,38,"HSR Layout, Bengaluru",23,0.14,0.0005
2026-05-11 17:05:09,41,"HSR Layout, Bengaluru",25,0.14,0.0006
2026-05-11 17:04:57,40,"HSR Layout, Bengaluru",24,0.14,0.0005
2026-05-11 17:04:45,40,"HSR Layout, Bengaluru",24,0.14,0.0005
2026-05-11 17:04:33,40,"HSR Layout, Bengaluru",24,0.14,0.0005
2026-05-11 17:04:21,41,"HSR Layout, Bengaluru",25,0.14,0.0006
2026-05-11 17:04:09,40,"HSR Layout, Bengaluru",24,0.14,0.0005
2026-05-11 17:03:57,40,"HSR Layout, Bengaluru",24,0.14,0.0005
2026-05-11 17:03:45,43,"HSR Layout, Bengaluru",26,0.14,0.0006
2026-05-11 17:03:34,41,"HSR Layout, Bengaluru",25,0.14,0.0006
2026-05-11 17:03:21,41,"HSR Layout, Bengaluru",25,0.14,0.0006
2026-05-11 17:03:09,40,"HSR Layout, Bengaluru",24,0.14,0.0005
2026-05-11 17:02:57,43,"HSR Layout, Bengaluru",26,0.14,0.0006
2026-05-11 17:02:45,48,"HSR Layout, Bengaluru",29,0.14,0.0007
2026-05-11 17:02:33,59,"HSR Layout, Bengaluru",36,0.14,0.0010
2026-05-11 17:02:25,69,"HSR Layout, Bengaluru",42,0.14,0.0012
2026-05-11 17:02:17,79,"HSR Layout, Bengaluru",48,0.14,0.0014
2026-05-11 17:02:12,69,"HSR Layout, Bengaluru",42,0.14,0.0012
2026-05-11 17:02:09,52,"HSR Layout, Bengaluru",32,0.14,0.0008
2026-05-11 17:01:57,45,"HSR Layout, Bengaluru",27,0.14,0.0006
2026-05-11 17:01:45,43,"HSR Layout, Bengaluru",26,0.14,0.0006
2026-05-11 17:01:33,41,"HSR Layout, Bengaluru",25,0.14,0.0006
2026-05-11 17:01:21,38,"HSR Layout, Bengaluru",23,0.14,0.0005
2026-05-11 17:01:09,41,"HSR Layout, Bengaluru",25,0.14,0.0006
2026-05-11 17:00:57,45,"HSR Layout, Bengaluru",27,0.14,0.0006
2026-05-11 17:00:45,45,"HSR Layout, Bengaluru",27,0.14,0.0006
2026-05-11 17:00:33,43,"HSR Layout, Bengaluru",26,0.14,0.0006
2026-05-11 17:00:21,41,"HSR Layout, Bengaluru",25,0.15,0.0006
2026-05-11 17:00:09,43,"HSR Layout, Bengaluru",26,0.15,0.0006
2026-05-11 16:59:57,41,"HSR Layout, Bengaluru",25,0.15,0.0006
2026-05-11 16:59:45,40,"HSR Layout, Bengaluru",24,0.15,0.0005
2026-05-11 16:59:33,40,"HSR Layout, Bengaluru",24,0.15,0.0005
2026-05-11 16:59:21,40,"HSR Layout, Bengaluru",24,0.14,0.0005
2026-05-11 16:59:09,41,"HSR Layout, Bengaluru",25,0.14,0.0006
2026-05-11 16:58:57,43,"HSR Layout, Bengaluru",26,0.14,0.0006
2026-05-11 16:58:45,41,"HSR Layout, Bengaluru",25,0.14,0.0006
2026-05-11 16:58:33,38,"HSR Layout, Bengaluru",23,0.14,0.0005
2026-05-11 16:58:23,40,"HSR Layout, Bengaluru",24,0.14,0.0005
2026-05-11 16:58:23,40,"HSR Layout, Bengaluru",24,0.14,0.0005
2026-05-11 16:58:23,40,"HSR Layout, Bengaluru",24,0.14,0.0005
2026-05-11 16:58:23,40,"HSR Layout, Bengaluru",24,0.14,0.0005
2026-05-11 16:58:22,40,"HSR Layout, Bengaluru",24,0.14,0.0005
2026-05-11 16:58:09,40,"HSR Layout, Bengaluru",24,0.14,0.0005
2026-05-11 16:57:57,40,"HSR Layout, Bengaluru",24,0.14,0.0005
2026-05-11 16:57:45,40,"HSR Layout, Bengaluru",24,0.14,0.0005
2026-05-11 16:57:33,40,"HSR Layout, Bengaluru",24,0.14,0.0005
2026-05-11 16:57:21,40,"HSR Layout, Bengaluru",24,0.14,0.0005
2026-05-11 16:57:09,43,"HSR Layout, Bengaluru",26,0.14,0.0006
2026-05-11 16:56:57,40,"HSR Layout, Bengaluru",24,0.14,0.0005
2026-05-11 16:56:45,41,"HSR Layout, Bengaluru",25,0.14,0.0006
2026-05-11 16:56:33,40,"HSR Layout, Bengaluru",24,0.14,0.0005
2026-05-11 16:56:21,38,"HSR Layout, Bengaluru",23,0.14,0.0005
2026-05-11 16:56:09,40,"HSR Layout, Bengaluru",24,0.14,0.0005
2026-05-11 16:55:57,41,"HSR Layout, Bengaluru",25,0.14,0.0006
2026-05-11 16:55:45,41,"HSR Layout, Bengaluru",25,0.14,0.0006
2026-05-11 16:55:33,40,"HSR Layout, Bengaluru",24,0.14,0.0005
2026-05-11 16:55:21,41,"HSR Layout, Bengaluru",25,0.14,0.0006
2026-05-11 16:55:09,41,"HSR Layout, Bengaluru",25,0.14,0.0006
2026-05-11 16:54:57,43,"HSR Layout, Bengaluru",26,0.14,0.0006
2026-05-11 16:54:45,41,"HSR Layout, Bengaluru",25,0.14,0.0006
2026-05-11 16:54:33,40,"HSR Layout, Bengaluru",24,0.14,0.0005
2026-05-11 16:54:21,43,"HSR Layout, Bengaluru",26,0.14,0.0006
2026-05-11 16:54:09,43,"HSR Layout, Bengaluru",26,0.14,0.0006
2026-05-11 16:53:57,45,"HSR Layout, Bengaluru",27,0.14,0.0006
2026-05-11 16:53:45,38,"HSR Layout, Bengaluru",23,0.14,0.0005
2026-05-11 16:53:33,40,"HSR Layout, Bengaluru",24,0.14,0.0005
2026-05-11 16:53:21,40,"HSR Layout, Bengaluru",24,0.14,0.0005
2026-05-11 16:53:11,38,"HSR Layout, Bengaluru",23,0.14,0.0005
2026-05-11 16:53:11,38,"HSR Layout, Bengaluru",23,0.14,0.0005
2026-05-11 16:53:10,38,"HSR Layout, Bengaluru",23,0.14,0.0005
2026-05-11 16:53:10,38,"HSR Layout, Bengaluru",23,0.14,0.0005
2026-05-11 16:53:10,38,"HSR Layout, Bengaluru",23,0.14,0.0005
2026-05-11 16:52:57,40,"HSR Layout, Bengaluru",24,0.14,0.0005
2026-05-11 16:52:45,38,"HSR Layout, Bengaluru",23,0.14,0.0005
2026-05-11 16:52:33,38,"HSR Layout, Bengaluru",23,0.14,0.0005
2026-05-11 16:52:21,38,"HSR Layout, Bengaluru",23,0.14,0.0005
2026-05-11 16:52:09,43,"HSR Layout, Bengaluru",26,0.14,0.0006
2026-05-11 16:51:57,43,"HSR Layout, Bengaluru",26,0.14,0.0006
2026-05-11 16:51:45,38,"HSR Layout, Bengaluru",23,0.14,0.0005
2026-05-11 16:51:33,40,"HSR Layout, Bengaluru",24,0.14,0.0005
2026-05-11 16:51:21,38,"HSR Layout, Bengaluru",23,0.14,0.0005
2026-05-11 16:51:09,43,"HSR Layout, Bengaluru",26,0.14,0.0006
2026-05-11 16:50:57,41,"HSR Layout, Bengaluru",25,0.14,0.0006
2026-05-11 16:50:45,45,"HSR Layout, Bengaluru",27,0.14,0.0006
2026-05-11 16:50:33,41,"HSR Layout, Bengaluru",25,0.14,0.0006
2026-05-11 16:50:21,38,"HSR Layout, Bengaluru",23,0.14,0.0005
2026-05-11 16:50:09,40,"HSR Layout, Bengaluru",24,0.14,0.0005
2026-05-11 16:49:57,38,"HSR Layout, Bengaluru",23,0.14,0.0005
2026-05-11 16:49:45,43,"HSR Layout, Bengaluru",26,0.14,0.0006
2026-05-11 16:49:33,43,"HSR Layout, Bengaluru",26,0.14,0.0006
2026-05-11 16:49:21,45,"HSR Layout, Bengaluru",27,0.14,0.0006
2026-05-11 16:49:09,43,"HSR Layout, Bengaluru",26,0.14,0.0006
2026-05-11 16:48:57,43,"HSR Layout, Bengaluru",26,0.14,0.0006
2026-05-11 16:48:45,45,"HSR Layout, Bengaluru",27,0.14,0.0006
2026-05-11 16:48:33,45,"HSR Layout, Bengaluru",27,0.14,0.0006
2026-05-11 16:48:21,41,"HSR Layout, Bengaluru",25,0.14,0.0006
2026-05-11 16:48:09,38,"HSR Layout, Bengaluru",23,0.14,0.0005
2026-05-11 16:47:58,40,"HSR Layout, Bengaluru",24,0.14,0.0005
2026-05-11 16:47:58,40,"HSR Layout, Bengaluru",24,0.14,0.0005
2026-05-11 16:47:58,40,"HSR Layout, Bengaluru",24,0.14,0.0005
2026-05-11 16:47:58,40,"HSR Layout, Bengaluru",24,0.14,0.0005
2026-05-11 16:47:58,40,"HSR Layout, Bengaluru",24,0.14,0.0005
2026-05-11 16:47:45,38,"HSR Layout, Bengaluru",23,0.14,0.0005
2026-05-11 16:47:33,40,"HSR Layout, Bengaluru",24,0.14,0.0005
2026-05-11 16:47:21,38,"HSR Layout, Bengaluru",23,0.14,0.0005
2026-05-11 16:47:09,38,"HSR Layout, Bengaluru",23,0.14,0.0005
2026-05-11 16:46:57,40,"HSR Layout, Bengaluru",24,0.14,0.0005
2026-05-11 16:46:45,38,"HSR Layout, Bengaluru",23,0.14,0.0005
2026-05-11 16:46:33,40,"HSR Layout, Bengaluru",24,0.14,0.0005
2026-05-11 16:46:21,38,"HSR Layout, Bengaluru",23,0.14,0.0005
2026-05-11 16:46:09,38,"HSR Layout, Bengaluru",23,0.14,0.0005
2026-05-11 16:45:57,41,"HSR Layout, Bengaluru",25,0.14,0.0006
2026-05-11 16:45:45,40,"HSR Layout, Bengaluru",24,0.14,0.0005
2026-05-11 16:45:33,38,"HSR Layout, Bengaluru",23,0.14,0.0005
2026-05-11 16:45:21,41,"HSR Layout, Bengaluru",25,0.14,0.0006
2026-05-11 16:45:09,41,"HSR Layout, Bengaluru",25,0.14,0.0006
2026-05-11 16:44:57,38,"HSR Layout, Bengaluru",23,0.14,0.0005
2026-05-11 16:44:45,36,"HSR Layout, Bengaluru",22,0.14,0.0005
2026-05-11 16:44:33,40,"HSR Layout, Bengaluru",24,0.14,0.0005
2026-05-11 16:44:21,40,"HSR Layout, Bengaluru",24,0.14,0.0005
2026-05-11 16:44:09,40,"HSR Layout, Bengaluru",24,0.14,0.0005
2026-05-11 16:43:57,43,"HSR Layout, Bengaluru",26,0.14,0.0006
2026-05-11 16:43:45,40,"HSR Layout, Bengaluru",24,0.14,0.0005
2026-05-11 16:43:33,41,"HSR Layout, Bengaluru",25,0.14,0.0006
2026-05-11 16:43:21,41,"HSR Layout, Bengaluru",25,0.14,0.0006
2026-05-11 16:43:09,41,"HSR Layout, Bengaluru",25,0.14,0.0006
2026-05-11 16:42:57,41,"HSR Layout, Bengaluru",25,0.14,0.0006
2026-05-11 16:42:48,40,"HSR Layout, Bengaluru",24,0.14,0.0005
2026-05-11 16:42:48,40,"HSR Layout, Bengaluru",24,0.14,0.0005
2026-05-11 16:42:46,40,"HSR Layout, Bengaluru",24,0.14,0.0005
2026-05-11 16:42:46,40,"HSR Layout, Bengaluru",24,0.14,0.0005
2026-05-11 16:42:46,40,"HSR Layout, Bengaluru",24,0.14,0.0005
2026-05-11 16:42:33,36,"HSR Layout, Bengaluru",22,0.14,0.0005
2026-05-11 16:42:21,36,"HSR Layout, Bengaluru",22,0.14,0.0005
2026-05-11 16:42:09,38,"HSR Layout, Bengaluru",23,0.14,0.0005
2026-05-11 16:41:57,40,"HSR Layout, Bengaluru",24,0.14,0.0005
2026-05-11 16:41:45,41,"HSR Layout, Bengaluru",25,0.14,0.0006
2026-05-11 16:41:33,40,"HSR Layout, Bengaluru",24,0.14,0.0005
2026-05-11 16:41:21,40,"HSR Layout, Bengaluru",24,0.14,0.0005
2026-05-11 16:41:09,41,"HSR Layout, Bengaluru",25,0.14,0.0006
2026-05-11 16:40:57,40,"HSR Layout, Bengaluru",24,0.14,0.0005
2026-05-11 16:40:45,40,"HSR Layout, Bengaluru",24,0.14,0.0005
2026-05-11 16:40:33,40,"HSR Layout, Bengaluru",24,0.14,0.0005
2026-05-11 16:40:21,41,"HSR Layout, Bengaluru",25,0.14,0.0006
2026-05-11 16:40:09,40,"HSR Layout, Bengaluru",24,0.14,0.0005
2026-05-11 16:39:57,38,"HSR Layout, Bengaluru",23,0.14,0.0005
2026-05-11 16:39:45,38,"HSR Layout, Bengaluru",23,0.14,0.0005
2026-05-11 16:39:33,41,"HSR Layout, Bengaluru",25,0.14,0.0006
2026-05-11 16:39:21,41,"HSR Layout, Bengaluru",25,0.14,0.0006
2026-05-11 16:39:09,43,"HSR Layout, Bengaluru",26,0.14,0.0006
2026-05-11 16:38:57,40,"HSR Layout, Bengaluru",24,0.14,0.0005
2026-05-11 16:38:45,38,"HSR Layout, Bengaluru",23,0.14,0.0005
2026-05-11 16:38:33,36,"HSR Layout, Bengaluru",22,0.14,0.0005
2026-05-11 16:38:21,38,"HSR Layout, Bengaluru",23,0.14,0.0005
2026-05-11 16:38:09,40,"HSR Layout, Bengaluru",24,0.14,0.0005
2026-05-11 16:37:57,43,"HSR Layout, Bengaluru",26,0.14,0.0006
2026-05-11 16:37:45,43,"HSR Layout, Bengaluru",26,0.14,0.0006
2026-05-11 16:37:35,41,"HSR Layout, Bengaluru",25,0.14,0.0006
2026-05-11 16:37:35,41,"HSR Layout, Bengaluru",25,0.14,0.0006
2026-05-11 16:37:35,41,"HSR Layout, Bengaluru",25,0.14,0.0006
2026-05-11 16:37:35,41,"HSR Layout, Bengaluru",25,0.14,0.0006
2026-05-11 16:37:34,41,"HSR Layout, Bengaluru",25,0.14,0.0006
2026-05-11 16:37:21,41,"HSR Layout, Bengaluru",25,0.14,0.0006
2026-05-11 16:37:09,41,"HSR Layout, Bengaluru",25,0.14,0.0006
2026-05-11 16:36:57,40,"HSR Layout, Bengaluru",24,0.14,0.0005
2026-05-11 16:36:46,43,"HSR Layout, Bengaluru",26,0.14,0.0006
2026-05-11 16:36:33,40,"HSR Layout, Bengaluru",24,0.14,0.0005
2026-05-11 16:36:21,38,"HSR Layout, Bengaluru",23,0.14,0.0005
2026-05-11 16:36:09,38,"HSR Layout, Bengaluru",23,0.14,0.0005
2026-05-11 16:35:57,38,"HSR Layout, Bengaluru",23,0.14,0.0005
2026-05-11 16:35:45,38,"HSR Layout, Bengaluru",23,0.14,0.0005
2026-05-11 16:35:33,36,"HSR Layout, Bengaluru",22,0.14,0.0005
2026-05-11 16:35:21,38,"HSR Layout, Bengaluru",23,0.14,0.0005
2026-05-11 16:35:09,40,"HSR Layout, Bengaluru",24,0.14,0.0005
2026-05-11 16:34:57,35,"HSR Layout, Bengaluru",21,0.14,0.0004
2026-05-11 16:34:47,38,"HSR Layout, Bengaluru",23,0.14,0.0005
2026-05-11 16:34:33,40,"HSR Layout, Bengaluru",24,0.14,0.0005
2026-05-11 16:34:21,40,"HSR Layout, Bengaluru",24,0.14,0.0005
2026-05-11 16:34:09,38,"HSR Layout, Bengaluru",23,0.14,0.0005
2026-05-11 16:33:57,38,"HSR Layout, Bengaluru",23,0.14,0.0005
2026-05-11 16:33:45,40,"HSR Layout, Bengaluru",24,0.14,0.0005
2026-05-11 16:33:33,40,"HSR Layout, Bengaluru",24,0.14,0.0005
2026-05-11 16:33:21,38,"HSR Layout, Bengaluru",23,0.14,0.0005
2026-05-11 16:33:09,38,"HSR Layout, Bengaluru",23,0.14,0.0005
2026-05-11 16:32:57,38,"HSR Layout, Bengaluru",23,0.14,0.0005
2026-05-11 16:32:45,38,"HSR Layout, Bengaluru",23,0.14,0.0005
2026-05-11 16:32:33,40,"HSR Layout, Bengaluru",24,0.14,0.0005
2026-05-11 16:32:24,36,"HSR Layout, Bengaluru",22,0.14,0.0005
2026-05-11 16:32:24,36,"HSR Layout, Bengaluru",22,0.14,0.0005
2026-05-11 16:32:24,36,"HSR Layout, Bengaluru",22,0.14,0.0005
2026-05-11 16:32:22,36,"HSR Layout, Bengaluru",22,0.14,0.0005
2026-05-11 16:32:22,36,"HSR Layout, Bengaluru",22,0.14,0.0005
2026-05-11 16:32:22,36,"HSR Layout, Bengaluru",22,0.14,0.0005
2026-05-11 16:32:09,40,"HSR Layout, Bengaluru",24,0.14,0.0005
2026-05-11 16:31:57,40,"HSR Layout, Bengaluru",24,0.14,0.0005
2026-05-11 16:31:45,40,"HSR Layout, Bengaluru",24,0.14,0.0005
2026-05-11 16:31:33,40,"HSR Layout, Bengaluru",24,0.14,0.0005
2026-05-11 16:31:21,41,"HSR Layout, Bengaluru",25,0.14,0.0006
2026-05-11 16:31:09,40,"HSR Layout, Bengaluru",24,0.14,0.0005
2026-05-11 16:30:57,38,"HSR Layout, Bengaluru",23,0.14,0.0005
2026-05-11 16:30:46,40,"HSR Layout, Bengaluru",24,0.14,0.0005
2026-05-11 16:30:33,38,"HSR Layout, Bengaluru",23,0.14,0.0005
2026-05-11 16:30:21,38,"HSR Layout, Bengaluru",23,0.14,0.0005
2026-05-11 16:30:09,38,"HSR Layout, Bengaluru",23,0.14,0.0005
2026-05-11 16:29:57,38,"HSR Layout, Bengaluru",23,0.14,0.0005
2026-05-11 16:29:45,38,"HSR Layout, Bengaluru",23,0.14,0.0005
2026-05-11 16:29:33,35,"HSR Layout, Bengaluru",21,0.14,0.0004
2026-05-11 16:29:21,36,"HSR Layout, Bengaluru",22,0.14,0.0005
2026-05-11 16:29:09,38,"HSR Layout, Bengaluru",23,0.14,0.0005
2026-05-11 16:28:57,41,"HSR Layout, Bengaluru",25,0.14,0.0006
2026-05-11 16:28:45,41,"HSR Layout, Bengaluru",25,0.14,0.0006
2026-05-11 16:28:33,38,"HSR Layout, Bengaluru",23,0.14,0.0005
2026-05-11 16:28:21,36,"HSR Layout, Bengaluru",22,0.14,0.0005
2026-05-11 16:28:09,36,"HSR Layout, Bengaluru",22,0.14,0.0005
2026-05-11 16:27:57,35,"HSR Layout, Bengaluru",21,0.14,0.0004
2026-05-11 16:27:45,33,"HSR Layout, Bengaluru",20,0.14,0.0004
2026-05-11 16:27:33,36,"HSR Layout, Bengaluru",22,0.14,0.0005
2026-05-11 16:27:21,38,"HSR Layout, Bengaluru",23,0.14,0.0005
2026-05-11 16:27:10,38,"HSR Layout, Bengaluru",23,0.14,0.0005
2026-05-11 16:27:10,38,"HSR Layout, Bengaluru",23,0.14,0.0005
2026-05-11 16:27:10,38,"HSR Layout, Bengaluru",23,0.14,0.0005
2026-05-11 16:27:09,38,"HSR Layout, Bengaluru",23,0.14,0.0005
2026-05-11 16:26:57,38,"HSR Layout, Bengaluru",23,0.14,0.0005
2026-05-11 16:26:45,38,"HSR Layout, Bengaluru",23,0.14,0.0005
2026-05-11 16:26:33,38,"HSR Layout, Bengaluru",23,0.14,0.0005
2026-05-11 16:26:21,41,"HSR Layout, Bengaluru",25,0.14,0.0006
2026-05-11 16:26:09,41,"HSR Layout, Bengaluru",25,0.14,0.0006
2026-05-11 16:25:57,38,"HSR Layout, Bengaluru",23,0.14,0.0005
2026-05-11 16:25:45,41,"HSR Layout, Bengaluru",25,0.14,0.0006
2026-05-11 16:25:33,41,"HSR Layout, Bengaluru",25,0.14,0.0006
2026-05-11 16:25:21,38,"HSR Layout, Bengaluru",23,0.14,0.0005
2026-05-11 16:25:09,38,"HSR Layout, Bengaluru",23,0.14,0.0005
2026-05-11 16:24:57,40,"HSR Layout, Bengaluru",24,0.14,0.0005
2026-05-11 16:24:45,40,"HSR Layout, Bengaluru",24,0.14,0.0005
2026-05-11 16:24:33,40,"HSR Layout, Bengaluru",24,0.14,0.0005
2026-05-11 16:24:21,38,"HSR Layout, Bengaluru",23,0.14,0.0005
2026-05-11 16:24:09,40,"HSR Layout, Bengaluru",24,0.14,0.0005
2026-05-11 16:23:57,40,"HSR Layout, Bengaluru",24,0.14,0.0005
2026-05-11 16:23:45,40,"HSR Layout, Bengaluru",24,0.14,0.0005
2026-05-11 16:23:33,38,"HSR Layout, Bengaluru",23,0.14,0.0005
2026-05-11 16:23:21,38,"HSR Layout, Bengaluru",23,0.14,0.0005
2026-05-11 16:23:09,38,"HSR Layout, Bengaluru",23,0.14,0.0005
2026-05-11 16:22:57,38,"HSR Layout, Bengaluru",23,0.14,0.0005
2026-05-11 16:22:45,35,"HSR Layout, Bengaluru",21,0.14,0.0004
2026-05-11 16:22:33,35,"HSR Layout, Bengaluru",21,0.14,0.0004
2026-05-11 16:22:21,36,"HSR Layout, Bengaluru",22,0.14,0.0005
2026-05-11 16:22:09,35,"HSR Layout, Bengaluru",21,0.14,0.0004
2026-05-11 16:21:58,36,"HSR Layout, Bengaluru",22,0.14,0.0005
2026-05-11 16:21:58,36,"HSR Layout, Bengaluru",22,0.14,0.0005
2026-05-11 16:21:58,36,"HSR Layout, Bengaluru",22,0.14,0.0005
2026-05-11 16:21:58,36,"HSR Layout, Bengaluru",22,0.14,0.0005
2026-05-11 16:21:45,36,"HSR Layout, Bengaluru",22,0.14,0.0005
2026-05-11 16:21:33,38,"HSR Layout, Bengaluru",23,0.14,0.0005
2026-05-11 16:21:21,40,"HSR Layout, Bengaluru",24,0.14,0.0005
2026-05-11 16:21:09,40,"HSR Layout, Bengaluru",24,0.14,0.0005
2026-05-11 16:20:57,40,"HSR Layout, Bengaluru",24,0.14,0.0005
2026-05-11 16:20:45,41,"HSR Layout, Bengaluru",25,0.14,0.0006
2026-05-11 16:20:33,40,"HSR Layout, Bengaluru",24,0.14,0.0005
2026-05-11 16:20:21,40,"HSR Layout, Bengaluru",24,0.14,0.0005
2026-05-11 16:20:09,38,"HSR Layout, Bengaluru",23,0.14,0.0005
2026-05-11 16:19:57,40,"HSR Layout, Bengaluru",24,0.14,0.0005
2026-05-11 16:19:45,40,"HSR Layout, Bengaluru",24,0.14,0.0005
2026-05-11 16:19:33,38,"HSR Layout, Bengaluru",23,0.14,0.0005
2026-05-11 16:19:21,40,"HSR Layout, Bengaluru",24,0.14,0.0005
2026-05-11 16:19:09,41,"HSR Layout, Bengaluru",25,0.14,0.0006
2026-05-11 16:18:57,38,"HSR Layout, Bengaluru",23,0.14,0.0005
2026-05-11 16:18:45,38,"HSR Layout, Bengaluru",23,0.14,0.0005
2026-05-11 16:18:33,38,"HSR Layout, Bengaluru",23,0.14,0.0005
2026-05-11 16:18:21,38,"HSR Layout, Bengaluru",23,0.14,0.0005
2026-05-11 16:18:09,40,"HSR Layout, Bengaluru",24,0.14,0.0005
2026-05-11 16:17:57,36,"HSR Layout, Bengaluru",22,0.14,0.0005
2026-05-11 16:17:45,40,"HSR Layout, Bengaluru",24,0.14,0.0005
2026-05-11 16:17:33,41,"HSR Layout, Bengaluru",25,0.14,0.0006
2026-05-11 16:17:21,40,"HSR Layout, Bengaluru",24,0.14,0.0005
2026-05-11 16:17:09,40,"HSR Layout, Bengaluru",24,0.14,0.0005
2026-05-11 16:16:57,38,"HSR Layout, Bengaluru",23,0.14,0.0005
2026-05-11 16:16:46,38,"HSR Layout, Bengaluru",23,0.14,0.0005
2026-05-11 16:16:46,38,"HSR Layout, Bengaluru",23,0.14,0.0005
2026-05-11 16:16:46,38,"HSR Layout, Bengaluru",23,0.14,0.0005
2026-05-11 16:16:45,38,"HSR Layout, Bengaluru",23,0.14,0.0005
2026-05-11 16:16:33,40,"HSR Layout, Bengaluru",24,0.14,0.0005
2026-05-11 16:16:21,40,"HSR Layout, Bengaluru",24,0.14,0.0005
2026-05-11 16:16:09,41,"HSR Layout, Bengaluru",25,0.14,0.0006
2026-05-11 16:15:57,40,"HSR Layout, Bengaluru",24,0.14,0.0005
2026-05-11 16:15:45,40,"HSR Layout, Bengaluru",24,0.14,0.0005
2026-05-11 16:15:33,38,"HSR Layout, Bengaluru",23,0.14,0.0005
2026-05-11 16:15:21,41,"HSR Layout, Bengaluru",25,0.14,0.0006
2026-05-11 16:15:09,38,"HSR Layout, Bengaluru",23,0.14,0.0005
2026-05-11 16:14:57,38,"HSR Layout, Bengaluru",23,0.14,0.0005
2026-05-11 16:14:45,38,"HSR Layout, Bengaluru",23,0.14,0.0005
2026-05-11 16:14:33,38,"HSR Layout, Bengaluru",23,0.14,0.0005
2026-05-11 16:14:21,38,"HSR Layout, Bengaluru",23,0.14,0.0005
2026-05-11 16:14:09,38,"HSR Layout, Bengaluru",23,0.14,0.0005
2026-05-11 16:13:57,38,"HSR Layout, Bengaluru",23,0.14,0.0005
2026-05-11 16:13:45,41,"HSR Layout, Bengaluru",25,0.14,0.0006
2026-05-11 16:13:33,40,"HSR Layout, Bengaluru",24,0.14,0.0005
2026-05-11 16:13:21,35,"HSR Layout, Bengaluru",21,0.14,0.0004
2026-05-11 16:13:09,36,"HSR Layout, Bengaluru",22,0.14,0.0005
2026-05-11 16:12:57,38,"HSR Layout, Bengaluru",23,0.14,0.0005
2026-05-11 16:12:45,40,"HSR Layout, Bengaluru",24,0.14,0.0005
2026-05-11 16:12:33,36,"HSR Layout, Bengaluru",22,0.14,0.0005
2026-05-11 16:12:21,38,"HSR Layout, Bengaluru",23,0.14,0.0005
2026-05-11 16:12:09,43,"HSR Layout, Bengaluru",26,0.14,0.0006
2026-05-11 16:11:57,41,"HSR Layout, Bengaluru",25,0.14,0.0006
2026-05-11 16:11:45,38,"HSR Layout, Bengaluru",23,0.14,0.0005
2026-05-11 16:11:34,40,"HSR Layout, Bengaluru",24,0.14,0.0005
2026-05-11 16:11:34,40,"HSR Layout, Bengaluru",24,0.14,0.0005
2026-05-11 16:11:34,40,"HSR Layout, Bengaluru",24,0.14,0.0005
2026-05-11 16:11:34,40,"HSR Layout, Bengaluru",24,0.14,0.0005
2026-05-11 16:11:34,40,"HSR Layout, Bengaluru",24,0.14,0.0005
2026-05-11 16:11:33,40,"HSR Layout, Bengaluru",24,0.14,0.0005
2026-05-11 16:11:21,40,"HSR Layout, Bengaluru",24,0.14,0.0005
2026-05-11 16:11:09,40,"HSR Layout, Bengaluru",24,0.14,0.0005
2026-05-11 16:10:57,41,"HSR Layout, Bengaluru",25,0.14,0.0006
2026-05-11 16:10:45,38,"HSR Layout, Bengaluru",23,0.14,0.0005
2026-05-11 16:10:33,38,"HSR Layout, Bengaluru",23,0.14,0.0005
2026-05-11 16:10:21,40,"HSR Layout, Bengaluru",24,0.14,0.0005
2026-05-11 16:10:09,38,"HSR Layout, Bengaluru",23,0.14,0.0005
2026-05-11 16:09:57,38,"HSR Layout, Bengaluru",23,0.14,0.0005
2026-05-11 16:09:45,40,"HSR Layout, Bengaluru",24,0.14,0.0005
2026-05-11 16:09:33,40,"HSR Layout, Bengaluru",24,0.14,0.0005
2026-05-11 16:09:21,36,"HSR Layout, Bengaluru",22,0.14,0.0005
2026-05-11 16:09:09,38,"HSR Layout, Bengaluru",23,0.14,0.0005
2026-05-11 16:08:57,38,"HSR Layout, Bengaluru",23,0.14,0.0005
2026-05-11 16:08:45,38,"HSR Layout, Bengaluru",23,0.14,0.0005
2026-05-11 16:08:33,38,"HSR Layout, Bengaluru",23,0.14,0.0005
2026-05-11 16:08:21,36,"HSR Layout, Bengaluru",22,0.14,0.0005
2026-05-11 16:08:09,35,"HSR Layout, Bengaluru",21,0.14,0.0004
2026-05-11 16:07:57,36,"HSR Layout, Bengaluru",22,0.14,0.0005
2026-05-11 16:07:45,35,"HSR Layout, Bengaluru",21,0.14,0.0004
2026-05-11 16:07:33,36,"HSR Layout, Bengaluru",22,0.14,0.0005
2026-05-11 16:07:21,40,"HSR Layout, Bengaluru",24,0.14,0.0005
2026-05-11 16:07:09,41,"HSR Layout, Bengaluru",25,0.14,0.0006
2026-05-11 16:06:57,40,"HSR Layout, Bengaluru",24,0.14,0.0005
2026-05-11 16:06:45,40,"HSR Layout, Bengaluru",24,0.14,0.0005
2026-05-11 16:06:33,38,"HSR Layout, Bengaluru",23,0.14,0.0005
2026-05-11 16:06:23,36,"HSR Layout, Bengaluru",22,0.14,0.0005
2026-05-11 16:06:23,36,"HSR Layout, Bengaluru",22,0.14,0.0005
2026-05-11 16:06:23,36,"HSR Layout, Bengaluru",22,0.14,0.0005
2026-05-11 16:06:23,36,"HSR Layout, Bengaluru",22,0.14,0.0005
2026-05-11 16:06:21,36,"HSR Layout, Bengaluru",22,0.14,0.0005
2026-05-11 16:06:21,36,"HSR Layout, Bengaluru",22,0.14,0.0005
2026-05-11 16:06:09,36,"HSR Layout, Bengaluru",22,0.14,0.0005
2026-05-11 16:05:57,38,"HSR Layout, Bengaluru",23,0.14,0.0005
2026-05-11 16:05:45,40,"HSR Layout, Bengaluru",24,0.14,0.0005
2026-05-11 16:05:33,38,"HSR Layout, Bengaluru",23,0.14,0.0005
2026-05-11 16:05:21,40,"HSR Layout, Bengaluru",24,0.14,0.0005
2026-05-11 16:05:09,41,"HSR Layout, Bengaluru",25,0.14,0.0006
2026-05-11 16:04:57,38,"HSR Layout, Bengaluru",23,0.14,0.0005
2026-05-11 16:04:45,38,"HSR Layout, Bengaluru",23,0.14,0.0005
2026-05-11 16:04:33,40,"HSR Layout, Bengaluru",24,0.14,0.0005
2026-05-11 16:04:21,40,"HSR Layout, Bengaluru",24,0.14,0.0005
2026-05-11 16:04:09,40,"HSR Layout, Bengaluru",24,0.14,0.0005
2026-05-11 16:03:57,41,"HSR Layout, Bengaluru",25,0.14,0.0006
2026-05-11 16:03:45,41,"HSR Layout, Bengaluru",25,0.14,0.0006
2026-05-11 16:03:33,40,"HSR Layout, Bengaluru",24,0.14,0.0005
2026-05-11 16:03:21,38,"HSR Layout, Bengaluru",23,0.14,0.0005
2026-05-11 16:03:09,38,"HSR Layout, Bengaluru",23,0.14,0.0005
2026-05-11 16:02:57,40,"HSR Layout, Bengaluru",24,0.14,0.0005
2026-05-11 16:02:45,36,"HSR Layout, Bengaluru",22,0.14,0.0005
2026-05-11 16:02:33,40,"HSR Layout, Bengaluru",24,0.14,0.0005
2026-05-11 16:02:21,40,"HSR Layout, Bengaluru",24,0.14,0.0005
2026-05-11 16:02:09,38,"HSR Layout, Bengaluru",23,0.14,0.0005
2026-05-11 16:01:57,40,"HSR Layout, Bengaluru",24,0.14,0.0005
2026-05-11 16:01:45,36,"HSR Layout, Bengaluru",22,0.14,0.0005
2026-05-11 16:01:33,40,"HSR Layout, Bengaluru",24,0.14,0.0005
2026-05-11 16:01:21,38,"HSR Layout, Bengaluru",23,0.14,0.0005
2026-05-11 16:01:12,38,"HSR Layout, Bengaluru",23,0.14,0.0005
2026-05-11 16:01:12,38,"HSR Layout, Bengaluru",23,0.14,0.0005
2026-05-11 16:01:10,38,"HSR Layout, Bengaluru",23,0.14,0.0005
2026-05-11 16:01:09,38,"HSR Layout, Bengaluru",23,0.14,0.0005
2026-05-11 16:01:09,38,"HSR Layout, Bengaluru",23,0.14,0.0005
2026-05-11 16:01:09,38,"HSR Layout, Bengaluru",23,0.14,0.0005
2026-05-11 16:00:57,40,"HSR Layout, Bengaluru",24,0.14,0.0005
2026-05-11 16:00:45,38,"HSR Layout, Bengaluru",23,0.14,0.0005
2026-05-11 16:00:33,38,"HSR Layout, Bengaluru",23,0.14,0.0005
2026-05-11 16:00:21,40,"HSR Layout, Bengaluru",24,0.14,0.0005
2026-05-11 16:00:09,40,"HSR Layout, Bengaluru",24,0.14,0.0005
2026-05-11 15:59:57,38,"HSR Layout, Bengaluru",23,0.14,0.0005
2026-05-11 15:59:45,40,"HSR Layout, Bengaluru",24,0.14,0.0005
2026-05-11 15:59:33,40,"HSR Layout, Bengaluru",24,0.14,0.0005
2026-05-11 15:59:21,40,"HSR Layout, Bengaluru",24,0.14,0.0005
2026-05-11 15:59:09,40,"HSR Layout, Bengaluru",24,0.14,0.0005
2026-05-11 15:58:57,38,"HSR Layout, Bengaluru",23,0.14,0.0005
2026-05-11 15:58:45,36,"HSR Layout, Bengaluru",22,0.14,0.0005
2026-05-11 15:58:33,38,"HSR Layout, Bengaluru",23,0.14,0.0005
2026-05-11 15:58:21,40,"HSR Layout, Bengaluru",24,0.14,0.0005
2026-05-11 15:58:09,41,"HSR Layout, Bengaluru",25,0.14,0.0006
2026-05-11 15:57:57,38,"HSR Layout, Bengaluru",23,0.14,0.0005
2026-05-11 15:57:45,36,"HSR Layout, Bengaluru",22,0.14,0.0005
2026-05-11 15:57:33,40,"HSR Layout, Bengaluru",24,0.14,0.0005
2026-05-11 15:57:21,38,"HSR Layout, Bengaluru",23,0.14,0.0005
2026-05-11 15:57:09,38,"HSR Layout, Bengaluru",23,0.14,0.0005
2026-05-11 15:56:57,40,"HSR Layout, Bengaluru",24,0.14,0.0005
2026-05-11 15:56:45,40,"HSR Layout, Bengaluru",24,0.14,0.0005
2026-05-11 15:56:33,38,"HSR Layout, Bengaluru",23,0.14,0.0005
2026-05-11 15:56:21,35,"HSR Layout, Bengaluru",21,0.14,0.0004
2026-05-11 15:56:09,36,"HSR Layout, Bengaluru",22,0.14,0.0005
2026-05-11 15:55:58,35,"HSR Layout, Bengaluru",21,0.14,0.0004
2026-05-11 15:55:58,35,"HSR Layout, Bengaluru",21,0.14,0.0004
2026-05-11 15:55:58,35,"HSR Layout, Bengaluru",21,0.14,0.0004
2026-05-11 15:55:58,35,"HSR Layout, Bengaluru",21,0.14,0.0004
2026-05-11 15:55:58,35,"HSR Layout, Bengaluru",21,0.14,0.0004
2026-05-11 15:55:45,36,"HSR Layout, Bengaluru",22,0.14,0.0005
2026-05-11 15:55:33,40,"HSR Layout, Bengaluru",24,0.14,0.0005
2026-05-11 15:55:21,40,"HSR Layout, Bengaluru",24,0.14,0.0005
2026-05-11 15:55:09,40,"HSR Layout, Bengaluru",24,0.14,0.0005
2026-05-11 15:54:57,40,"HSR Layout, Bengaluru",24,0.14,0.0005
2026-05-11 15:54:45,41,"HSR Layout, Bengaluru",25,0.14,0.0006
2026-05-11 15:54:33,43,"HSR Layout, Bengaluru",26,0.14,0.0006
2026-05-11 15:54:21,48,"HSR Layout, Bengaluru",29,0.14,0.0007
2026-05-11 15:54:09,57,"HSR Layout, Bengaluru",35,0.14,0.0009
2026-05-11 15:54:02,67,"HSR Layout, Bengaluru",41,0.14,0.0012
2026-05-11 15:53:54,78,"HSR Layout, Bengaluru",47,0.14,0.0014
2026-05-11 15:53:50,89,"HSR Layout, Bengaluru",54,0.14,0.0017
2026-05-11 15:53:47,104,"HSR Layout, Bengaluru",62,0.14,0.0020
2026-05-11 15:53:44,145,"HSR Layout, Bengaluru",74,0.14,0.0024
2026-05-11 15:53:41,186,"HSR Layout, Bengaluru",86,0.14,0.0029
2026-05-11 15:53:38,245,"HSR Layout, Bengaluru",104,0.14,0.0036
2026-05-11 15:53:35,293,"HSR Layout, Bengaluru",118,0.14,0.0041
2026-05-11 15:53:30,309,"HSR Layout, Bengaluru",132,0.14,0.0046
2026-05-11 15:53:27,228,"HSR Layout, Bengaluru",99,0.14,0.0034
2026-05-11 15:53:24,94,"HSR Layout, Bengaluru",57,0.14,0.0018
2026-05-11 15:53:21,61,"HSR Layout, Bengaluru",37,0.14,0.0010
2026-05-11 15:53:16,41,"HSR Layout, Bengaluru",25,0.14,0.0006
2026-05-11 15:53:03,41,"HSR Layout, Bengaluru",25,0.14,0.0006
2026-05-11 15:52:51,38,"HSR Layout, Bengaluru",23,0.14,0.0005
2026-05-11 15:52:39,40,"HSR Layout, Bengaluru",24,0.14,0.0005
2026-05-11 15:52:27,40,"HSR Layout, Bengaluru",24,0.14,0.0005
2026-05-11 15:52:15,38,"HSR Layout, Bengaluru",23,0.14,0.0005
2026-05-11 15:52:03,38,"HSR Layout, Bengaluru",23,0.14,0.0005
2026-05-11 15:51:51,38,"HSR Layout, Bengaluru",23,0.14,0.0005
2026-05-11 15:51:39,36,"HSR Layout, Bengaluru",22,0.14,0.0005
2026-05-11 15:51:27,41,"HSR Layout, Bengaluru",25,0.14,0.0006
2026-05-11 15:51:15,40,"HSR Layout, Bengaluru",24,0.14,0.0005
2026-05-11 15:51:03,40,"HSR Layout, Bengaluru",24,0.14,0.0005
2026-05-11 15:50:52,38,"HSR Layout, Bengaluru",23,0.14,0.0005
2026-05-11 15:50:52,38,"HSR Layout, Bengaluru",23,0.14,0.0005
2026-05-11 15:50:52,38,"HSR Layout, Bengaluru",23,0.14,0.0005
2026-05-11 15:50:52,38,"HSR Layout, Bengaluru",23,0.14,0.0005
2026-05-11 15:50:39,41,"HSR Layout, Bengaluru",25,0.14,0.0006
2026-05-11 15:50:27,40,"HSR Layout, Bengaluru",24,0.14,0.0005
2026-05-11 15:50:15,38,"HSR Layout, Bengaluru",23,0.14,0.0005
2026-05-11 15:50:03,36,"HSR Layout, Bengaluru",22,0.14,0.0005
2026-05-11 15:49:51,36,"HSR Layout, Bengaluru",22,0.14,0.0005
2026-05-11 15:49:39,35,"HSR Layout, Bengaluru",21,0.14,0.0004
2026-05-11 15:49:27,40,"HSR Layout, Bengaluru",24,0.14,0.0005
2026-05-11 15:49:15,38,"HSR Layout, Bengaluru",23,0.14,0.0005
2026-05-11 15:49:03,40,"HSR Layout, Bengaluru",24,0.14,0.0005
2026-05-11 15:48:51,38,"HSR Layout, Bengaluru",23,0.14,0.0005
2026-05-11 15:48:39,38,"HSR Layout, Bengaluru",23,0.14,0.0005
2026-05-11 15:48:27,38,"HSR Layout, Bengaluru",23,0.14,0.0005
2026-05-11 15:48:15,38,"HSR Layout, Bengaluru",23,0.14,0.0005
2026-05-11 15:48:03,41,"HSR Layout, Bengaluru",25,0.14,0.0006
2026-05-11 15:47:51,41,"HSR Layout, Bengaluru",25,0.14,0.0006
2026-05-11 15:47:39,40,"HSR Layout, Bengaluru",24,0.14,0.0005
2026-05-11 15:47:27,38,"HSR Layout, Bengaluru",23,0.14,0.0005
2026-05-11 15:47:15,36,"HSR Layout, Bengaluru",22,0.14,0.0005
2026-05-11 15:47:03,36,"HSR Layout, Bengaluru",22,0.14,0.0005
2026-05-11 15:46:51,35,"HSR Layout, Bengaluru",21,0.14,0.0004
2026-05-11 15:46:39,36,"HSR Layout, Bengaluru",22,0.14,0.0005
2026-05-11 15:46:27,38,"HSR Layout, Bengaluru",23,0.14,0.0005
2026-05-11 15:46:16,38,"HSR Layout, Bengaluru",23,0.14,0.0005
2026-05-11 15:46:03,40,"HSR Layout, Bengaluru",24,0.14,0.0005
2026-05-11 15:45:51,36,"HSR Layout, Bengaluru",22,0.14,0.0005
2026-05-11 15:45:40,38,"HSR Layout, Bengaluru",23,0.14,0.0005
2026-05-11 15:45:40,38,"HSR Layout, Bengaluru",23,0.14,0.0005
2026-05-11 15:45:40,38,"HSR Layout, Bengaluru",23,0.14,0.0005
2026-05-11 15:45:40,38,"HSR Layout, Bengaluru",23,0.14,0.0005
2026-05-11 15:45:27,40,"HSR Layout, Bengaluru",24,0.14,0.0005
2026-05-11 15:45:15,36,"HSR Layout, Bengaluru",22,0.14,0.0005
2026-05-11 15:45:03,38,"HSR Layout, Bengaluru",23,0.14,0.0005
2026-05-11 15:44:51,38,"HSR Layout, Bengaluru",23,0.14,0.0005
2026-05-11 15:44:39,38,"HSR Layout, Bengaluru",23,0.14,0.0005
2026-05-11 15:44:27,36,"HSR Layout, Bengaluru",22,0.14,0.0005
2026-05-11 15:44:15,40,"HSR Layout, Bengaluru",24,0.14,0.0005
2026-05-11 15:44:03,40,"HSR Layout, Bengaluru",24,0.14,0.0005
2026-05-11 15:43:51,40,"HSR Layout, Bengaluru",24,0.14,0.0005
2026-05-11 15:43:39,38,"HSR Layout, Bengaluru",23,0.14,0.0005
2026-05-11 15:43:27,40,"HSR Layout, Bengaluru",24,0.14,0.0005
2026-05-11 15:43:15,36,"HSR Layout, Bengaluru",22,0.14,0.0005
2026-05-11 15:43:03,36,"HSR Layout, Bengaluru",22,0.14,0.0005
2026-05-11 15:42:51,38,"HSR Layout, Bengaluru",23,0.14,0.0005
2026-05-11 15:42:39,40,"HSR Layout, Bengaluru",24,0.14,0.0005
2026-05-11 15:42:27,36,"HSR Layout, Bengaluru",22,0.14,0.0005
2026-05-11 15:42:15,38,"HSR Layout, Bengaluru",23,0.14,0.0005
2026-05-11 15:42:03,40,"HSR Layout, Bengaluru",24,0.14,0.0005
2026-05-11 15:41:51,38,"HSR Layout, Bengaluru",23,0.14,0.0005
2026-05-11 15:41:39,38,"HSR Layout, Bengaluru",23,0.14,0.0005
2026-05-11 15:41:27,38,"HSR Layout, Bengaluru",23,0.14,0.0005
2026-05-11 15:41:15,41,"HSR Layout, Bengaluru",25,0.14,0.0006
2026-05-11 15:41:03,38,"HSR Layout, Bengaluru",23,0.14,0.0005
2026-05-11 15:40:51,41,"HSR Layout, Bengaluru",25,0.14,0.0006
2026-05-11 15:40:39,41,"HSR Layout, Bengaluru",25,0.14,0.0006
2026-05-11 15:40:28,41,"HSR Layout, Bengaluru",25,0.14,0.0006
2026-05-11 15:40:28,41,"HSR Layout, Bengaluru",25,0.14,0.0006
2026-05-11 15:40:28,41,"HSR Layout, Bengaluru",25,0.14,0.0006
2026-05-11 15:40:28,41,"HSR Layout, Bengaluru",25,0.14,0.0006
2026-05-11 15:40:15,38,"HSR Layout, Bengaluru",23,0.14,0.0005
2026-05-11 15:40:03,36,"HSR Layout, Bengaluru",22,0.14,0.0005
2026-05-11 15:39:51,36,"HSR Layout, Bengaluru",22,0.14,0.0005
2026-05-11 15:39:39,38,"HSR Layout, Bengaluru",23,0.14,0.0005
2026-05-11 15:39:27,40,"HSR Layout, Bengaluru",24,0.14,0.0005
2026-05-11 15:39:15,36,"HSR Layout, Bengaluru",22,0.14,0.0005
2026-05-11 15:39:03,33,"HSR Layout, Bengaluru",20,0.14,0.0004
2026-05-11 15:38:51,38,"HSR Layout, Bengaluru",23,0.14,0.0005
2026-05-11 15:38:39,38,"HSR Layout, Bengaluru",23,0.14,0.0005
2026-05-11 15:38:27,36,"HSR Layout, Bengaluru",22,0.14,0.0005
2026-05-11 15:38:15,35,"HSR Layout, Bengaluru",21,0.14,0.0004
2026-05-11 15:38:03,40,"HSR Layout, Bengaluru",24,0.14,0.0005
2026-05-11 15:37:51,40,"HSR Layout, Bengaluru",24,0.14,0.0005
2026-05-11 15:37:39,41,"HSR Layout, Bengaluru",25,0.14,0.0006
2026-05-11 15:37:27,38,"HSR Layout, Bengaluru",23,0.14,0.0005
2026-05-11 15:37:15,38,"HSR Layout, Bengaluru",23,0.14,0.0005
2026-05-11 15:37:03,43,"HSR Layout, Bengaluru",26,0.14,0.0006
2026-05-11 15:36:51,41,"HSR Layout, Bengaluru",25,0.14,0.0006
2026-05-11 15:36:39,40,"HSR Layout, Bengaluru",24,0.14,0.0005
2026-05-11 15:36:27,41,"HSR Layout, Bengaluru",25,0.14,0.0006
2026-05-11 15:36:15,41,"HSR Layout, Bengaluru",25,0.14,0.0006
2026-05-11 15:36:03,36,"HSR Layout, Bengaluru",22,0.14,0.0005
2026-05-11 15:35:51,36,"HSR Layout, Bengaluru",22,0.14,0.0005
2026-05-11 15:35:39,43,"HSR Layout, Bengaluru",26,0.14,0.0006
2026-05-11 15:35:27,43,"HSR Layout, Bengaluru",26,0.14,0.0006
2026-05-11 15:35:16,43,"HSR Layout, Bengaluru",26,0.14,0.0006
2026-05-11 15:35:16,43,"HSR Layout, Bengaluru",26,0.14,0.0006
2026-05-11 15:35:16,43,"HSR Layout, Bengaluru",26,0.14,0.0006
2026-05-11 15:35:16,43,"HSR Layout, Bengaluru",26,0.14,0.0006
2026-05-11 15:35:03,38,"HSR Layout, Bengaluru",23,0.14,0.0005
2026-05-11 15:34:51,40,"HSR Layout, Bengaluru",24,0.14,0.0005
2026-05-11 15:34:39,38,"HSR Layout, Bengaluru",23,0.14,0.0005
2026-05-11 15:34:27,41,"HSR Layout, Bengaluru",25,0.14,0.0006
2026-05-11 15:34:15,41,"HSR Layout, Bengaluru",25,0.14,0.0006
2026-05-11 15:34:03,36,"HSR Layout, Bengaluru",22,0.14,0.0005
2026-05-11 15:33:52,40,"HSR Layout, Bengaluru",24,0.14,0.0005
2026-05-11 15:33:39,38,"HSR Layout, Bengaluru",23,0.14,0.0005
2026-05-11 15:33:27,40,"HSR Layout, Bengaluru",24,0.14,0.0005
2026-05-11 15:33:15,38,"HSR Layout, Bengaluru",23,0.14,0.0005
2026-05-11 15:33:03,41,"HSR Layout, Bengaluru",25,0.14,0.0006
2026-05-11 15:32:51,38,"HSR Layout, Bengaluru",23,0.14,0.0005
2026-05-11 15:32:39,40,"HSR Layout, Bengaluru",24,0.14,0.0005
2026-05-11 15:32:27,40,"HSR Layout, Bengaluru",24,0.14,0.0005
2026-05-11 15:32:15,40,"HSR Layout, Bengaluru",24,0.14,0.0005
2026-05-11 15:32:03,35,"HSR Layout, Bengaluru",21,0.14,0.0004
2026-05-11 15:31:51,35,"HSR Layout, Bengaluru",21,0.14,0.0004
2026-05-11 15:31:39,36,"HSR Layout, Bengaluru",22,0.14,0.0005
2026-05-11 15:31:27,36,"HSR Layout, Bengaluru",22,0.14,0.0005
2026-05-11 15:31:15,38,"HSR Layout, Bengaluru",23,0.14,0.0005
2026-05-11 15:31:03,38,"HSR Layout, Bengaluru",23,0.14,0.0005
2026-05-11 15:30:51,40,"HSR Layout, Bengaluru",24,0.14,0.0005
2026-05-11 15:30:39,38,"HSR Layout, Bengaluru",23,0.14,0.0005
2026-05-11 15:30:27,40,"HSR Layout, Bengaluru",24,0.14,0.0005
2026-05-11 15:30:15,38,"HSR Layout, Bengaluru",23,0.14,0.0005
2026-05-11 15:30:05,40,"HSR Layout, Bengaluru",24,0.14,0.0005
2026-05-11 15:30:04,40,"HSR Layout, Bengaluru",24,0.14,0.0005
2026-05-11 15:30:04,40,"HSR Layout, Bengaluru",24,0.14,0.0005
2026-05-11 15:30:04,40,"HSR Layout, Bengaluru",24,0.14,0.0005
2026-05-11 15:30:04,40,"HSR Layout, Bengaluru",24,0.14,0.0005
2026-05-11 15:30:04,40,"HSR Layout, Bengaluru",24,0.14,0.0005
2026-05-11 15:29:51,41,"HSR Layout, Bengaluru",25,0.14,0.0006
2026-05-11 15:29:39,41,"HSR Layout, Bengaluru",25,0.14,0.0006
2026-05-11 15:29:27,43,"HSR Layout, Bengaluru",26,0.14,0.0006
2026-05-11 15:29:15,43,"HSR Layout, Bengaluru",26,0.14,0.0006
2026-05-11 15:29:03,41,"HSR Layout, Bengaluru",25,0.14,0.0006
2026-05-11 15:28:51,38,"HSR Layout, Bengaluru",23,0.14,0.0005
2026-05-11 15:28:39,40,"HSR Layout, Bengaluru",24,0.14,0.0005
2026-05-11 15:28:27,41,"HSR Layout, Bengaluru",25,0.14,0.0006
2026-05-11 15:28:15,40,"HSR Layout, Bengaluru",24,0.14,0.0005
2026-05-11 15:28:03,43,"HSR Layout, Bengaluru",26,0.14,0.0006
2026-05-11 15:27:51,41,"HSR Layout, Bengaluru",25,0.14,0.0006
2026-05-11 15:27:39,40,"HSR Layout, Bengaluru",24,0.14,0.0005
2026-05-11 15:27:27,40,"HSR Layout, Bengaluru",24,0.14,0.0005
2026-05-11 15:27:15,38,"HSR Layout, Bengaluru",23,0.14,0.0005
2026-05-11 15:27:03,41,"HSR Layout, Bengaluru",25,0.14,0.0006
2026-05-11 15:26:51,43,"HSR Layout, Bengaluru",26,0.14,0.0006
2026-05-11 15:26:39,43,"HSR Layout, Bengaluru",26,0.14,0.0006
2026-05-11 15:26:27,41,"HSR Layout, Bengaluru",25,0.14,0.0006
2026-05-11 15:26:15,41,"HSR Layout, Bengaluru",25,0.14,0.0006
2026-05-11 15:26:03,40,"HSR Layout, Bengaluru",24,0.14,0.0005
2026-05-11 15:25:51,40,"HSR Layout, Bengaluru",24,0.14,0.0005
2026-05-11 15:25:39,40,"HSR Layout, Bengaluru",24,0.14,0.0005
2026-05-11 15:25:27,40,"HSR Layout, Bengaluru",24,0.15,0.0005
2026-05-11 15:25:15,38,"HSR Layout, Bengaluru",23,0.15,0.0005
2026-05-11 15:25:03,40,"HSR Layout, Bengaluru",24,0.15,0.0005
2026-05-11 15:24:52,38,"HSR Layout, Bengaluru",23,0.15,0.0005
2026-05-11 15:24:52,38,"HSR Layout, Bengaluru",23,0.15,0.0005
2026-05-11 15:24:52,38,"HSR Layout, Bengaluru",23,0.15,0.0005
2026-05-11 15:24:52,38,"HSR Layout, Bengaluru",23,0.15,0.0005
2026-05-11 15:24:51,38,"HSR Layout, Bengaluru",23,0.15,0.0005
2026-05-11 15:24:39,36,"HSR Layout, Bengaluru",22,0.15,0.0005
2026-05-11 15:24:27,40,"HSR Layout, Bengaluru",24,0.14,0.0005
2026-05-11 15:24:15,41,"HSR Layout, Bengaluru",25,0.14,0.0006
2026-05-11 15:24:03,40,"HSR Layout, Bengaluru",24,0.14,0.0005
2026-05-11 15:23:51,36,"HSR Layout, Bengaluru",22,0.14,0.0005
2026-05-11 15:23:39,38,"HSR Layout, Bengaluru",23,0.14,0.0005
2026-05-11 15:23:27,38,"HSR Layout, Bengaluru",23,0.14,0.0005
2026-05-11 15:23:15,36,"HSR Layout, Bengaluru",22,0.14,0.0005
2026-05-11 15:23:03,40,"HSR Layout, Bengaluru",24,0.14,0.0005
2026-05-11 15:22:51,38,"HSR Layout, Bengaluru",23,0.14,0.0005
2026-05-11 15:22:39,40,"HSR Layout, Bengaluru",24,0.14,0.0005
2026-05-11 15:22:27,38,"HSR Layout, Bengaluru",23,0.14,0.0005
2026-05-11 15:22:15,40,"HSR Layout, Bengaluru",24,0.14,0.0005
2026-05-11 15:22:03,40,"HSR Layout, Bengaluru",24,0.14,0.0005
2026-05-11 15:21:51,40,"HSR Layout, Bengaluru",24,0.14,0.0005
2026-05-11 15:21:39,40,"HSR Layout, Bengaluru",24,0.14,0.0005
2026-05-11 15:21:27,38,"HSR Layout, Bengaluru",23,0.14,0.0005
2026-05-11 15:21:15,40,"HSR Layout, Bengaluru",24,0.14,0.0005
2026-05-11 15:21:03,40,"HSR Layout, Bengaluru",24,0.14,0.0005
2026-05-11 15:20:51,43,"HSR Layout, Bengaluru",26,0.14,0.0006
2026-05-11 15:20:39,41,"HSR Layout, Bengaluru",25,0.14,0.0006
2026-05-11 15:20:27,41,"HSR Layout, Bengaluru",25,0.15,0.0006
2026-05-11 15:20:15,41,"HSR Layout, Bengaluru",25,0.15,0.0006
2026-05-11 15:20:03,43,"HSR Layout, Bengaluru",26,0.15,0.0006
2026-05-11 15:19:51,38,"HSR Layout, Bengaluru",23,0.15,0.0005
2026-05-11 15:19:42,38,"HSR Layout, Bengaluru",23,0.15,0.0005
2026-05-11 15:19:39,38,"HSR Layout, Bengaluru",23,0.15,0.0005
2026-05-11 15:19:39,38,"HSR Layout, Bengaluru",23,0.15,0.0005
2026-05-11 15:19:39,38,"HSR Layout, Bengaluru",23,0.15,0.0005
2026-05-11 15:19:39,38,"HSR Layout, Bengaluru",23,0.15,0.0005
2026-05-11 15:19:27,41,"HSR Layout, Bengaluru",25,0.14,0.0006
2026-05-11 15:19:15,40,"HSR Layout, Bengaluru",24,0.14,0.0005
2026-05-11 15:19:03,41,"HSR Layout, Bengaluru",25,0.14,0.0006
2026-05-11 15:18:51,43,"HSR Layout, Bengaluru",26,0.14,0.0006
2026-05-11 15:18:39,43,"HSR Layout, Bengaluru",26,0.14,0.0006
2026-05-11 15:18:27,45,"HSR Layout, Bengaluru",27,0.14,0.0006
2026-05-11 15:18:15,41,"HSR Layout, Bengaluru",25,0.14,0.0006
2026-05-11 15:18:03,41,"HSR Layout, Bengaluru",25,0.14,0.0006
2026-05-11 15:17:51,43,"HSR Layout, Bengaluru",26,0.14,0.0006
2026-05-11 15:17:39,43,"HSR Layout, Bengaluru",26,0.14,0.0006
2026-05-11 15:17:27,38,"HSR Layout, Bengaluru",23,0.15,0.0005
2026-05-11 15:17:15,38,"HSR Layout, Bengaluru",23,0.15,0.0005
2026-05-11 15:17:03,36,"HSR Layout, Bengaluru",22,0.15,0.0005
2026-05-11 15:16:51,38,"HSR Layout, Bengaluru",23,0.15,0.0005
2026-05-11 15:16:39,40,"HSR Layout, Bengaluru",24,0.15,0.0005
2026-05-11 15:16:27,38,"HSR Layout, Bengaluru",23,0.15,0.0005
2026-05-11 15:16:15,40,"HSR Layout, Bengaluru",24,0.15,0.0005
2026-05-11 15:16:03,41,"HSR Layout, Bengaluru",25,0.15,0.0006
2026-05-11 15:15:51,41,"HSR Layout, Bengaluru",25,0.15,0.0006
2026-05-11 15:15:39,43,"HSR Layout, Bengaluru",26,0.15,0.0006
2026-05-11 15:15:27,38,"HSR Layout, Bengaluru",23,0.14,0.0005
2026-05-11 15:15:15,38,"HSR Layout, Bengaluru",23,0.14,0.0005
2026-05-11 15:15:03,38,"HSR Layout, Bengaluru",23,0.14,0.0005
2026-05-11 15:14:51,40,"HSR Layout, Bengaluru",24,0.14,0.0005
2026-05-11 15:14:39,38,"HSR Layout, Bengaluru",23,0.14,0.0005
2026-05-11 15:14:28,41,"HSR Layout, Bengaluru",25,0.14,0.0006
2026-05-11 15:14:28,41,"HSR Layout, Bengaluru",25,0.14,0.0006
2026-05-11 15:14:28,41,"HSR Layout, Bengaluru",25,0.14,0.0006
2026-05-11 15:14:28,41,"HSR Layout, Bengaluru",25,0.14,0.0006
2026-05-11 15:14:28,41,"HSR Layout, Bengaluru",25,0.14,0.0006
2026-05-11 15:14:15,40,"HSR Layout, Bengaluru",24,0.14,0.0005
2026-05-11 15:14:03,40,"HSR Layout, Bengaluru",24,0.14,0.0005
2026-05-11 15:13:51,38,"HSR Layout, Bengaluru",23,0.14,0.0005
2026-05-11 15:13:39,40,"HSR Layout, Bengaluru",24,0.14,0.0005
2026-05-11 15:13:27,40,"HSR Layout, Bengaluru",24,0.14,0.0005
2026-05-11 15:13:15,41,"HSR Layout, Bengaluru",25,0.14,0.0006
2026-05-11 15:13:03,40,"HSR Layout, Bengaluru",24,0.14,0.0005
2026-05-11 15:12:51,41,"HSR Layout, Bengaluru",25,0.14,0.0006
2026-05-11 15:12:39,40,"HSR Layout, Bengaluru",24,0.14,0.0005
2026-05-11 15:12:27,38,"HSR Layout, Bengaluru",23,0.15,0.0005
2026-05-11 15:12:15,41,"HSR Layout, Bengaluru",25,0.15,0.0006
2026-05-11 15:12:03,43,"HSR Layout, Bengaluru",26,0.15,0.0006
2026-05-11 15:11:51,41,"HSR Layout, Bengaluru",25,0.15,0.0006
2026-05-11 15:11:39,41,"HSR Layout, Bengaluru",25,0.15,0.0006
2026-05-11 15:11:27,38,"HSR Layout, Bengaluru",23,0.14,0.0005
2026-05-11 15:11:15,40,"HSR Layout, Bengaluru",24,0.14,0.0005
2026-05-11 15:11:03,41,"HSR Layout, Bengaluru",25,0.14,0.0006
2026-05-11 15:10:51,40,"HSR Layout, Bengaluru",24,0.14,0.0005
2026-05-11 15:10:39,41,"HSR Layout, Bengaluru",25,0.14,0.0006
2026-05-11 15:10:27,41,"HSR Layout, Bengaluru",25,0.14,0.0006
2026-05-11 15:10:15,40,"HSR Layout, Bengaluru",24,0.14,0.0005
2026-05-11 15:10:03,41,"HSR Layout, Bengaluru",25,0.14,0.0006
2026-05-11 15:09:51,41,"HSR Layout, Bengaluru",25,0.14,0.0006
2026-05-11 15:09:39,43,"HSR Layout, Bengaluru",26,0.14,0.0006
2026-05-11 15:09:27,41,"HSR Layout, Bengaluru",25,0.14,0.0006
2026-05-11 15:09:17,41,"HSR Layout, Bengaluru",25,0.14,0.0006
2026-05-11 15:09:17,41,"HSR Layout, Bengaluru",25,0.14,0.0006
2026-05-11 15:09:16,41,"HSR Layout, Bengaluru",25,0.14,0.0006
2026-05-11 15:09:16,41,"HSR Layout, Bengaluru",25,0.14,0.0006
2026-05-11 15:09:16,41,"HSR Layout, Bengaluru",25,0.14,0.0006
2026-05-11 15:09:03,38,"HSR Layout, Bengaluru",23,0.14,0.0005
2026-05-11 15:08:51,41,"HSR Layout, Bengaluru",25,0.14,0.0006
2026-05-11 15:08:39,43,"HSR Layout, Bengaluru",26,0.14,0.0006
2026-05-11 15:08:27,41,"HSR Layout, Bengaluru",25,0.14,0.0006
2026-05-11 15:08:15,43,"HSR Layout, Bengaluru",26,0.14,0.0006
2026-05-11 15:08:03,41,"HSR Layout, Bengaluru",25,0.14,0.0006
2026-05-11 15:07:51,40,"HSR Layout, Bengaluru",24,0.14,0.0005
2026-05-11 15:07:39,36,"HSR Layout, Bengaluru",22,0.14,0.0005
2026-05-11 15:07:27,36,"HSR Layout, Bengaluru",22,0.15,0.0005
2026-05-11 15:07:15,40,"HSR Layout, Bengaluru",24,0.15,0.0005
2026-05-11 15:07:03,43,"HSR Layout, Bengaluru",26,0.15,0.0006
2026-05-11 15:06:51,41,"HSR Layout, Bengaluru",25,0.15,0.0006
2026-05-11 15:06:39,41,"HSR Layout, Bengaluru",25,0.15,0.0006
2026-05-11 15:06:27,43,"HSR Layout, Bengaluru",26,0.15,0.0006
2026-05-11 15:06:15,43,"HSR Layout, Bengaluru",26,0.15,0.0006
2026-05-11 15:06:03,43,"HSR Layout, Bengaluru",26,0.15,0.0006
2026-05-11 15:05:51,43,"HSR Layout, Bengaluru",26,0.15,0.0006
2026-05-11 15:05:39,40,"HSR Layout, Bengaluru",24,0.15,0.0005
2026-05-11 15:05:27,36,"HSR Layout, Bengaluru",22,0.14,0.0005
2026-05-11 15:05:15,38,"HSR Layout, Bengaluru",23,0.14,0.0005
2026-05-11 15:05:03,38,"HSR Layout, Bengaluru",23,0.14,0.0005
2026-05-11 15:04:51,45,"HSR Layout, Bengaluru",27,0.14,0.0006
2026-05-11 15:04:39,40,"HSR Layout, Bengaluru",24,0.14,0.0005
2026-05-11 15:04:27,40,"HSR Layout, Bengaluru",24,0.15,0.0005
2026-05-11 15:04:15,40,"HSR Layout, Bengaluru",24,0.15,0.0005
2026-05-11 15:04:03,43,"HSR Layout, Bengaluru",26,0.15,0.0006
2026-05-11 15:03:51,43,"HSR Layout, Bengaluru",26,0.15,0.0006
2026-05-11 15:03:39,41,"HSR Layout, Bengaluru",25,0.15,0.0006
2026-05-11 15:03:27,40,"HSR Layout, Bengaluru",24,0.15,0.0005
2026-05-11 15:03:15,43,"HSR Layout, Bengaluru",26,0.15,0.0006
2026-05-11 15:03:03,45,"HSR Layout, Bengaluru",27,0.15,0.0006
2026-05-11 15:02:51,46,"HSR Layout, Bengaluru",28,0.15,0.0007
2026-05-11 15:02:39,43,"HSR Layout, Bengaluru",26,0.15,0.0006
2026-05-11 15:02:27,43,"HSR Layout, Bengaluru",26,0.15,0.0006
2026-05-11 15:02:15,43,"HSR Layout, Bengaluru",26,0.15,0.0006
2026-05-11 15:02:03,38,"HSR Layout, Bengaluru",23,0.15,0.0005
2026-05-11 15:01:51,41,"HSR Layout, Bengaluru",25,0.15,0.0006
2026-05-11 15:01:39,40,"HSR Layout, Bengaluru",24,0.15,0.0005
2026-05-11 15:01:27,38,"HSR Layout, Bengaluru",23,0.15,0.0005
2026-05-11 15:01:15,38,"HSR Layout, Bengaluru",23,0.15,0.0005
2026-05-11 15:01:03,41,"HSR Layout, Bengaluru",25,0.15,0.0006
2026-05-11 15:00:51,41,"HSR Layout, Bengaluru",25,0.15,0.0006
2026-05-11 15:00:39,45,"HSR Layout, Bengaluru",27,0.15,0.0006
2026-05-11 15:00:27,43,"HSR Layout, Bengaluru",26,0.15,0.0006
2026-05-11 15:00:15,40,"HSR Layout, Bengaluru",24,0.15,0.0005
2026-05-11 15:00:03,40,"HSR Layout, Bengaluru",24,0.15,0.0005
2026-05-11 14:59:51,38,"HSR Layout, Bengaluru",23,0.15,0.0005
2026-05-11 14:59:39,41,"HSR Layout, Bengaluru",25,0.15,0.0006
2026-05-11 14:59:27,38,"HSR Layout, Bengaluru",23,0.15,0.0005
2026-05-11 14:59:15,40,"HSR Layout, Bengaluru",24,0.15,0.0005
2026-05-11 14:59:03,41,"HSR Layout, Bengaluru",25,0.15,0.0006
2026-05-11 14:58:52,41,"HSR Layout, Bengaluru",25,0.15,0.0006
2026-05-11 14:58:52,41,"HSR Layout, Bengaluru",25,0.15,0.0006
2026-05-11 14:58:52,41,"HSR Layout, Bengaluru",25,0.15,0.0006
2026-05-11 14:58:52,41,"HSR Layout, Bengaluru",25,0.15,0.0006
2026-05-11 14:58:51,41,"HSR Layout, Bengaluru",25,0.15,0.0006
2026-05-11 14:58:39,38,"HSR Layout, Bengaluru",23,0.15,0.0005
2026-05-11 14:58:27,41,"HSR Layout, Bengaluru",25,0.15,0.0006
2026-05-11 14:58:15,41,"HSR Layout, Bengaluru",25,0.15,0.0006
2026-05-11 14:58:03,40,"HSR Layout, Bengaluru",24,0.15,0.0005
2026-05-11 14:57:51,43,"HSR Layout, Bengaluru",26,0.15,0.0006
2026-05-11 14:57:39,41,"HSR Layout, Bengaluru",25,0.15,0.0006
2026-05-11 14:57:27,41,"HSR Layout, Bengaluru",25,0.15,0.0006
2026-05-11 14:57:15,41,"HSR Layout, Bengaluru",25,0.15,0.0006
2026-05-11 14:57:03,41,"HSR Layout, Bengaluru",25,0.15,0.0006
2026-05-11 14:56:51,41,"HSR Layout, Bengaluru",25,0.15,0.0006
2026-05-11 14:56:39,43,"HSR Layout, Bengaluru",26,0.15,0.0006
2026-05-11 14:56:27,43,"HSR Layout, Bengaluru",26,0.15,0.0006
2026-05-11 14:56:15,43,"HSR Layout, Bengaluru",26,0.15,0.0006
2026-05-11 14:56:03,40,"HSR Layout, Bengaluru",24,0.15,0.0005
2026-05-11 14:55:51,38,"HSR Layout, Bengaluru",23,0.15,0.0005
2026-05-11 14:55:39,40,"HSR Layout, Bengaluru",24,0.15,0.0005
2026-05-11 14:55:27,45,"HSR Layout, Bengaluru",27,0.15,0.0006
2026-05-11 14:55:15,45,"HSR Layout, Bengaluru",27,0.15,0.0006
2026-05-11 14:55:03,41,"HSR Layout, Bengaluru",25,0.15,0.0006
2026-05-11 14:54:51,43,"HSR Layout, Bengaluru",26,0.15,0.0006
2026-05-11 14:54:39,41,"HSR Layout, Bengaluru",25,0.15,0.0006
2026-05-11 14:54:27,43,"HSR Layout, Bengaluru",26,0.15,0.0006
2026-05-11 14:54:15,41,"HSR Layout, Bengaluru",25,0.15,0.0006
2026-05-11 14:54:03,41,"HSR Layout, Bengaluru",25,0.15,0.0006
2026-05-11 14:53:51,45,"HSR Layout, Bengaluru",27,0.15,0.0006
2026-05-11 14:53:40,45,"HSR Layout, Bengaluru",27,0.15,0.0006
2026-05-11 14:53:40,45,"HSR Layout, Bengaluru",27,0.15,0.0006
2026-05-11 14:53:40,45,"HSR Layout, Bengaluru",27,0.15,0.0006
2026-05-11 14:53:40,45,"HSR Layout, Bengaluru",27,0.15,0.0006
2026-05-11 14:53:39,45,"HSR Layout, Bengaluru",27,0.15,0.0006
2026-05-11 14:53:27,45,"HSR Layout, Bengaluru",27,0.15,0.0006
2026-05-11 14:53:15,43,"HSR Layout, Bengaluru",26,0.15,0.0006
2026-05-11 14:53:03,43,"HSR Layout, Bengaluru",26,0.15,0.0006
2026-05-11 14:52:52,43,"HSR Layout, Bengaluru",26,0.15,0.0006
2026-05-11 14:52:39,38,"HSR Layout, Bengaluru",23,0.15,0.0005
2026-05-11 14:52:27,40,"HSR Layout, Bengaluru",24,0.15,0.0005
2026-05-11 14:52:15,41,"HSR Layout, Bengaluru",25,0.15,0.0006
2026-05-11 14:52:03,41,"HSR Layout, Bengaluru",25,0.15,0.0006
2026-05-11 14:51:51,41,"HSR Layout, Bengaluru",25,0.15,0.0006
2026-05-11 14:51:39,40,"HSR Layout, Bengaluru",24,0.15,0.0005
2026-05-11 14:51:27,41,"HSR Layout, Bengaluru",25,0.14,0.0006
2026-05-11 14:51:15,43,"HSR Layout, Bengaluru",26,0.14,0.0006
2026-05-11 14:51:03,45,"HSR Layout, Bengaluru",27,0.14,0.0006
2026-05-11 14:50:51,45,"HSR Layout, Bengaluru",27,0.14,0.0006
2026-05-11 14:50:39,40,"HSR Layout, Bengaluru",24,0.14,0.0005
2026-05-11 14:50:27,41,"HSR Layout, Bengaluru",25,0.15,0.0006
2026-05-11 14:50:15,40,"HSR Layout, Bengaluru",24,0.15,0.0005
2026-05-11 14:50:03,43,"HSR Layout, Bengaluru",26,0.15,0.0006
2026-05-11 14:49:51,40,"HSR Layout, Bengaluru",24,0.15,0.0005
2026-05-11 14:49:39,40,"HSR Layout, Bengaluru",24,0.15,0.0005
2026-05-11 14:49:27,41,"HSR Layout, Bengaluru",25,0.15,0.0006
2026-05-11 14:49:15,41,"HSR Layout, Bengaluru",25,0.15,0.0006
2026-05-11 14:49:03,40,"HSR Layout, Bengaluru",24,0.15,0.0005
2026-05-11 14:48:51,40,"HSR Layout, Bengaluru",24,0.15,0.0005
2026-05-11 14:48:39,41,"HSR Layout, Bengaluru",25,0.15,0.0006
2026-05-11 14:48:27,40,"HSR Layout, Bengaluru",24,0.15,0.0005
2026-05-11 14:48:27,40,"HSR Layout, Bengaluru",24,0.15,0.0005
2026-05-11 14:48:27,40,"HSR Layout, Bengaluru",24,0.15,0.0005
2026-05-11 14:48:27,40,"HSR Layout, Bengaluru",24,0.15,0.0005
2026-05-11 14:48:27,40,"HSR Layout, Bengaluru",24,0.15,0.0005
2026-05-11 14:48:15,41,"HSR Layout, Bengaluru",25,0.15,0.0006
2026-05-11 14:48:03,43,"HSR Layout, Bengaluru",26,0.15,0.0006
2026-05-11 14:47:51,45,"HSR Layout, Bengaluru",27,0.15,0.0006
2026-05-11 14:47:39,45,"HSR Layout, Bengaluru",27,0.15,0.0006
2026-05-11 14:47:27,41,"HSR Layout, Bengaluru",25,0.14,0.0006
2026-05-11 14:47:15,43,"HSR Layout, Bengaluru",26,0.14,0.0006
2026-05-11 14:47:03,46,"HSR Layout, Bengaluru",28,0.14,0.0007
2026-05-11 14:46:51,45,"HSR Layout, Bengaluru",27,0.14,0.0006
2026-05-11 14:46:39,43,"HSR Layout, Bengaluru",26,0.14,0.0006
2026-05-11 14:46:27,43,"HSR Layout, Bengaluru",26,0.14,0.0006
2026-05-11 14:46:15,41,"HSR Layout, Bengaluru",25,0.14,0.0006
2026-05-11 14:46:03,38,"HSR Layout, Bengaluru",23,0.14,0.0005
2026-05-11 14:45:51,40,"HSR Layout, Bengaluru",24,0.14,0.0005
2026-05-11 14:45:39,40,"HSR Layout, Bengaluru",24,0.14,0.0005
2026-05-11 14:45:27,41,"HSR Layout, Bengaluru",25,0.15,0.0006
2026-05-11 14:45:15,43,"HSR Layout, Bengaluru",26,0.15,0.0006
2026-05-11 14:45:03,43,"HSR Layout, Bengaluru",26,0.15,0.0006
2026-05-11 14:44:51,45,"HSR Layout, Bengaluru",27,0.15,0.0006
2026-05-11 14:44:39,41,"HSR Layout, Bengaluru",25,0.15,0.0006
2026-05-11 14:44:27,43,"HSR Layout, Bengaluru",26,0.15,0.0006
2026-05-11 14:44:15,43,"HSR Layout, Bengaluru",26,0.15,0.0006
2026-05-11 14:44:03,43,"HSR Layout, Bengaluru",26,0.15,0.0006
2026-05-11 14:43:51,43,"HSR Layout, Bengaluru",26,0.15,0.0006
2026-05-11 14:43:39,43,"HSR Layout, Bengaluru",26,0.15,0.0006
2026-05-11 14:43:27,40,"HSR Layout, Bengaluru",24,0.14,0.0005
2026-05-11 14:43:15,41,"HSR Layout, Bengaluru",25,0.14,0.0006
2026-05-11 14:43:15,41,"HSR Layout, Bengaluru",25,0.14,0.0006
2026-05-11 14:43:15,41,"HSR Layout, Bengaluru",25,0.14,0.0006
2026-05-11 14:43:15,41,"HSR Layout, Bengaluru",25,0.14,0.0006
2026-05-11 14:43:15,41,"HSR Layout, Bengaluru",25,0.14,0.0006
2026-05-11 14:43:03,41,"HSR Layout, Bengaluru",25,0.14,0.0006
2026-05-11 14:42:51,45,"HSR Layout, Bengaluru",27,0.14,0.0006
2026-05-11 14:42:39,45,"HSR Layout, Bengaluru",27,0.14,0.0006
2026-05-11 14:42:27,43,"HSR Layout, Bengaluru",26,0.14,0.0006
2026-05-11 14:42:15,45,"HSR Layout, Bengaluru",27,0.14,0.0006
2026-05-11 14:42:03,43,"HSR Layout, Bengaluru",26,0.14,0.0006
2026-05-11 14:41:51,43,"HSR Layout, Bengaluru",26,0.14,0.0006
2026-05-11 14:41:39,46,"HSR Layout, Bengaluru",28,0.14,0.0007
2026-05-11 14:41:27,46,"HSR Layout, Bengaluru",28,0.14,0.0007
2026-05-11 14:41:15,46,"HSR Layout, Bengaluru",28,0.14,0.0007
2026-05-11 14:41:03,45,"HSR Layout, Bengaluru",27,0.14,0.0006
2026-05-11 14:40:51,45,"HSR Layout, Bengaluru",27,0.14,0.0006
2026-05-11 14:40:39,45,"HSR Layout, Bengaluru",27,0.14,0.0006
2026-05-11 14:40:27,43,"HSR Layout, Bengaluru",26,0.14,0.0006
2026-05-11 14:40:15,45,"HSR Layout, Bengaluru",27,0.14,0.0006
2026-05-11 14:40:03,41,"HSR Layout, Bengaluru",25,0.14,0.0006
2026-05-11 14:39:51,43,"HSR Layout, Bengaluru",26,0.14,0.0006
2026-05-11 14:39:39,41,"HSR Layout, Bengaluru",25,0.14,0.0006
2026-05-11 14:39:27,41,"HSR Layout, Bengaluru",25,0.14,0.0006
2026-05-11 14:39:15,45,"HSR Layout, Bengaluru",27,0.14,0.0006
2026-05-11 14:39:03,43,"HSR Layout, Bengaluru",26,0.14,0.0006
2026-05-11 14:38:51,43,"HSR Layout, Bengaluru",26,0.14,0.0006
2026-05-11 14:38:39,43,"HSR Layout, Bengaluru",26,0.14,0.0006
2026-05-11 14:38:27,45,"HSR Layout, Bengaluru",27,0.14,0.0006
2026-05-11 14:38:15,45,"HSR Layout, Bengaluru",27,0.14,0.0006
2026-05-11 14:38:03,41,"HSR Layout, Bengaluru",25,0.14,0.0006
2026-05-11 14:37:51,45,"HSR Layout, Bengaluru",27,0.14,0.0006
2026-05-11 14:37:39,43,"HSR Layout, Bengaluru",26,0.14,0.0006
2026-05-11 14:37:27,45,"HSR Layout, Bengaluru",27,0.14,0.0006
2026-05-11 14:37:15,46,"HSR Layout, Bengaluru",28,0.14,0.0007
2026-05-11 14:37:03,45,"HSR Layout, Bengaluru",27,0.14,0.0006
2026-05-11 14:36:51,45,"HSR Layout, Bengaluru",27,0.14,0.0006
2026-05-11 14:36:39,45,"HSR Layout, Bengaluru",27,0.14,0.0006
2026-05-11 14:36:27,45,"HSR Layout, Bengaluru",27,0.14,0.0006
2026-05-11 14:36:15,43,"HSR Layout, Bengaluru",26,0.14,0.0006
2026-05-11 14:36:03,41,"HSR Layout, Bengaluru",25,0.14,0.0006
2026-05-11 14:35:51,43,"HSR Layout, Bengaluru",26,0.14,0.0006
2026-05-11 14:35:39,46,"HSR Layout, Bengaluru",28,0.14,0.0007
2026-05-11 14:35:27,41,"HSR Layout, Bengaluru",25,0.15,0.0006
2026-05-11 14:35:15,41,"HSR Layout, Bengaluru",25,0.15,0.0006
2026-05-11 14:35:03,41,"HSR Layout, Bengaluru",25,0.15,0.0006
2026-05-11 14:34:51,41,"HSR Layout, Bengaluru",25,0.15,0.0006
2026-05-11 14:34:39,43,"HSR Layout, Bengaluru",26,0.15,0.0006
2026-05-11 14:34:27,41,"HSR Layout, Bengaluru",25,0.15,0.0006
2026-05-11 14:34:15,43,"HSR Layout, Bengaluru",26,0.15,0.0006
2026-05-11 14:34:03,45,"HSR Layout, Bengaluru",27,0.15,0.0006
2026-05-11 14:33:51,43,"HSR Layout, Bengaluru",26,0.15,0.0006
2026-05-11 14:33:39,45,"HSR Layout, Bengaluru",27,0.15,0.0006
2026-05-11 14:33:27,46,"HSR Layout, Bengaluru",28,0.14,0.0007
2026-05-11 14:33:19,46,"HSR Layout, Bengaluru",28,0.14,0.0007
2026-05-11 14:33:05,45,"HSR Layout, Bengaluru",27,0.14,0.0006
2026-05-11 14:33:05,45,"HSR Layout, Bengaluru",27,0.14,0.0006
2026-05-11 14:33:05,45,"HSR Layout, Bengaluru",27,0.14,0.0006
2026-05-11 14:33:05,45,"HSR Layout, Bengaluru",27,0.14,0.0006
2026-05-11 14:33:05,45,"HSR Layout, Bengaluru",27,0.14,0.0006
2026-05-11 14:32:54,46,"HSR Layout, Bengaluru",28,0.14,0.0007
2026-05-11 14:32:39,43,"HSR Layout, Bengaluru",26,0.14,0.0006
2026-05-11 14:32:27,45,"HSR Layout, Bengaluru",27,0.15,0.0006
2026-05-11 14:32:15,45,"HSR Layout, Bengaluru",27,0.15,0.0006
2026-05-11 14:32:03,46,"HSR Layout, Bengaluru",28,0.15,0.0007
2026-05-11 14:31:51,46,"HSR Layout, Bengaluru",28,0.15,0.0007
2026-05-11 14:31:39,48,"HSR Layout, Bengaluru",29,0.15,0.0007
2026-05-11 14:31:27,48,"HSR Layout, Bengaluru",29,0.15,0.0007
2026-05-11 14:31:15,50,"HSR Layout, Bengaluru",30,0.15,0.0008
2026-05-11 14:31:03,46,"HSR Layout, Bengaluru",28,0.15,0.0007
2026-05-11 14:30:51,45,"HSR Layout, Bengaluru",27,0.15,0.0006
2026-05-11 14:30:39,43,"HSR Layout, Bengaluru",26,0.15,0.0006
2026-05-11 14:30:27,46,"HSR Layout, Bengaluru",28,0.15,0.0007
2026-05-11 14:30:15,43,"HSR Layout, Bengaluru",26,0.15,0.0006
2026-05-11 14:30:03,43,"HSR Layout, Bengaluru",26,0.15,0.0006
2026-05-11 14:29:51,43,"HSR Layout, Bengaluru",26,0.15,0.0006
2026-05-11 14:29:39,45,"HSR Layout, Bengaluru",27,0.15,0.0006
2026-05-11 14:29:27,45,"HSR Layout, Bengaluru",27,0.15,0.0006
2026-05-11 14:29:15,46,"HSR Layout, Bengaluru",28,0.15,0.0007
2026-05-11 14:29:03,45,"HSR Layout, Bengaluru",27,0.15,0.0006
2026-05-11 14:28:51,46,"HSR Layout, Bengaluru",28,0.15,0.0007
2026-05-11 14:28:39,48,"HSR Layout, Bengaluru",29,0.15,0.0007
2026-05-11 14:28:27,45,"HSR Layout, Bengaluru",27,0.15,0.0006
2026-05-11 14:28:15,48,"HSR Layout, Bengaluru",29,0.15,0.0007
2026-05-11 14:28:08,46,"HSR Layout, Bengaluru",28,0.15,0.0007
2026-05-11 14:27:53,45,"HSR Layout, Bengaluru",27,0.15,0.0006
2026-05-11 14:27:53,45,"HSR Layout, Bengaluru",27,0.15,0.0006
2026-05-11 14:27:53,45,"HSR Layout, Bengaluru",27,0.15,0.0006
2026-05-11 14:27:53,45,"HSR Layout, Bengaluru",27,0.15,0.0006
2026-05-11 14:27:53,45,"HSR Layout, Bengaluru",27,0.15,0.0006
2026-05-11 14:27:39,46,"HSR Layout, Bengaluru",28,0.15,0.0007
2026-05-11 14:27:27,46,"HSR Layout, Bengaluru",28,0.15,0.0007
2026-05-11 14:27:15,45,"HSR Layout, Bengaluru",27,0.15,0.0006
2026-05-11 14:27:03,43,"HSR Layout, Bengaluru",26,0.15,0.0006
2026-05-11 14:26:51,45,"HSR Layout, Bengaluru",27,0.15,0.0006
2026-05-11 14:26:39,46,"HSR Layout, Bengaluru",28,0.15,0.0007
2026-05-11 14:26:27,43,"HSR Layout, Bengaluru",26,0.15,0.0006
2026-05-11 14:26:15,40,"HSR Layout, Bengaluru",24,0.15,0.0005
2026-05-11 14:26:03,43,"HSR Layout, Bengaluru",26,0.15,0.0006
2026-05-11 14:25:51,45,"HSR Layout, Bengaluru",27,0.15,0.0006
2026-05-11 14:25:39,46,"HSR Layout, Bengaluru",28,0.15,0.0007
2026-05-11 14:25:27,48,"HSR Layout, Bengaluru",29,0.15,0.0007
2026-05-11 14:25:15,45,"HSR Layout, Bengaluru",27,0.15,0.0006
2026-05-11 14:25:03,45,"HSR Layout, Bengaluru",27,0.15,0.0006
2026-05-11 14:24:51,43,"HSR Layout, Bengaluru",26,0.15,0.0006
2026-05-11 14:24:39,43,"HSR Layout, Bengaluru",26,0.15,0.0006
2026-05-11 14:24:27,41,"HSR Layout, Bengaluru",25,0.15,0.0006
2026-05-11 14:24:15,41,"HSR Layout, Bengaluru",25,0.15,0.0006
2026-05-11 14:24:03,41,"HSR Layout, Bengaluru",25,0.15,0.0006
2026-05-11 14:23:51,41,"HSR Layout, Bengaluru",25,0.15,0.0006
2026-05-11 14:23:39,43,"HSR Layout, Bengaluru",26,0.15,0.0006
2026-05-11 14:23:27,45,"HSR Layout, Bengaluru",27,0.15,0.0006
2026-05-11 14:23:15,43,"HSR Layout, Bengaluru",26,0.15,0.0006
2026-05-11 14:23:03,43,"HSR Layout, Bengaluru",26,0.15,0.0006
2026-05-11 14:22:55,43,"HSR Layout, Bengaluru",26,0.15,0.0006
2026-05-11 14:22:41,43,"HSR Layout, Bengaluru",26,0.15,0.0006
2026-05-11 14:22:41,43,"HSR Layout, Bengaluru",26,0.15,0.0006
2026-05-11 14:22:41,43,"HSR Layout, Bengaluru",26,0.15,0.0006
2026-05-11 14:22:41,43,"HSR Layout, Bengaluru",26,0.15,0.0006
2026-05-11 14:22:41,43,"HSR Layout, Bengaluru",26,0.15,0.0006
2026-05-11 14:22:27,45,"HSR Layout, Bengaluru",27,0.15,0.0006
2026-05-11 14:22:15,43,"HSR Layout, Bengaluru",26,0.15,0.0006
2026-05-11 14:22:03,38,"HSR Layout, Bengaluru",23,0.15,0.0005
2026-05-11 14:21:51,41,"HSR Layout, Bengaluru",25,0.15,0.0006
2026-05-11 14:21:39,45,"HSR Layout, Bengaluru",27,0.15,0.0006
2026-05-11 14:21:27,43,"HSR Layout, Bengaluru",26,0.16,0.0006
2026-05-11 14:21:15,41,"HSR Layout, Bengaluru",25,0.16,0.0006
2026-05-11 14:21:03,45,"HSR Layout, Bengaluru",27,0.16,0.0006
2026-05-11 14:20:51,45,"HSR Layout, Bengaluru",27,0.16,0.0006
2026-05-11 14:20:39,45,"HSR Layout, Bengaluru",27,0.16,0.0006
2026-05-11 14:20:27,46,"HSR Layout, Bengaluru",28,0.16,0.0007
2026-05-11 14:20:15,43,"HSR Layout, Bengaluru",26,0.16,0.0006
2026-05-11 14:20:03,43,"HSR Layout, Bengaluru",26,0.16,0.0006
2026-05-11 14:19:51,41,"HSR Layout, Bengaluru",25,0.16,0.0006
2026-05-11 14:19:39,43,"HSR Layout, Bengaluru",26,0.16,0.0006
2026-05-11 14:19:27,41,"HSR Layout, Bengaluru",25,0.16,0.0006
2026-05-11 14:19:15,43,"HSR Layout, Bengaluru",26,0.16,0.0006
2026-05-11 14:19:03,45,"HSR Layout, Bengaluru",27,0.16,0.0006
2026-05-11 14:18:51,43,"HSR Layout, Bengaluru",26,0.16,0.0006
2026-05-11 14:18:39,40,"HSR Layout, Bengaluru",24,0.16,0.0005
2026-05-11 14:18:27,41,"HSR Layout, Bengaluru",25,0.16,0.0006
2026-05-11 14:18:15,41,"HSR Layout, Bengaluru",25,0.16,0.0006
2026-05-11 14:18:03,43,"HSR Layout, Bengaluru",26,0.16,0.0006
2026-05-11 14:17:51,46,"HSR Layout, Bengaluru",28,0.16,0.0007
2026-05-11 14:17:39,45,"HSR Layout, Bengaluru",27,0.16,0.0006
2026-05-11 14:17:27,43,"HSR Layout, Bengaluru",26,0.16,0.0006
2026-05-11 14:17:15,41,"HSR Layout, Bengaluru",25,0.16,0.0006
2026-05-11 14:17:03,43,"HSR Layout, Bengaluru",26,0.16,0.0006
2026-05-11 14:16:51,43,"HSR Layout, Bengaluru",26,0.16,0.0006
2026-05-11 14:16:39,43,"HSR Layout, Bengaluru",26,0.16,0.0006
2026-05-11 14:16:27,45,"HSR Layout, Bengaluru",27,0.17,0.0006
2026-05-11 14:16:15,40,"HSR Layout, Bengaluru",24,0.17,0.0005
2026-05-11 14:16:03,41,"HSR Layout, Bengaluru",25,0.17,0.0006
2026-05-11 14:15:51,41,"HSR Layout, Bengaluru",25,0.17,0.0006
2026-05-11 14:15:39,41,"HSR Layout, Bengaluru",25,0.17,0.0006
2026-05-11 14:15:27,43,"HSR Layout, Bengaluru",26,0.17,0.0006
2026-05-11 14:15:15,43,"HSR Layout, Bengaluru",26,0.17,0.0006
2026-05-11 14:15:03,40,"HSR Layout, Bengaluru",24,0.17,0.0005
2026-05-11 14:14:51,43,"HSR Layout, Bengaluru",26,0.17,0.0006
2026-05-11 14:14:39,41,"HSR Layout, Bengaluru",25,0.17,0.0006
2026-05-11 14:14:27,40,"HSR Layout, Bengaluru",24,0.16,0.0005
2026-05-11 14:14:15,41,"HSR Layout, Bengaluru",25,0.16,0.0006
2026-05-11 14:14:03,45,"HSR Layout, Bengaluru",27,0.16,0.0006
2026-05-11 14:13:51,45,"HSR Layout, Bengaluru",27,0.16,0.0006
2026-05-11 14:13:39,45,"HSR Layout, Bengaluru",27,0.16,0.0006
2026-05-11 14:13:27,45,"HSR Layout, Bengaluru",27,0.16,0.0006
2026-05-11 14:13:15,45,"HSR Layout, Bengaluru",27,0.16,0.0006
2026-05-11 14:13:03,48,"HSR Layout, Bengaluru",29,0.16,0.0007
2026-05-11 14:12:51,50,"HSR Layout, Bengaluru",30,0.16,0.0008
2026-05-11 14:12:39,50,"HSR Layout, Bengaluru",30,0.16,0.0008
2026-05-11 14:12:27,50,"Bengaluru, Karnataka",30,0.16,0.0008
2026-05-11 14:12:27,50,"Bengaluru, Karnataka",30,0.16,0.0008
2026-05-11 14:12:27,50,"Bengaluru, Karnataka",30,0.16,0.0008
2026-05-11 14:12:27,50,"Bengaluru, Karnataka",30,0.16,0.0008
2026-05-11 14:12:27,48,"HSR Layout, Bengaluru",29,0.16,0.0007
2026-05-11 14:12:03,46,"HSR Layout, Bengaluru",28,0.16,0.0007
2026-05-11 14:11:51,46,"HSR Layout, Bengaluru",28,0.16,0.0007
2026-05-11 14:11:39,45,"HSR Layout, Bengaluru",27,0.16,0.0006
2026-05-11 14:11:27,46,"HSR Layout, Bengaluru",28,0.17,0.0007
2026-05-11 14:11:16,48,"HSR Layout, Bengaluru",29,0.17,0.0007
2026-05-11 14:11:03,50,"HSR Layout, Bengaluru",30,0.17,0.0008
2026-05-11 14:10:51,48,"HSR Layout, Bengaluru",29,0.17,0.0007
2026-05-11 14:10:39,48,"HSR Layout, Bengaluru",29,0.17,0.0007
2026-05-11 14:10:27,48,"HSR Layout, Bengaluru",29,0.18,0.0007
2026-05-11 14:10:15,50,"HSR Layout, Bengaluru",30,0.18,0.0008
2026-05-11 14:10:03,48,"HSR Layout, Bengaluru",29,0.18,0.0007
2026-05-11 14:09:51,48,"HSR Layout, Bengaluru",29,0.18,0.0007
2026-05-11 14:09:39,52,"HSR Layout, Bengaluru",32,0.18,0.0008
2026-05-11 14:09:27,52,"HSR Layout, Bengaluru",32,0.18,0.0008
2026-05-11 14:09:15,52,"HSR Layout, Bengaluru",32,0.18,0.0008
2026-05-11 14:09:03,54,"HSR Layout, Bengaluru",33,0.18,0.0009
2026-05-11 14:08:51,54,"HSR Layout, Bengaluru",33,0.18,0.0009
2026-05-11 14:08:39,52,"HSR Layout, Bengaluru",32,0.18,0.0008
2026-05-11 14:08:27,52,"HSR Layout, Bengaluru",32,0.18,0.0008
2026-05-11 14:08:15,52,"HSR Layout, Bengaluru",32,0.18,0.0008
2026-05-11 14:08:03,56,"HSR Layout, Bengaluru",34,0.18,0.0009
2026-05-11 14:07:51,61,"HSR Layout, Bengaluru",37,0.18,0.0010
2026-05-11 14:07:39,64,"HSR Layout, Bengaluru",39,0.18,0.0011
2026-05-11 14:07:27,64,"HSR Layout, Bengaluru",39,0.18,0.0011
2026-05-11 14:07:15,62,"HSR Layout, Bengaluru",38,0.18,0.0011
2026-05-11 14:07:04,56,"HSR Layout, Bengaluru",34,0.18,0.0009
2026-05-11 14:07:04,56,"HSR Layout, Bengaluru",34,0.18,0.0009
2026-05-11 14:07:03,56,"HSR Layout, Bengaluru",34,0.18,0.0009
2026-05-11 14:07:03,56,"HSR Layout, Bengaluru",34,0.18,0.0009
2026-05-11 14:06:51,52,"Bommanahalli, Bengaluru",32,0.18,0.0008
2026-05-11 14:06:39,51,"Bommanahalli, Bengaluru",31,0.18,0.0008
2026-05-11 14:06:27,52,"Bommanahalli, Bengaluru",32,0.18,0.0008
2026-05-11 14:06:15,54,"Bommanahalli, Bengaluru",33,0.18,0.0009
2026-05-11 14:06:03,52,"Bommanahalli, Bengaluru",32,0.18,0.0008
2026-05-11 14:05:51,54,"Bommanahalli, Bengaluru",33,0.18,0.0009
2026-05-11 14:05:39,54,"Bommanahalli, Bengaluru",33,0.18,0.0009
2026-05-11 14:05:27,51,"Bommanahalli, Bengaluru",31,0.18,0.0008
2026-05-11 14:05:15,52,"Bommanahalli, Bengaluru",32,0.18,0.0008
2026-05-11 14:05:03,52,"Bommanahalli, Bengaluru",32,0.18,0.0008
2026-05-11 14:04:51,52,"Bommanahalli, Bengaluru",32,0.18,0.0008
2026-05-11 14:04:39,54,"Bommanahalli, Bengaluru",33,0.18,0.0009
2026-05-11 14:04:27,54,"Bommanahalli, Bengaluru",33,0.18,0.0009
2026-05-11 14:04:15,52,"Bommanahalli, Bengaluru",32,0.18,0.0008
2026-05-11 14:04:03,50,"Bommanahalli, Bengaluru",30,0.18,0.0008
2026-05-11 14:03:51,51,"Bommanahalli, Bengaluru",31,0.18,0.0008
2026-05-11 14:03:39,52,"Bommanahalli, Bengaluru",32,0.18,0.0008
2026-05-11 14:03:27,56,"Bommanahalli, Bengaluru",34,0.18,0.0009
2026-05-11 14:03:15,64,"Bommanahalli, Bengaluru",39,0.18,0.0011
2026-05-11 14:03:07,74,"Bommanahalli, Bengaluru",45,0.18,0.0013
2026-05-11 14:02:55,81,"Bommanahalli, Bengaluru",49,0.18,0.0015
2026-05-11 14:02:44,76,"Bommanahalli, Bengaluru",46,0.18,0.0014
2026-05-11 14:02:39,66,"Bommanahalli, Bengaluru",40,0.18,0.0011
2026-05-11 14:02:27,59,"Bommanahalli, Bengaluru",36,0.18,0.0010
2026-05-11 14:02:15,59,"Bommanahalli, Bengaluru",36,0.18,0.0010
2026-05-11 14:02:03,56,"Bommanahalli, Bengaluru",34,0.18,0.0009
2026-05-11 14:01:51,57,"Bommanahalli, Bengaluru",35,0.18,0.0009
2026-05-11 14:01:51,57,"Bommanahalli, Bengaluru",35,0.18,0.0009
2026-05-11 14:01:51,57,"Bommanahalli, Bengaluru",35,0.18,0.0009
2026-05-11 14:01:39,61,"Bommanahalli, Bengaluru",37,0.18,0.0010
2026-05-11 14:01:27,67,"Bommanahalli, Bengaluru",41,0.18,0.0012
2026-05-11 14:01:15,66,"Bommanahalli, Bengaluru",40,0.18,0.0011
2026-05-11 14:01:03,62,"Bommanahalli, Bengaluru",38,0.18,0.0011
2026-05-11 14:00:51,71,"Bommanahalli, Bengaluru",43,0.18,0.0013
2026-05-11 14:00:39,76,"Bommanahalli, Bengaluru",46,0.18,0.0014
2026-05-11 14:00:27,69,"Bommanahalli, Bengaluru",42,0.18,0.0012
2026-05-11 14:00:15,57,"Bommanahalli, Bengaluru",35,0.18,0.0009
2026-05-11 14:00:03,59,"Bommanahalli, Bengaluru",36,0.18,0.0010
2026-05-11 13:59:51,59,"Bommanahalli, Bengaluru",36,0.18,0.0010
2026-05-11 13:59:39,61,"Bommanahalli, Bengaluru",37,0.18,0.0010
2026-05-11 13:59:27,66,"Bommanahalli, Bengaluru",40,0.18,0.0011
2026-05-11 13:59:16,76,"Bommanahalli, Bengaluru",46,0.18,0.0014
2026-05-11 13:59:06,86,"Bommanahalli, Bengaluru",52,0.18,0.0016
2026-05-11 13:59:03,100,"Bommanahalli, Bengaluru",60,0.18,0.0019
2026-05-11 13:58:59,124,"Bommanahalli, Bengaluru",68,0.18,0.0022
2026-05-11 13:58:56,155,"Bommanahalli, Bengaluru",77,0.18,0.0025
2026-05-11 13:58:53,186,"Bommanahalli, Bengaluru",86,0.18,0.0029
2026-05-11 13:58:51,201,"Bommanahalli, Bengaluru",91,0.18,0.0031
2026-05-11 13:58:46,214,"Bommanahalli, Bengaluru",95,0.18,0.0032
2026-05-11 13:58:43,162,"Bommanahalli, Bengaluru",79,0.18,0.0026
2026-05-11 13:58:40,100,"Bommanahalli, Bengaluru",60,0.18,0.0019
2026-05-11 13:58:37,84,"Bommanahalli, Bengaluru",51,0.18,0.0016
2026-05-11 13:58:32,72,"Bommanahalli, Bengaluru",44,0.18,0.0013
2026-05-11 13:58:23,83,"Bommanahalli, Bengaluru",50,0.17,0.0015
2026-05-11 13:58:11,83,"Bommanahalli, Bengaluru",50,0.17,0.0015
2026-05-11 13:57:59,72,"Bommanahalli, Bengaluru",44,0.17,0.0013
2026-05-11 13:57:47,64,"Bommanahalli, Bengaluru",39,0.17,0.0011
2026-05-11 13:57:35,61,"Bommanahalli, Bengaluru",37,0.17,0.0010
2026-05-11 13:57:24,67,"Bommanahalli, Bengaluru",41,0.17,0.0012
2026-05-11 13:57:13,78,"Bommanahalli, Bengaluru",47,0.17,0.0014
2026-05-11 13:57:07,88,"Bommanahalli, Bengaluru",53,0.17,0.0016
2026-05-11 13:57:04,100,"Bommanahalli, Bengaluru",60,0.17,0.0019
2026-05-11 13:57:01,118,"Bommanahalli, Bengaluru",66,0.17,0.0021
2026-05-11 13:56:58,131,"Bommanahalli, Bengaluru",70,0.17,0.0023
2026-05-11 13:56:55,145,"Bommanahalli, Bengaluru",74,0.17,0.0024
2026-05-11 13:56:51,155,"Bommanahalli, Bengaluru",77,0.17,0.0025
2026-05-11 13:56:48,165,"Bommanahalli, Bengaluru",80,0.17,0.0027
2026-05-11 13:56:44,179,"Bommanahalli, Bengaluru",84,0.17,0.0028
2026-05-11 13:56:42,189,"Bommanahalli, Bengaluru",87,0.17,0.0029
2026-05-11 13:56:42,189,"Bommanahalli, Bengaluru",87,0.17,0.0029
2026-05-11 13:56:42,189,"Bommanahalli, Bengaluru",87,0.17,0.0029
2026-05-11 13:56:30,200,"Bilekahalli, Bengaluru",90,0.16,0.0030
2026-05-11 13:56:27,179,"Bilekahalli, Bengaluru",84,0.16,0.0028
2026-05-11 13:56:24,152,"Bilekahalli, Bengaluru",76,0.16,0.0025
2026-05-11 13:56:22,121,"Bilekahalli, Bengaluru",67,0.16,0.0022
2026-05-11 13:56:18,100,"Bilekahalli, Bengaluru",60,0.16,0.0019
2026-05-11 13:56:15,83,"Bilekahalli, Bengaluru",50,0.16,0.0015
2026-05-11 13:56:03,74,"Bilekahalli, Bengaluru",45,0.16,0.0013
2026-05-11 13:55:51,79,"Bilekahalli, Bengaluru",48,0.16,0.0014
2026-05-11 13:55:40,89,"Bilekahalli, Bengaluru",54,0.16,0.0017
2026-05-11 13:55:37,100,"Bilekahalli, Bengaluru",60,0.16,0.0019
2026-05-11 13:55:34,118,"Bilekahalli, Bengaluru",66,0.16,0.0021
2026-05-11 13:55:31,128,"Bilekahalli, Bengaluru",69,0.16,0.0022
2026-05-11 13:55:28,141,"Bilekahalli, Bengaluru",73,0.16,0.0024
2026-05-11 13:55:24,152,"Bilekahalli, Bengaluru",76,0.16,0.0025
2026-05-11 13:55:21,135,"Bilekahalli, Bengaluru",71,0.16,0.0023
2026-05-11 13:55:18,94,"Bilekahalli, Bengaluru",57,0.16,0.0018
2026-05-11 13:55:15,79,"Bilekahalli, Bengaluru",48,0.16,0.0014
2026-05-11 13:55:12,64,"Bilekahalli, Bengaluru",39,0.16,0.0011
2026-05-11 13:55:00,57,"Bilekahalli, Bengaluru",35,0.16,0.0009
2026-05-11 13:54:48,59,"Bilekahalli, Bengaluru",36,0.16,0.0010
2026-05-11 13:54:36,67,"Bilekahalli, Bengaluru",41,0.16,0.0012
2026-05-11 13:54:24,69,"Bilekahalli, Bengaluru",42,0.16,0.0012
2026-05-11 13:54:19,59,"Bilekahalli, Bengaluru",36,0.16,0.0010
2026-05-11 13:54:07,52,"Bilekahalli, Bengaluru",32,0.16,0.0008
2026-05-11 13:53:55,52,"Bilekahalli, Bengaluru",32,0.16,0.0008
2026-05-11 13:53:43,52,"Bilekahalli, Bengaluru",32,0.16,0.0008
2026-05-11 13:53:31,54,"Bilekahalli, Bengaluru",33,0.16,0.0009
2026-05-11 13:53:19,51,"Bilekahalli, Bengaluru",31,0.16,0.0008
2026-05-11 13:53:07,51,"Bilekahalli, Bengaluru",31,0.16,0.0008
2026-05-11 13:52:55,51,"Bilekahalli, Bengaluru",31,0.16,0.0008
2026-05-11 13:52:43,54,"Bilekahalli, Bengaluru",33,0.16,0.0009
2026-05-11 13:52:31,52,"Bilekahalli, Bengaluru",32,0.16,0.0008
2026-05-11 13:52:19,54,"Bilekahalli, Bengaluru",33,0.15,0.0009
2026-05-11 13:52:07,59,"Bilekahalli, Bengaluru",36,0.15,0.0010
2026-05-11 13:51:55,62,"Bilekahalli, Bengaluru",38,0.15,0.0011
2026-05-11 13:51:44,52,"Bilekahalli, Bengaluru",32,0.15,0.0008
2026-05-11 13:51:33,54,"Bilekahalli, Bengaluru",33,0.15,0.0009
2026-05-11 13:51:33,54,"Bilekahalli, Bengaluru",33,0.15,0.0009
2026-05-11 13:51:33,54,"Bilekahalli, Bengaluru",33,0.15,0.0009
2026-05-11 13:51:32,54,"Bilekahalli, Bengaluru",33,0.15,0.0009
2026-05-11 13:51:20,59,"Arakere, Bengaluru",36,0.15,0.0010
2026-05-11 13:51:08,51,"Arakere, Bengaluru",31,0.15,0.0008
2026-05-11 13:50:56,52,"Arakere, Bengaluru",32,0.15,0.0008
2026-05-11 13:50:44,51,"Arakere, Bengaluru",31,0.15,0.0008
2026-05-11 13:50:32,51,"Arakere, Bengaluru",31,0.15,0.0008
2026-05-11 13:50:20,51,"Arakere, Bengaluru",31,0.15,0.0008
2026-05-11 13:50:08,52,"Arakere, Bengaluru",32,0.15,0.0008
2026-05-11 13:49:56,52,"Arakere, Bengaluru",32,0.15,0.0008
2026-05-11 13:49:44,56,"Arakere, Bengaluru",34,0.15,0.0009
2026-05-11 13:49:32,59,"Arakere, Bengaluru",36,0.15,0.0010
2026-05-11 13:49:20,67,"Arakere, Bengaluru",41,0.15,0.0012
2026-05-11 13:49:09,57,"Arakere, Bengaluru",35,0.15,0.0009
2026-05-11 13:48:57,57,"Arakere, Bengaluru",35,0.15,0.0009
2026-05-11 13:48:45,61,"Arakere, Bengaluru",37,0.15,0.0010
2026-05-11 13:48:33,57,"Arakere, Bengaluru",35,0.15,0.0009
2026-05-11 13:48:21,56,"Arakere, Bengaluru",34,0.14,0.0009
2026-05-11 13:48:09,54,"Arakere, Bengaluru",33,0.14,0.0009
2026-05-11 13:47:57,48,"Arakere, Bengaluru",29,0.14,0.0007
2026-05-11 13:47:45,50,"Arakere, Bengaluru",30,0.14,0.0008
2026-05-11 13:47:33,51,"Arakere, Bengaluru",31,0.14,0.0008
2026-05-11 13:47:21,52,"Arakere, Bengaluru",32,0.14,0.0008
2026-05-11 13:47:09,54,"Arakere, Bengaluru",33,0.14,0.0009
2026-05-11 13:46:57,52,"Arakere, Bengaluru",32,0.14,0.0008
2026-05-11 13:46:44,52,"Arakere, Bengaluru",32,0.14,0.0008
2026-05-11 13:46:33,52,"Arakere, Bengaluru",32,0.14,0.0008
2026-05-11 13:46:21,52,"Arakere, Bengaluru",32,0.13,0.0008
2026-05-10 18:44:51,48,"Arakere, Bengaluru",29,0.14,0.0007
2026-05-10 18:44:39,50,"Arakere, Bengaluru",30,0.14,0.0008
2026-05-10 18:44:39,50,"Arakere, Bengaluru",30,0.14,0.0008
2026-05-10 18:44:39,50,"Arakere, Bengaluru",30,0.14,0.0008
2026-05-10 18:44:39,50,"Arakere, Bengaluru",30,0.14,0.0008
2026-05-10 18:44:27,51,"Arakere, Bengaluru",31,0.14,0.0008
2026-05-10 18:44:15,50,"Arakere, Bengaluru",30,0.14,0.0008
2026-05-10 18:44:03,48,"Arakere, Bengaluru",29,0.14,0.0007
2026-05-10 18:43:51,50,"Arakere, Bengaluru",30,0.14,0.0008
2026-05-10 18:43:39,50,"Arakere, Bengaluru",30,0.14,0.0008
2026-05-10 18:43:27,48,"Arakere, Bengaluru",29,0.14,0.0007
2026-05-10 18:42:39,50,"Arakere, Bengaluru",30,0.14,0.0008
2026-05-10 18:42:27,50,"Arakere, Bengaluru",30,0.13,0.0008
2026-05-10 18:42:15,48,"Arakere, Bengaluru",29,0.13,0.0007
2026-05-10 18:42:03,50,"Arakere, Bengaluru",30,0.13,0.0008
2026-05-10 18:41:51,48,"Arakere, Bengaluru",29,0.13,0.0007
2026-05-10 18:41:39,48,"Arakere, Bengaluru",29,0.13,0.0007
2026-05-10 18:41:27,50,"Arakere, Bengaluru",30,0.13,0.0008
2026-05-10 18:41:15,50,"Arakere, Bengaluru",30,0.13,0.0008
2026-05-10 18:41:03,50,"Arakere, Bengaluru",30,0.13,0.0008
2026-05-10 18:40:51,51,"Arakere, Bengaluru",31,0.13,0.0008
2026-05-10 18:40:39,50,"Arakere, Bengaluru",30,0.13,0.0008
2026-05-10 18:40:27,48,"Arakere, Bengaluru",29,0.14,0.0007
2026-05-10 18:40:15,51,"Arakere, Bengaluru",31,0.14,0.0008
2026-05-10 18:40:03,51,"Arakere, Bengaluru",31,0.14,0.0008
2026-05-10 18:39:51,51,"Arakere, Bengaluru",31,0.14,0.0008
2026-05-10 18:39:39,51,"Arakere, Bengaluru",31,0.14,0.0008
2026-05-10 18:39:27,50,"Arakere, Bengaluru",30,0.14,0.0008
2026-05-10 18:39:27,50,"Arakere, Bengaluru",30,0.14,0.0008
2026-05-10 18:39:27,50,"Arakere, Bengaluru",30,0.14,0.0008
2026-05-10 18:39:15,50,"Arakere, Bengaluru",30,0.14,0.0008
2026-05-10 18:39:03,50,"Arakere, Bengaluru",30,0.14,0.0008
2026-05-10 18:38:51,50,"Arakere, Bengaluru",30,0.14,0.0008
2026-05-10 18:38:39,51,"Arakere, Bengaluru",31,0.14,0.0008
2026-05-10 18:38:27,48,"Arakere, Bengaluru",29,0.14,0.0007
2026-05-10 18:38:15,50,"Arakere, Bengaluru",30,0.14,0.0008
2026-05-10 18:38:03,52,"Arakere, Bengaluru",32,0.14,0.0008
2026-05-10 18:37:51,51,"Arakere, Bengaluru",31,0.14,0.0008
2026-05-10 18:37:39,50,"Arakere, Bengaluru",30,0.14,0.0008
2026-05-10 18:37:27,50,"Arakere, Bengaluru",30,0.13,0.0008
2026-05-10 18:37:15,48,"Arakere, Bengaluru",29,0.13,0.0007
2026-05-10 18:37:03,51,"Arakere, Bengaluru",31,0.13,0.0008
2026-05-10 18:36:51,50,"Arakere, Bengaluru",30,0.13,0.0008
2026-05-10 18:36:39,48,"Arakere, Bengaluru",29,0.13,0.0007
2026-05-10 18:36:27,50,"Arakere, Bengaluru",30,0.13,0.0008
2026-05-10 18:36:15,51,"Arakere, Bengaluru",31,0.13,0.0008
2026-05-10 18:36:03,52,"Arakere, Bengaluru",32,0.13,0.0008
2026-05-10 18:35:51,50,"Arakere, Bengaluru",30,0.13,0.0008
2026-05-10 18:35:39,51,"Arakere, Bengaluru",31,0.13,0.0008
2026-05-10 18:35:27,52,"Arakere, Bengaluru",32,0.13,0.0008
2026-05-10 18:35:15,51,"Arakere, Bengaluru",31,0.13,0.0008
2026-05-10 18:35:03,52,"Arakere, Bengaluru",32,0.13,0.0008
2026-05-10 18:34:51,51,"Arakere, Bengaluru",31,0.13,0.0008
2026-05-10 18:34:39,52,"Arakere, Bengaluru",32,0.13,0.0008
2026-05-10 18:34:27,52,"Arakere, Bengaluru",32,0.13,0.0008
2026-05-10 18:34:15,52,"Arakere, Bengaluru",32,0.13,0.0008
2026-05-10 18:34:15,52,"Arakere, Bengaluru",32,0.13,0.0008
2026-05-10 18:34:15,52,"Arakere, Bengaluru",32,0.13,0.0008
2026-05-10 18:34:15,52,"Arakere, Bengaluru",32,0.13,0.0008
2026-05-10 18:34:15,52,"Arakere, Bengaluru",32,0.13,0.0008
2026-05-10 18:34:03,54,"Arakere, Bengaluru",33,0.13,0.0009
2026-05-10 18:33:51,52,"Arakere, Bengaluru",32,0.13,0.0008
2026-05-10 18:33:39,54,"Arakere, Bengaluru",33,0.13,0.0009
2026-05-10 18:33:27,52,"Arakere, Bengaluru",32,0.13,0.0008
2026-05-10 18:33:15,52,"Arakere, Bengaluru",32,0.13,0.0008
2026-05-10 18:33:03,57,"Arakere, Bengaluru",35,0.13,0.0009
2026-05-10 18:32:51,57,"Arakere, Bengaluru",35,0.13,0.0009
2026-05-10 18:32:39,54,"Arakere, Bengaluru",33,0.13,0.0009
2026-05-10 18:32:27,57,"Arakere, Bengaluru",35,0.13,0.0009
2026-05-10 18:32:15,57,"Arakere, Bengaluru",35,0.13,0.0009
2026-05-10 18:32:03,56,"Arakere, Bengaluru",34,0.13,0.0009
2026-05-10 18:31:51,52,"Arakere, Bengaluru",32,0.13,0.0008
2026-05-10 18:31:39,52,"Arakere, Bengaluru",32,0.13,0.0008
2026-05-10 18:31:27,52,"Arakere, Bengaluru",32,0.13,0.0008
2026-05-10 18:31:15,52,"Arakere, Bengaluru",32,0.13,0.0008
2026-05-10 18:31:03,56,"Arakere, Bengaluru",34,0.13,0.0009
2026-05-10 18:30:51,57,"Arakere, Bengaluru",35,0.13,0.0009
2026-05-10 18:30:39,57,"Arakere, Bengaluru",35,0.13,0.0009
2026-05-10 18:30:27,54,"Arakere, Bengaluru",33,0.13,0.0009
2026-05-10 18:30:15,54,"Arakere, Bengaluru",33,0.13,0.0009
2026-05-10 18:30:03,52,"Arakere, Bengaluru",32,0.13,0.0008
2026-05-10 18:29:51,52,"Arakere, Bengaluru",32,0.13,0.0008
2026-05-10 18:29:39,51,"Arakere, Bengaluru",31,0.13,0.0008
2026-05-10 18:29:27,52,"Arakere, Bengaluru",32,0.13,0.0008
2026-05-10 18:29:15,51,"Arakere, Bengaluru",31,0.13,0.0008
2026-05-10 18:29:04,54,"Arakere, Bengaluru",33,0.13,0.0009
2026-05-10 18:29:04,54,"Arakere, Bengaluru",33,0.13,0.0009
2026-05-10 18:29:03,54,"Arakere, Bengaluru",33,0.13,0.0009
2026-05-10 18:28:51,54,"Arakere, Bengaluru",33,0.13,0.0009
2026-05-10 18:28:39,54,"Arakere, Bengaluru",33,0.13,0.0009
2026-05-10 18:28:27,52,"Arakere, Bengaluru",32,0.13,0.0008
2026-05-10 18:28:15,54,"Arakere, Bengaluru",33,0.13,0.0009
2026-05-10 18:28:03,57,"Arakere, Bengaluru",35,0.13,0.0009
2026-05-10 18:27:51,54,"Arakere, Bengaluru",33,0.13,0.0009
2026-05-10 18:27:39,54,"Arakere, Bengaluru",33,0.13,0.0009
2026-05-10 18:27:27,52,"Arakere, Bengaluru",32,0.13,0.0008
2026-05-10 18:27:15,54,"Arakere, Bengaluru",33,0.13,0.0009
2026-05-10 18:27:03,54,"Arakere, Bengaluru",33,0.13,0.0009
2026-05-10 18:26:51,52,"Arakere, Bengaluru",32,0.13,0.0008
2026-05-10 18:26:39,52,"Arakere, Bengaluru",32,0.13,0.0008
2026-05-10 18:26:27,51,"Arakere, Bengaluru",31,0.13,0.0008
2026-05-10 18:26:15,52,"Arakere, Bengaluru",32,0.13,0.0008
2026-05-10 18:26:03,52,"Arakere, Bengaluru",32,0.13,0.0008
2026-05-10 18:25:51,56,"Arakere, Bengaluru",34,0.13,0.0009
2026-05-10 18:25:39,54,"Arakere, Bengaluru",33,0.13,0.0009
2026-05-10 18:25:27,52,"Arakere, Bengaluru",32,0.13,0.0008
2026-05-10 18:25:15,54,"Arakere, Bengaluru",33,0.13,0.0009
2026-05-10 18:25:03,54,"Arakere, Bengaluru",33,0.13,0.0009
2026-05-10 18:24:51,52,"Arakere, Bengaluru",32,0.13,0.0008
2026-05-10 18:24:39,54,"Arakere, Bengaluru",33,0.13,0.0009
2026-05-10 18:24:27,56,"Arakere, Bengaluru",34,0.13,0.0009
2026-05-10 18:24:15,56,"Arakere, Bengaluru",34,0.13,0.0009
2026-05-10 18:24:03,57,"Arakere, Bengaluru",35,0.13,0.0009
2026-05-10 18:23:51,59,"Arakere, Bengaluru",36,0.13,0.0010
2026-05-10 18:23:51,59,"Arakere, Bengaluru",36,0.13,0.0010
2026-05-10 18:23:51,59,"Arakere, Bengaluru",36,0.13,0.0010
2026-05-10 18:23:39,57,"Arakere, Bengaluru",35,0.13,0.0009
2026-05-10 18:23:27,54,"Arakere, Bengaluru",33,0.13,0.0009
2026-05-10 18:23:15,51,"Arakere, Bengaluru",31,0.13,0.0008
2026-05-10 18:23:03,51,"Arakere, Bengaluru",31,0.13,0.0008
2026-05-10 18:22:51,51,"Arakere, Bengaluru",31,0.13,0.0008
2026-05-10 18:22:39,52,"Arakere, Bengaluru",32,0.13,0.0008
2026-05-10 18:22:27,54,"Arakere, Bengaluru",33,0.13,0.0009
2026-05-10 18:22:15,56,"Arakere, Bengaluru",34,0.13,0.0009
2026-05-10 18:22:03,57,"Arakere, Bengaluru",35,0.13,0.0009
2026-05-10 18:21:51,57,"Arakere, Bengaluru",35,0.13,0.0009
2026-05-10 18:21:39,57,"Arakere, Bengaluru",35,0.13,0.0009
2026-05-10 18:21:27,57,"Arakere, Bengaluru",35,0.13,0.0009
2026-05-10 18:21:15,54,"Arakere, Bengaluru",33,0.13,0.0009
2026-05-10 18:21:03,56,"Arakere, Bengaluru",34,0.13,0.0009
2026-05-10 18:20:51,54,"Arakere, Bengaluru",33,0.13,0.0009
2026-05-10 18:20:39,57,"Arakere, Bengaluru",35,0.13,0.0009
2026-05-10 18:20:27,57,"Arakere, Bengaluru",35,0.13,0.0009
2026-05-10 18:20:15,57,"Arakere, Bengaluru",35,0.13,0.0009
2026-05-10 18:20:03,56,"Arakere, Bengaluru",34,0.13,0.0009
2026-05-10 18:19:51,56,"Arakere, Bengaluru",34,0.13,0.0009
2026-05-10 18:19:39,52,"Arakere, Bengaluru",32,0.13,0.0008
2026-05-10 18:19:27,52,"Arakere, Bengaluru",32,0.13,0.0008
2026-05-10 18:19:15,52,"Arakere, Bengaluru",32,0.13,0.0008
2026-05-10 18:19:03,54,"Arakere, Bengaluru",33,0.13,0.0009
2026-05-10 18:18:51,54,"Arakere, Bengaluru",33,0.13,0.0009
2026-05-10 18:18:39,52,"Arakere, Bengaluru",32,0.13,0.0008
2026-05-10 18:18:39,52,"Arakere, Bengaluru",32,0.13,0.0008
2026-05-10 18:18:39,52,"Arakere, Bengaluru",32,0.13,0.0008
2026-05-10 18:18:27,52,"Arakere, Bengaluru",32,0.13,0.0008
2026-05-10 18:18:15,54,"Arakere, Bengaluru",33,0.13,0.0009
2026-05-10 18:18:03,56,"Arakere, Bengaluru",34,0.13,0.0009
2026-05-10 18:17:51,57,"Arakere, Bengaluru",35,0.13,0.0009
2026-05-10 18:17:39,56,"Arakere, Bengaluru",34,0.13,0.0009
2026-05-10 18:17:27,57,"Arakere, Bengaluru",35,0.13,0.0009
2026-05-10 18:17:14,57,"Arakere, Bengaluru",35,0.13,0.0009
2026-05-10 18:17:03,56,"Arakere, Bengaluru",34,0.13,0.0009
2026-05-10 18:16:51,52,"Arakere, Bengaluru",32,0.13,0.0008
2026-05-10 18:16:39,51,"Arakere, Bengaluru",31,0.13,0.0008
2026-05-10 18:16:27,52,"Arakere, Bengaluru",32,0.13,0.0008
2026-05-10 18:16:15,50,"Arakere, Bengaluru",30,0.13,0.0008
2026-05-10 18:16:03,51,"Arakere, Bengaluru",31,0.13,0.0008
2026-05-10 18:15:51,51,"Arakere, Bengaluru",31,0.13,0.0008
2026-05-10 18:15:39,50,"Arakere, Bengaluru",30,0.13,0.0008
2026-05-10 18:15:27,50,"Arakere, Bengaluru",30,0.13,0.0008
2026-05-10 18:15:15,48,"Arakere, Bengaluru",29,0.13,0.0007
2026-05-10 18:15:03,50,"Arakere, Bengaluru",30,0.13,0.0008
2026-05-10 18:14:51,50,"Arakere, Bengaluru",30,0.13,0.0008
2026-05-10 18:14:39,48,"Arakere, Bengaluru",29,0.13,0.0007
2026-05-10 18:14:27,48,"Arakere, Bengaluru",29,0.13,0.0007
2026-05-10 18:14:15,48,"Arakere, Bengaluru",29,0.13,0.0007
2026-05-10 18:14:03,50,"Arakere, Bengaluru",30,0.13,0.0008
2026-05-10 18:13:51,48,"Arakere, Bengaluru",29,0.13,0.0007
2026-05-10 18:13:39,51,"Arakere, Bengaluru",31,0.13,0.0008
2026-05-10 18:13:27,50,"Arakere, Bengaluru",30,0.13,0.0008
2026-05-10 18:13:27,50,"Arakere, Bengaluru",30,0.13,0.0008
2026-05-10 18:13:27,50,"Arakere, Bengaluru",30,0.13,0.0008
2026-05-10 18:13:15,50,"Arakere, Bengaluru",30,0.13,0.0008
2026-05-10 18:13:03,50,"Arakere, Bengaluru",30,0.13,0.0008
2026-05-10 18:12:51,51,"Arakere, Bengaluru",31,0.13,0.0008
2026-05-10 18:12:39,52,"Arakere, Bengaluru",32,0.13,0.0008
2026-05-10 18:12:27,52,"Arakere, Bengaluru",32,0.13,0.0008
2026-05-10 18:12:15,52,"Arakere, Bengaluru",32,0.13,0.0008
2026-05-10 18:12:03,52,"Arakere, Bengaluru",32,0.13,0.0008
2026-05-10 18:11:51,51,"Arakere, Bengaluru",31,0.13,0.0008
2026-05-10 18:11:39,52,"Arakere, Bengaluru",32,0.13,0.0008
2026-05-10 18:11:27,51,"Arakere, Bengaluru",31,0.13,0.0008
2026-05-10 18:11:15,52,"Arakere, Bengaluru",32,0.13,0.0008
2026-05-10 18:11:03,51,"Arakere, Bengaluru",31,0.13,0.0008
2026-05-10 18:10:51,51,"Arakere, Bengaluru",31,0.13,0.0008
2026-05-10 18:10:39,52,"Arakere, Bengaluru",32,0.13,0.0008
2026-05-10 18:10:27,52,"Arakere, Bengaluru",32,0.13,0.0008
2026-05-10 18:10:15,52,"Arakere, Bengaluru",32,0.13,0.0008
2026-05-10 18:10:03,52,"Arakere, Bengaluru",32,0.13,0.0008
2026-05-10 18:09:51,54,"Arakere, Bengaluru",33,0.13,0.0009
2026-05-10 18:09:39,51,"Arakere, Bengaluru",31,0.13,0.0008
2026-05-10 18:09:26,50,"Arakere, Bengaluru",30,0.13,0.0008
2026-05-10 18:09:14,51,"Arakere, Bengaluru",31,0.13,0.0008
2026-05-10 18:09:02,51,"Arakere, Bengaluru",31,0.13,0.0008
2026-05-10 18:08:50,51,"Arakere, Bengaluru",31,0.13,0.0008
2026-05-10 18:08:38,51,"Arakere, Bengaluru",31,0.13,0.0008
2026-05-10 18:08:27,51,"Arakere, Bengaluru",31,0.12,0.0008
2026-05-10 18:08:15,52,"Arakere, Bengaluru",32,0.12,0.0008
2026-05-10 18:08:15,52,"Arakere, Bengaluru",32,0.12,0.0008
2026-05-10 18:08:15,52,"Arakere, Bengaluru",32,0.12,0.0008
2026-05-10 18:08:02,52,"Arakere, Bengaluru",32,0.12,0.0008
2026-05-10 18:07:50,56,"Arakere, Bengaluru",34,0.12,0.0009
2026-05-10 18:07:38,56,"Arakere, Bengaluru",34,0.12,0.0009
2026-05-10 18:07:26,56,"Arakere, Bengaluru",34,0.12,0.0009
2026-05-10 18:07:15,54,"Arakere, Bengaluru",33,0.12,0.0009
2026-05-10 18:07:03,56,"Arakere, Bengaluru",34,0.12,0.0009
2026-05-10 18:06:51,57,"Arakere, Bengaluru",35,0.12,0.0009
2026-05-10 18:06:39,56,"Arakere, Bengaluru",34,0.12,0.0009
2026-05-10 18:06:27,54,"Arakere, Bengaluru",33,0.12,0.0009
2026-05-10 18:06:15,52,"Arakere, Bengaluru",32,0.12,0.0008
2026-05-10 18:06:03,52,"Arakere, Bengaluru",32,0.12,0.0008
2026-05-10 18:05:51,52,"Arakere, Bengaluru",32,0.12,0.0008
2026-05-10 18:05:39,51,"Arakere, Bengaluru",31,0.12,0.0008
2026-05-10 18:05:27,52,"Arakere, Bengaluru",32,0.12,0.0008
2026-05-10 18:05:15,51,"Arakere, Bengaluru",31,0.12,0.0008
2026-05-10 18:05:03,54,"Arakere, Bengaluru",33,0.12,0.0009
2026-05-10 18:04:51,51,"Arakere, Bengaluru",31,0.12,0.0008
2026-05-10 18:04:39,52,"Arakere, Bengaluru",32,0.12,0.0008
2026-05-10 18:04:27,52,"Arakere, Bengaluru",32,0.12,0.0008
2026-05-10 18:04:15,54,"Arakere, Bengaluru",33,0.12,0.0009
2026-05-10 18:04:03,52,"Arakere, Bengaluru",32,0.12,0.0008
2026-05-10 18:03:50,54,"Arakere, Bengaluru",33,0.12,0.0009
2026-05-10 18:03:39,51,"Arakere, Bengaluru",31,0.12,0.0008
2026-05-10 18:03:27,52,"Arakere, Bengaluru",32,0.12,0.0008
2026-05-10 18:03:15,54,"Arakere, Bengaluru",33,0.12,0.0009
2026-05-10 18:03:04,51,"Arakere, Bengaluru",31,0.12,0.0008
2026-05-10 18:03:04,51,"Arakere, Bengaluru",31,0.12,0.0008
2026-05-10 18:03:03,51,"Arakere, Bengaluru",31,0.12,0.0008
2026-05-10 18:02:51,48,"Arakere, Bengaluru",29,0.12,0.0007
2026-05-10 18:02:39,51,"Arakere, Bengaluru",31,0.12,0.0008
2026-05-10 18:02:27,51,"Arakere, Bengaluru",31,0.12,0.0008
2026-05-10 18:02:15,51,"Arakere, Bengaluru",31,0.12,0.0008
2026-05-10 18:02:03,50,"Arakere, Bengaluru",30,0.12,0.0008
2026-05-10 18:01:51,50,"Arakere, Bengaluru",30,0.12,0.0008
2026-05-10 18:01:38,52,"Arakere, Bengaluru",32,0.12,0.0008
2026-05-10 18:01:27,52,"Arakere, Bengaluru",32,0.12,0.0008
2026-05-10 18:01:15,52,"Arakere, Bengaluru",32,0.12,0.0008
2026-05-10 18:01:03,52,"Arakere, Bengaluru",32,0.12,0.0008
2026-05-10 18:00:51,52,"Arakere, Bengaluru",32,0.12,0.0008
2026-05-10 18:00:39,52,"Arakere, Bengaluru",32,0.12,0.0008
2026-05-10 18:00:27,52,"Arakere, Bengaluru",32,0.12,0.0008
2026-05-10 18:00:15,52,"Arakere, Bengaluru",32,0.12,0.0008
2026-05-10 18:00:03,54,"Arakere, Bengaluru",33,0.12,0.0009
2026-05-10 17:59:51,54,"Arakere, Bengaluru",33,0.12,0.0009
2026-05-10 17:59:39,54,"Arakere, Bengaluru",33,0.12,0.0009
2026-05-10 17:59:27,54,"Arakere, Bengaluru",33,0.12,0.0009
2026-05-10 17:59:15,52,"Arakere, Bengaluru",32,0.12,0.0008
2026-05-10 17:59:03,52,"Arakere, Bengaluru",32,0.12,0.0008
2026-05-10 17:58:51,56,"Arakere, Bengaluru",34,0.12,0.0009
2026-05-10 17:58:38,56,"Arakere, Bengaluru",34,0.12,0.0009
2026-05-10 17:58:27,57,"Arakere, Bengaluru",35,0.12,0.0009
2026-05-10 17:58:15,57,"Arakere, Bengaluru",35,0.12,0.0009
2026-05-10 17:58:03,54,"Arakere, Bengaluru",33,0.12,0.0009
2026-05-10 17:57:51,52,"Arakere, Bengaluru",32,0.12,0.0008
2026-05-10 17:57:51,52,"Arakere, Bengaluru",32,0.12,0.0008
2026-05-10 17:57:51,52,"Arakere, Bengaluru",32,0.12,0.0008
2026-05-10 17:57:39,51,"Arakere, Bengaluru",31,0.12,0.0008
2026-05-10 17:57:26,54,"Arakere, Bengaluru",33,0.12,0.0009
2026-05-10 17:57:15,56,"Arakere, Bengaluru",34,0.12,0.0009
2026-05-10 17:57:03,52,"Arakere, Bengaluru",32,0.12,0.0008
2026-05-10 17:56:51,54,"Arakere, Bengaluru",33,0.12,0.0009
2026-05-10 17:56:39,52,"Arakere, Bengaluru",32,0.12,0.0008
2026-05-10 17:56:27,56,"Arakere, Bengaluru",34,0.12,0.0009
2026-05-10 17:56:15,52,"Arakere, Bengaluru",32,0.12,0.0008
2026-05-10 17:56:03,54,"Arakere, Bengaluru",33,0.12,0.0009
2026-05-10 17:55:50,54,"Arakere, Bengaluru",33,0.12,0.0009
2026-05-10 17:55:39,54,"Arakere, Bengaluru",33,0.12,0.0009
2026-05-10 17:55:27,54,"Arakere, Bengaluru",33,0.12,0.0009
2026-05-10 17:55:15,56,"Arakere, Bengaluru",34,0.12,0.0009
2026-05-10 17:55:03,57,"Arakere, Bengaluru",35,0.12,0.0009
2026-05-10 17:54:51,57,"Arakere, Bengaluru",35,0.12,0.0009
2026-05-10 17:54:39,54,"Arakere, Bengaluru",33,0.12,0.0009
2026-05-10 17:54:26,57,"Arakere, Bengaluru",35,0.12,0.0009
2026-05-10 17:54:15,57,"Arakere, Bengaluru",35,0.12,0.0009
2026-05-10 17:54:03,54,"Arakere, Bengaluru",33,0.12,0.0009
2026-05-10 17:53:51,57,"Arakere, Bengaluru",35,0.12,0.0009
2026-05-10 17:53:38,54,"Arakere, Bengaluru",33,0.12,0.0009
2026-05-10 17:53:27,51,"Arakere, Bengaluru",31,0.12,0.0008
2026-05-10 17:53:14,54,"Arakere, Bengaluru",33,0.12,0.0009
2026-05-10 17:53:02,51,"Arakere, Bengaluru",31,0.12,0.0008
2026-05-10 17:52:51,54,"Arakere, Bengaluru",33,0.12,0.0009
2026-05-10 17:52:39,52,"Arakere, Bengaluru",32,0.12,0.0008
2026-05-10 17:52:39,52,"Arakere, Bengaluru",32,0.12,0.0008
2026-05-10 17:52:39,52,"Arakere, Bengaluru",32,0.12,0.0008
2026-05-10 17:52:27,54,"Arakere, Bengaluru",33,0.12,0.0009
2026-05-10 17:52:14,51,"Arakere, Bengaluru",31,0.12,0.0008
2026-05-10 17:52:03,52,"Arakere, Bengaluru",32,0.12,0.0008
2026-05-10 17:51:51,51,"Arakere, Bengaluru",31,0.12,0.0008
2026-05-10 17:51:39,54,"Arakere, Bengaluru",33,0.12,0.0009
2026-05-10 17:51:27,52,"Arakere, Bengaluru",32,0.12,0.0008
2026-05-10 17:51:15,54,"Arakere, Bengaluru",33,0.12,0.0009
2026-05-10 17:51:03,59,"Arakere, Bengaluru",36,0.12,0.0010
2026-05-10 17:50:51,61,"Arakere, Bengaluru",37,0.12,0.0010
2026-05-10 17:50:39,61,"Arakere, Bengaluru",37,0.12,0.0010
2026-05-10 17:50:27,61,"Arakere, Bengaluru",37,0.12,0.0010
2026-05-10 17:50:15,59,"Arakere, Bengaluru",36,0.12,0.0010
2026-05-10 17:50:03,59,"Arakere, Bengaluru",36,0.12,0.0010
2026-05-10 17:49:50,57,"Arakere, Bengaluru",35,0.12,0.0009
2026-05-10 17:49:39,61,"Arakere, Bengaluru",37,0.12,0.0010
2026-05-10 17:49:27,62,"Arakere, Bengaluru",38,0.12,0.0011
2026-05-10 17:49:15,64,"Arakere, Bengaluru",39,0.12,0.0011
2026-05-10 17:49:03,64,"Arakere, Bengaluru",39,0.12,0.0011
2026-05-10 17:48:51,64,"Arakere, Bengaluru",39,0.12,0.0011
2026-05-10 17:48:39,67,"Arakere, Bengaluru",41,0.12,0.0012
2026-05-10 17:48:27,67,"Arakere, Bengaluru",41,0.12,0.0012
2026-05-10 17:48:14,69,"Arakere, Bengaluru",42,0.12,0.0012
2026-05-10 17:48:02,71,"Arakere, Bengaluru",43,0.12,0.0013
2026-05-10 17:47:51,62,"Arakere, Bengaluru",38,0.12,0.0011
2026-05-10 17:47:39,64,"Arakere, Bengaluru",39,0.12,0.0011
2026-05-10 17:47:27,62,"Arakere, Bengaluru",38,0.12,0.0011
2026-05-10 17:47:27,62,"Arakere, Bengaluru",38,0.12,0.0011
2026-05-10 17:47:27,62,"Arakere, Bengaluru",38,0.12,0.0011
2026-05-10 17:47:27,62,"Arakere, Bengaluru",38,0.12,0.0011
2026-05-10 17:47:14,61,"Arakere, Bengaluru",37,0.12,0.0010
2026-05-10 17:47:02,59,"Arakere, Bengaluru",36,0.12,0.0010
2026-05-10 17:46:50,61,"Arakere, Bengaluru",37,0.12,0.0010
2026-05-10 17:46:39,62,"Arakere, Bengaluru",38,0.12,0.0011
2026-05-10 17:46:26,69,"Arakere, Bengaluru",42,0.12,0.0012
2026-05-10 17:46:15,74,"Arakere, Bengaluru",45,0.12,0.0013
2026-05-10 17:46:07,84,"Arakere, Bengaluru",51,0.12,0.0016
2026-05-10 17:46:03,74,"Arakere, Bengaluru",45,0.12,0.0013
2026-05-10 17:46:00,64,"Arakere, Bengaluru",39,0.12,0.0011
2026-05-10 17:45:55,51,"Arakere, Bengaluru",31,0.12,0.0008
2026-05-10 17:45:43,48,"Arakere, Bengaluru",29,0.12,0.0007
2026-05-10 17:45:31,48,"Arakere, Bengaluru",29,0.12,0.0007
2026-05-10 17:45:19,46,"Arakere, Bengaluru",28,0.12,0.0007
2026-05-10 17:45:07,48,"Arakere, Bengaluru",29,0.12,0.0007
2026-05-10 17:44:55,48,"Arakere, Bengaluru",29,0.12,0.0007
2026-05-10 17:44:43,48,"Arakere, Bengaluru",29,0.12,0.0007
2026-05-10 17:44:31,45,"Arakere, Bengaluru",27,0.12,0.0006
2026-05-10 17:44:19,46,"Arakere, Bengaluru",28,0.11,0.0007
2026-05-10 17:44:07,50,"Arakere, Bengaluru",30,0.11,0.0008
2026-05-10 17:43:55,48,"Arakere, Bengaluru",29,0.11,0.0007
2026-05-10 17:43:43,48,"Arakere, Bengaluru",29,0.11,0.0007
2026-05-10 17:43:31,50,"Arakere, Bengaluru",30,0.11,0.0008
2026-05-10 17:43:19,48,"Arakere, Bengaluru",29,0.11,0.0007
2026-05-10 17:43:07,41,"Arakere, Bengaluru",25,0.11,0.0006
2026-05-10 17:42:55,38,"Arakere, Bengaluru",23,0.11,0.0005
2026-05-10 17:42:43,38,"Arakere, Bengaluru",23,0.11,0.0005
2026-05-10 17:42:31,38,"Arakere, Bengaluru",23,0.11,0.0005
2026-05-10 17:42:19,36,"Arakere, Bengaluru",22,0.12,0.0005
2026-05-10 17:42:19,36,"Arakere, Bengaluru",22,0.12,0.0005
2026-05-10 17:42:19,36,"Arakere, Bengaluru",22,0.12,0.0005
2026-05-10 17:42:07,36,"Arakere, Bengaluru",22,0.12,0.0005
2026-05-10 17:41:55,38,"Arakere, Bengaluru",23,0.12,0.0005
2026-05-10 17:41:43,36,"Arakere, Bengaluru",22,0.12,0.0005
2026-05-10 17:41:31,35,"Arakere, Bengaluru",21,0.12,0.0004
2026-05-10 17:41:19,36,"Arakere, Bengaluru",22,0.12,0.0005
2026-05-10 17:41:07,36,"Arakere, Bengaluru",22,0.12,0.0005
2026-05-10 17:40:55,36,"Arakere, Bengaluru",22,0.12,0.0005
2026-05-10 17:40:43,35,"Arakere, Bengaluru",21,0.12,0.0004
2026-05-10 17:40:31,36,"Arakere, Bengaluru",22,0.12,0.0005
2026-05-10 17:40:19,38,"Arakere, Bengaluru",23,0.12,0.0005
2026-05-10 17:40:07,38,"Arakere, Bengaluru",23,0.12,0.0005
2026-05-10 17:39:55,36,"Arakere, Bengaluru",22,0.12,0.0005
2026-05-10 17:39:43,35,"Arakere, Bengaluru",21,0.12,0.0004
2026-05-10 17:39:31,38,"Arakere, Bengaluru",23,0.12,0.0005
2026-05-10 17:39:19,36,"Arakere, Bengaluru",22,0.11,0.0005
2026-05-10 17:39:07,35,"Arakere, Bengaluru",21,0.11,0.0004
2026-05-10 17:38:55,36,"Arakere, Bengaluru",22,0.11,0.0005
2026-05-10 17:38:43,33,"Arakere, Bengaluru",20,0.11,0.0004
2026-05-10 17:38:31,36,"Arakere, Bengaluru",22,0.11,0.0005
2026-05-10 17:38:19,36,"Arakere, Bengaluru",22,0.12,0.0005
2026-05-10 17:38:07,36,"Arakere, Bengaluru",22,0.12,0.0005
2026-05-10 17:37:55,40,"Arakere, Bengaluru",24,0.12,0.0005
2026-05-10 17:37:44,35,"Arakere, Bengaluru",21,0.12,0.0004
2026-05-10 17:37:31,36,"Arakere, Bengaluru",22,0.12,0.0005
2026-05-10 17:37:19,35,"Arakere, Bengaluru",21,0.12,0.0004
2026-05-10 17:37:08,36,"Arakere, Bengaluru",22,0.12,0.0005
2026-05-10 17:37:08,36,"Arakere, Bengaluru",22,0.12,0.0005
2026-05-10 17:37:07,36,"Arakere, Bengaluru",22,0.12,0.0005
2026-05-10 17:37:07,36,"Arakere, Bengaluru",22,0.12,0.0005
2026-05-10 17:36:55,36,"Arakere, Bengaluru",22,0.12,0.0005
2026-05-10 17:36:43,38,"Arakere, Bengaluru",23,0.12,0.0005
2026-05-10 17:36:31,38,"Arakere, Bengaluru",23,0.12,0.0005
2026-05-10 17:36:19,36,"Arakere, Bengaluru",22,0.12,0.0005
2026-05-10 17:36:07,35,"Arakere, Bengaluru",21,0.12,0.0004
2026-05-10 17:35:55,36,"Arakere, Bengaluru",22,0.12,0.0005
2026-05-10 17:35:43,38,"Arakere, Bengaluru",23,0.12,0.0005
2026-05-10 17:35:31,35,"Arakere, Bengaluru",21,0.12,0.0004
2026-05-10 17:35:19,35,"Arakere, Bengaluru",21,0.11,0.0004
2026-05-10 17:35:07,36,"Arakere, Bengaluru",22,0.11,0.0005
2026-05-10 17:34:55,38,"Arakere, Bengaluru",23,0.11,0.0005
2026-05-10 17:34:43,40,"Arakere, Bengaluru",24,0.11,0.0005
2026-05-10 17:34:31,36,"Arakere, Bengaluru",22,0.11,0.0005
2026-05-10 17:34:19,38,"Arakere, Bengaluru",23,0.11,0.0005
2026-05-10 17:34:07,40,"Arakere, Bengaluru",24,0.11,0.0005
2026-05-10 17:33:55,38,"Arakere, Bengaluru",23,0.11,0.0005
2026-05-10 17:33:43,40,"Arakere, Bengaluru",24,0.11,0.0005
2026-05-10 17:33:31,40,"Arakere, Bengaluru",24,0.11,0.0005
2026-05-10 17:33:19,43,"Arakere, Bengaluru",26,0.11,0.0006
2026-05-10 17:33:07,40,"Arakere, Bengaluru",24,0.11,0.0005
2026-05-10 17:32:55,36,"Arakere, Bengaluru",22,0.11,0.0005
2026-05-10 17:32:43,36,"Arakere, Bengaluru",22,0.11,0.0005
2026-05-10 17:32:31,36,"Arakere, Bengaluru",22,0.11,0.0005
2026-05-10 17:32:19,35,"Arakere, Bengaluru",21,0.12,0.0004
2026-05-10 17:32:07,36,"Arakere, Bengaluru",22,0.12,0.0005
2026-05-10 17:31:56,35,"Arakere, Bengaluru",21,0.12,0.0004
2026-05-10 17:31:56,35,"Arakere, Bengaluru",21,0.12,0.0004
2026-05-10 17:31:55,35,"Arakere, Bengaluru",21,0.12,0.0004
2026-05-10 17:31:55,35,"Arakere, Bengaluru",21,0.12,0.0004
2026-05-10 17:31:43,36,"Arakere, Bengaluru",22,0.12,0.0005
2026-05-10 17:31:31,38,"Arakere, Bengaluru",23,0.12,0.0005
2026-05-10 17:31:19,38,"Arakere, Bengaluru",23,0.11,0.0005
2026-05-10 17:31:07,38,"Arakere, Bengaluru",23,0.11,0.0005
2026-05-10 17:30:55,38,"Arakere, Bengaluru",23,0.11,0.0005
2026-05-10 17:30:43,35,"Arakere, Bengaluru",21,0.11,0.0004
2026-05-10 17:30:31,35,"Arakere, Bengaluru",21,0.11,0.0004
2026-05-10 17:30:19,33,"Arakere, Bengaluru",20,0.11,0.0004
2026-05-10 17:30:07,36,"Arakere, Bengaluru",22,0.11,0.0005
2026-05-10 17:29:55,38,"Arakere, Bengaluru",23,0.11,0.0005
2026-05-10 17:29:43,38,"Arakere, Bengaluru",23,0.11,0.0005
2026-05-10 17:29:31,38,"Arakere, Bengaluru",23,0.11,0.0005
2026-05-10 17:29:19,38,"Arakere, Bengaluru",23,0.11,0.0005
2026-05-10 17:29:07,38,"Arakere, Bengaluru",23,0.11,0.0005
2026-05-10 17:28:55,38,"Arakere, Bengaluru",23,0.11,0.0005
2026-05-10 17:28:43,41,"Arakere, Bengaluru",25,0.11,0.0006
2026-05-10 17:28:31,40,"Arakere, Bengaluru",24,0.11,0.0005
2026-05-10 17:28:19,40,"Arakere, Bengaluru",24,0.12,0.0005
2026-05-10 17:28:07,40,"Arakere, Bengaluru",24,0.12,0.0005
2026-05-10 17:27:55,41,"Arakere, Bengaluru",25,0.12,0.0006
2026-05-10 17:27:43,43,"Arakere, Bengaluru",26,0.12,0.0006
2026-05-10 17:27:31,41,"Arakere, Bengaluru",25,0.12,0.0006
2026-05-10 17:27:19,40,"Arakere, Bengaluru",24,0.11,0.0005
2026-05-10 17:27:07,41,"Arakere, Bengaluru",25,0.11,0.0006
2026-05-10 17:26:55,41,"Arakere, Bengaluru",25,0.11,0.0006
2026-05-10 17:26:44,43,"Arakere, Bengaluru",26,0.11,0.0006
2026-05-10 17:26:44,43,"Arakere, Bengaluru",26,0.11,0.0006
2026-05-10 17:26:44,43,"Arakere, Bengaluru",26,0.11,0.0006
2026-05-10 17:26:43,43,"Arakere, Bengaluru",26,0.11,0.0006
2026-05-10 17:26:31,40,"Arakere, Bengaluru",24,0.11,0.0005
2026-05-10 17:26:19,40,"Arakere, Bengaluru",24,0.11,0.0005
2026-05-10 17:26:07,38,"Arakere, Bengaluru",23,0.11,0.0005
2026-05-10 17:25:55,38,"Arakere, Bengaluru",23,0.11,0.0005
2026-05-10 17:25:43,38,"Arakere, Bengaluru",23,0.11,0.0005
2026-05-10 17:25:31,41,"Arakere, Bengaluru",25,0.11,0.0006
2026-05-10 17:25:19,38,"Arakere, Bengaluru",23,0.11,0.0005
2026-05-10 17:25:07,41,"Arakere, Bengaluru",25,0.11,0.0006
2026-05-10 17:24:55,40,"Arakere, Bengaluru",24,0.11,0.0005
2026-05-10 17:24:43,38,"Arakere, Bengaluru",23,0.11,0.0005
2026-05-10 17:24:31,41,"Arakere, Bengaluru",25,0.11,0.0006
2026-05-10 17:24:19,45,"Arakere, Bengaluru",27,0.11,0.0006
2026-05-10 17:24:07,41,"Arakere, Bengaluru",25,0.11,0.0006
2026-05-10 17:23:55,41,"Arakere, Bengaluru",25,0.11,0.0006
2026-05-10 17:23:43,41,"Arakere, Bengaluru",25,0.11,0.0006
2026-05-10 17:23:31,41,"Arakere, Bengaluru",25,0.11,0.0006
2026-05-10 17:23:19,43,"Arakere, Bengaluru",26,0.11,0.0006
2026-05-10 17:23:07,41,"Arakere, Bengaluru",25,0.11,0.0006
2026-05-10 17:22:55,36,"Arakere, Bengaluru",22,0.11,0.0005
2026-05-10 17:22:43,35,"Arakere, Bengaluru",21,0.11,0.0004
2026-05-10 17:22:31,36,"Arakere, Bengaluru",22,0.11,0.0005
2026-05-10 17:22:19,38,"Arakere, Bengaluru",23,0.11,0.0005
2026-05-10 17:22:07,36,"Arakere, Bengaluru",22,0.11,0.0005
2026-05-10 17:21:55,33,"Arakere, Bengaluru",20,0.11,0.0004
2026-05-10 17:21:43,35,"Arakere, Bengaluru",21,0.11,0.0004
2026-05-10 17:21:32,33,"Arakere, Bengaluru",20,0.11,0.0004
2026-05-10 17:21:32,33,"Arakere, Bengaluru",20,0.11,0.0004
2026-05-10 17:21:32,33,"Arakere, Bengaluru",20,0.11,0.0004
2026-05-10 17:21:31,33,"Arakere, Bengaluru",20,0.11,0.0004
2026-05-10 17:21:19,35,"Arakere, Bengaluru",21,0.11,0.0004
2026-05-10 17:21:07,35,"Arakere, Bengaluru",21,0.11,0.0004
2026-05-10 17:20:55,35,"Arakere, Bengaluru",21,0.11,0.0004
2026-05-10 17:20:43,33,"Arakere, Bengaluru",20,0.11,0.0004
2026-05-10 17:20:31,35,"Arakere, Bengaluru",21,0.11,0.0004
2026-05-10 17:20:19,35,"Arakere, Bengaluru",21,0.11,0.0004
2026-05-10 17:20:07,35,"Arakere, Bengaluru",21,0.11,0.0004
2026-05-10 17:19:55,36,"Arakere, Bengaluru",22,0.11,0.0005
2026-05-10 17:19:43,38,"Arakere, Bengaluru",23,0.11,0.0005
2026-05-10 17:19:31,40,"Arakere, Bengaluru",24,0.11,0.0005
2026-05-10 17:19:19,38,"Arakere, Bengaluru",23,0.11,0.0005
2026-05-10 17:19:07,38,"Arakere, Bengaluru",23,0.11,0.0005
2026-05-10 17:18:55,35,"Arakere, Bengaluru",21,0.11,0.0004
2026-05-10 17:18:43,36,"Arakere, Bengaluru",22,0.11,0.0005
2026-05-10 17:18:31,38,"Arakere, Bengaluru",23,0.11,0.0005
2026-05-10 17:18:19,41,"Arakere, Bengaluru",25,0.12,0.0006
2026-05-10 17:18:07,38,"Arakere, Bengaluru",23,0.12,0.0005
2026-05-10 17:17:55,40,"Arakere, Bengaluru",24,0.12,0.0005
2026-05-10 17:17:43,38,"Arakere, Bengaluru",23,0.12,0.0005
2026-05-10 17:17:31,38,"Arakere, Bengaluru",23,0.12,0.0005
2026-05-10 17:17:19,36,"Arakere, Bengaluru",22,0.11,0.0005
2026-05-10 17:17:07,36,"Arakere, Bengaluru",22,0.11,0.0005
2026-05-10 17:16:55,35,"Arakere, Bengaluru",21,0.11,0.0004
2026-05-10 17:16:43,35,"Arakere, Bengaluru",21,0.11,0.0004
2026-05-10 17:16:31,36,"Arakere, Bengaluru",22,0.11,0.0005
2026-05-10 17:16:20,36,"Arakere, Bengaluru",22,0.11,0.0005
2026-05-10 17:16:20,36,"Arakere, Bengaluru",22,0.11,0.0005
2026-05-10 17:16:20,36,"Arakere, Bengaluru",22,0.11,0.0005
2026-05-10 17:16:19,36,"Arakere, Bengaluru",22,0.11,0.0005
2026-05-10 17:16:07,36,"Arakere, Bengaluru",22,0.11,0.0005
2026-05-10 17:15:55,36,"Arakere, Bengaluru",22,0.11,0.0005
2026-05-10 17:15:43,35,"Arakere, Bengaluru",21,0.11,0.0004
2026-05-10 17:15:31,35,"Arakere, Bengaluru",21,0.11,0.0004
2026-05-10 17:15:19,33,"Arakere, Bengaluru",20,0.11,0.0004
2026-05-10 17:15:07,31,"Arakere, Bengaluru",19,0.11,0.0003
2026-05-10 17:14:55,33,"Arakere, Bengaluru",20,0.11,0.0004
2026-05-10 17:14:43,38,"Arakere, Bengaluru",23,0.11,0.0005
2026-05-10 17:14:31,35,"Arakere, Bengaluru",21,0.11,0.0004
2026-05-10 17:14:19,36,"Arakere, Bengaluru",22,0.11,0.0005
2026-05-10 17:14:07,35,"Arakere, Bengaluru",21,0.11,0.0004
2026-05-10 17:13:55,33,"Arakere, Bengaluru",20,0.11,0.0004
2026-05-10 17:13:43,35,"Arakere, Bengaluru",21,0.11,0.0004
2026-05-10 17:13:31,36,"Arakere, Bengaluru",22,0.11,0.0005
2026-05-10 17:13:19,35,"Arakere, Bengaluru",21,0.12,0.0004
2026-05-10 17:13:07,35,"Arakere, Bengaluru",21,0.12,0.0004
2026-05-10 17:12:55,35,"Arakere, Bengaluru",21,0.12,0.0004
2026-05-10 17:12:43,33,"Arakere, Bengaluru",20,0.12,0.0004
2026-05-10 17:12:31,36,"Arakere, Bengaluru",22,0.12,0.0005
2026-05-10 17:12:19,36,"Arakere, Bengaluru",22,0.11,0.0005
2026-05-10 17:12:07,38,"Arakere, Bengaluru",23,0.11,0.0005
2026-05-10 17:11:55,36,"Arakere, Bengaluru",22,0.11,0.0005
2026-05-10 17:11:43,36,"Arakere, Bengaluru",22,0.11,0.0005
2026-05-10 17:11:31,36,"Arakere, Bengaluru",22,0.11,0.0005
2026-05-10 17:11:19,35,"Arakere, Bengaluru",21,0.11,0.0004
2026-05-10 17:11:07,36,"Arakere, Bengaluru",22,0.11,0.0005
2026-05-10 17:11:07,36,"Arakere, Bengaluru",22,0.11,0.0005
2026-05-10 17:11:07,36,"Arakere, Bengaluru",22,0.11,0.0005
2026-05-10 17:11:07,36,"Arakere, Bengaluru",22,0.11,0.0005
2026-05-10 17:11:07,36,"Arakere, Bengaluru",22,0.11,0.0005
2026-05-10 17:10:55,36,"Arakere, Bengaluru",22,0.11,0.0005
2026-05-10 17:10:43,40,"Arakere, Bengaluru",24,0.11,0.0005
2026-05-10 17:10:31,40,"Arakere, Bengaluru",24,0.11,0.0005
2026-05-10 17:10:19,40,"Arakere, Bengaluru",24,0.11,0.0005
2026-05-10 17:10:07,41,"Arakere, Bengaluru",25,0.11,0.0006
2026-05-10 17:09:55,40,"Arakere, Bengaluru",24,0.11,0.0005
2026-05-10 17:09:43,40,"Arakere, Bengaluru",24,0.11,0.0005
2026-05-10 17:09:31,38,"Arakere, Bengaluru",23,0.11,0.0005
2026-05-10 17:09:19,36,"Arakere, Bengaluru",22,0.11,0.0005
2026-05-10 17:09:07,36,"Arakere, Bengaluru",22,0.11,0.0005
2026-05-10 17:08:55,38,"Arakere, Bengaluru",23,0.11,0.0005
2026-05-10 17:08:43,40,"Arakere, Bengaluru",24,0.11,0.0005
2026-05-10 17:08:31,40,"Arakere, Bengaluru",24,0.11,0.0005
2026-05-10 17:08:19,36,"Arakere, Bengaluru",22,0.12,0.0005
2026-05-10 17:08:07,36,"Arakere, Bengaluru",22,0.12,0.0005
2026-05-10 17:07:55,40,"Arakere, Bengaluru",24,0.12,0.0005
2026-05-10 17:07:43,36,"Arakere, Bengaluru",22,0.12,0.0005
2026-05-10 17:07:31,40,"Arakere, Bengaluru",24,0.12,0.0005
2026-05-10 17:07:19,40,"Arakere, Bengaluru",24,0.12,0.0005
2026-05-10 17:07:07,43,"Arakere, Bengaluru",26,0.12,0.0006
2026-05-10 17:06:55,43,"Arakere, Bengaluru",26,0.12,0.0006
2026-05-10 17:06:43,45,"Arakere, Bengaluru",27,0.12,0.0006
2026-05-10 17:06:31,45,"Arakere, Bengaluru",27,0.12,0.0006
2026-05-10 17:06:19,43,"Arakere, Bengaluru",26,0.11,0.0006
2026-05-10 17:06:07,46,"Arakere, Bengaluru",28,0.11,0.0007
2026-05-10 17:05:56,43,"Arakere, Bengaluru",26,0.11,0.0006
2026-05-10 17:05:56,43,"Arakere, Bengaluru",26,0.11,0.0006
2026-05-10 17:05:56,43,"Arakere, Bengaluru",26,0.11,0.0006
2026-05-10 17:05:55,43,"Arakere, Bengaluru",26,0.11,0.0006
2026-05-10 17:05:43,45,"Arakere, Bengaluru",27,0.11,0.0006
2026-05-10 17:05:31,43,"Arakere, Bengaluru",26,0.11,0.0006
2026-05-10 17:05:19,41,"Arakere, Bengaluru",25,0.11,0.0006
2026-05-10 17:05:07,43,"Arakere, Bengaluru",26,0.11,0.0006
2026-05-10 17:04:55,43,"Arakere, Bengaluru",26,0.11,0.0006
2026-05-10 17:04:43,38,"Arakere, Bengaluru",23,0.11,0.0005
2026-05-10 17:04:31,40,"Arakere, Bengaluru",24,0.11,0.0005
2026-05-10 17:04:19,36,"Arakere, Bengaluru",22,0.11,0.0005
2026-05-10 17:04:07,38,"Arakere, Bengaluru",23,0.11,0.0005
2026-05-10 17:03:55,38,"Arakere, Bengaluru",23,0.11,0.0005
2026-05-10 17:03:43,40,"Arakere, Bengaluru",24,0.11,0.0005
2026-05-10 17:03:31,41,"Arakere, Bengaluru",25,0.11,0.0006
2026-05-10 17:03:19,40,"Arakere, Bengaluru",24,0.11,0.0005
2026-05-10 17:03:07,40,"Arakere, Bengaluru",24,0.11,0.0005
2026-05-10 17:02:55,40,"Arakere, Bengaluru",24,0.11,0.0005
2026-05-10 17:02:43,41,"Arakere, Bengaluru",25,0.11,0.0006
2026-05-10 17:02:31,40,"Arakere, Bengaluru",24,0.11,0.0005
2026-05-10 17:02:19,40,"Arakere, Bengaluru",24,0.11,0.0005
2026-05-10 17:02:07,38,"Arakere, Bengaluru",23,0.11,0.0005
2026-05-10 17:01:56,40,"Arakere, Bengaluru",24,0.11,0.0005
2026-05-10 17:01:43,40,"Arakere, Bengaluru",24,0.11,0.0005
2026-05-10 17:01:31,43,"Arakere, Bengaluru",26,0.11,0.0006
2026-05-10 17:01:20,41,"Arakere, Bengaluru",25,0.11,0.0006
2026-05-10 17:01:07,43,"Arakere, Bengaluru",26,0.11,0.0006
2026-05-10 17:00:55,43,"Arakere, Bengaluru",26,0.11,0.0006
2026-05-10 17:00:43,43,"Arakere, Bengaluru",26,0.11,0.0006
2026-05-10 17:00:43,43,"Arakere, Bengaluru",26,0.11,0.0006
2026-05-10 17:00:43,43,"Arakere, Bengaluru",26,0.11,0.0006
2026-05-10 17:00:31,45,"Arakere, Bengaluru",27,0.11,0.0006
2026-05-10 17:00:19,43,"Arakere, Bengaluru",26,0.11,0.0006
2026-05-10 17:00:07,36,"Arakere, Bengaluru",22,0.11,0.0005
2026-05-10 16:59:55,35,"Arakere, Bengaluru",21,0.11,0.0004
2026-05-10 16:59:43,35,"Arakere, Bengaluru",21,0.11,0.0004
2026-05-10 16:59:31,35,"Arakere, Bengaluru",21,0.11,0.0004
2026-05-10 16:59:19,38,"Arakere, Bengaluru",23,0.11,0.0005
2026-05-10 16:59:07,36,"Arakere, Bengaluru",22,0.11,0.0005
2026-05-10 16:58:55,35,"Arakere, Bengaluru",21,0.11,0.0004
2026-05-10 16:58:43,38,"Arakere, Bengaluru",23,0.11,0.0005
2026-05-10 16:58:31,43,"Arakere, Bengaluru",26,0.11,0.0006
2026-05-10 16:58:19,41,"Arakere, Bengaluru",25,0.11,0.0006
2026-05-10 16:58:07,41,"Arakere, Bengaluru",25,0.11,0.0006
2026-05-10 16:57:55,38,"Arakere, Bengaluru",23,0.11,0.0005
2026-05-10 16:57:43,38,"Arakere, Bengaluru",23,0.11,0.0005
2026-05-10 16:57:30,38,"Arakere, Bengaluru",23,0.11,0.0005
2026-05-10 16:57:19,38,"Arakere, Bengaluru",23,0.11,0.0005
2026-05-10 16:57:07,38,"Arakere, Bengaluru",23,0.11,0.0005
2026-05-10 16:56:55,40,"Arakere, Bengaluru",24,0.11,0.0005
2026-05-10 16:56:43,40,"Arakere, Bengaluru",24,0.11,0.0005
2026-05-10 16:56:31,41,"Arakere, Bengaluru",25,0.11,0.0006
2026-05-10 16:56:19,40,"Arakere, Bengaluru",24,0.11,0.0005
2026-05-10 16:56:07,38,"Arakere, Bengaluru",23,0.11,0.0005
2026-05-10 16:55:55,40,"Arakere, Bengaluru",24,0.11,0.0005
2026-05-10 16:55:42,38,"Arakere, Bengaluru",23,0.11,0.0005
2026-05-10 16:55:31,38,"Arakere, Bengaluru",23,0.11,0.0005
2026-05-10 16:55:31,38,"Arakere, Bengaluru",23,0.11,0.0005
2026-05-10 16:55:31,38,"Arakere, Bengaluru",23,0.11,0.0005
2026-05-10 16:55:31,38,"Arakere, Bengaluru",23,0.11,0.0005
2026-05-10 16:55:19,35,"Arakere, Bengaluru",21,0.12,0.0004
2026-05-10 16:55:07,33,"Arakere, Bengaluru",20,0.12,0.0004
2026-05-10 16:54:55,33,"Arakere, Bengaluru",20,0.12,0.0004
2026-05-10 16:54:42,31,"Arakere, Bengaluru",19,0.12,0.0003
2026-05-10 16:54:30,35,"Arakere, Bengaluru",21,0.12,0.0004
2026-05-10 16:54:19,35,"Arakere, Bengaluru",21,0.12,0.0004
2026-05-10 16:54:06,35,"Arakere, Bengaluru",21,0.12,0.0004
2026-05-10 16:53:54,36,"Arakere, Bengaluru",22,0.12,0.0005
2026-05-10 16:53:42,36,"Arakere, Bengaluru",22,0.12,0.0005
2026-05-10 16:53:30,36,"Arakere, Bengaluru",22,0.12,0.0005
2026-05-10 16:53:18,36,"Arakere, Bengaluru",22,0.12,0.0005
2026-05-10 16:53:07,33,"Arakere, Bengaluru",20,0.12,0.0004
2026-05-10 16:52:54,35,"Arakere, Bengaluru",21,0.12,0.0004
2026-05-10 16:52:42,35,"Arakere, Bengaluru",21,0.12,0.0004
2026-05-10 16:52:30,35,"Arakere, Bengaluru",21,0.12,0.0004
2026-05-10 16:52:18,35,"Arakere, Bengaluru",21,0.11,0.0004
2026-05-10 16:52:06,35,"Arakere, Bengaluru",21,0.11,0.0004
2026-05-10 16:51:55,36,"Arakere, Bengaluru",22,0.11,0.0005
2026-05-10 16:51:42,36,"Arakere, Bengaluru",22,0.11,0.0005
2026-05-10 16:51:30,36,"Arakere, Bengaluru",22,0.11,0.0005
2026-05-10 16:51:18,38,"Arakere, Bengaluru",23,0.12,0.0005
2026-05-10 16:51:07,38,"Arakere, Bengaluru",23,0.12,0.0005
2026-05-10 16:50:55,36,"Arakere, Bengaluru",22,0.12,0.0005
2026-05-10 16:50:42,38,"Arakere, Bengaluru",23,0.12,0.0005
2026-05-10 16:50:30,35,"Arakere, Bengaluru",21,0.12,0.0004
2026-05-10 16:50:20,36,"Arakere, Bengaluru",22,0.12,0.0005
2026-05-10 16:50:20,36,"Arakere, Bengaluru",22,0.12,0.0005
2026-05-10 16:50:20,36,"Arakere, Bengaluru",22,0.12,0.0005
2026-05-10 16:50:20,36,"Arakere, Bengaluru",22,0.12,0.0005
2026-05-10 16:50:07,38,"Arakere, Bengaluru",23,0.12,0.0005
2026-05-10 16:49:54,40,"Arakere, Bengaluru",24,0.12,0.0005
2026-05-10 16:49:43,38,"Arakere, Bengaluru",23,0.12,0.0005
2026-05-10 16:49:30,36,"Arakere, Bengaluru",22,0.12,0.0005
2026-05-10 16:49:18,35,"Arakere, Bengaluru",21,0.12,0.0004
2026-05-10 16:49:06,36,"Arakere, Bengaluru",22,0.12,0.0005
2026-05-10 16:48:54,36,"Arakere, Bengaluru",22,0.12,0.0005
2026-05-10 16:48:42,38,"Arakere, Bengaluru",23,0.12,0.0005
2026-05-10 16:48:30,38,"Arakere, Bengaluru",23,0.12,0.0005
2026-05-10 16:48:18,38,"Arakere, Bengaluru",23,0.12,0.0005
2026-05-10 16:48:06,36,"Arakere, Bengaluru",22,0.12,0.0005
2026-05-10 16:47:54,38,"Arakere, Bengaluru",23,0.12,0.0005
2026-05-10 16:47:42,38,"Arakere, Bengaluru",23,0.12,0.0005
2026-05-10 16:47:30,36,"Arakere, Bengaluru",22,0.12,0.0005
2026-05-10 16:47:18,40,"Arakere, Bengaluru",24,0.11,0.0005
2026-05-10 16:47:06,41,"Arakere, Bengaluru",25,0.11,0.0006
2026-05-10 16:46:54,40,"Arakere, Bengaluru",24,0.11,0.0005
2026-05-10 16:46:43,40,"Arakere, Bengaluru",24,0.11,0.0005
2026-05-10 16:46:30,38,"Arakere, Bengaluru",23,0.11,0.0005
2026-05-10 16:46:18,35,"Arakere, Bengaluru",21,0.11,0.0004
2026-05-10 16:46:06,36,"Arakere, Bengaluru",22,0.11,0.0005
2026-05-10 16:45:54,40,"Arakere, Bengaluru",24,0.11,0.0005
2026-05-10 16:45:42,38,"Arakere, Bengaluru",23,0.11,0.0005
2026-05-10 16:45:30,38,"Arakere, Bengaluru",23,0.11,0.0005
2026-05-10 16:45:18,33,"Arakere, Bengaluru",20,0.11,0.0004
2026-05-10 16:45:07,36,"Arakere, Bengaluru",22,0.11,0.0005
2026-05-10 16:45:07,36,"Arakere, Bengaluru",22,0.11,0.0005
2026-05-10 16:45:07,36,"Arakere, Bengaluru",22,0.11,0.0005
2026-05-10 16:45:07,36,"Arakere, Bengaluru",22,0.11,0.0005
2026-05-10 16:44:54,33,"Arakere, Bengaluru",20,0.11,0.0004
2026-05-10 16:44:42,38,"Arakere, Bengaluru",23,0.11,0.0005
2026-05-10 16:44:30,38,"Arakere, Bengaluru",23,0.11,0.0005
2026-05-10 16:44:18,40,"Arakere, Bengaluru",24,0.11,0.0005
2026-05-10 16:44:06,38,"Arakere, Bengaluru",23,0.11,0.0005
2026-05-10 16:43:54,40,"Arakere, Bengaluru",24,0.11,0.0005
2026-05-10 16:43:42,38,"Arakere, Bengaluru",23,0.11,0.0005
2026-05-10 16:43:30,36,"Arakere, Bengaluru",22,0.11,0.0005
2026-05-10 16:43:18,38,"Arakere, Bengaluru",23,0.11,0.0005
2026-05-10 16:43:06,40,"Arakere, Bengaluru",24,0.11,0.0005
2026-05-10 16:42:54,40,"Arakere, Bengaluru",24,0.11,0.0005
2026-05-10 16:42:42,38,"Arakere, Bengaluru",23,0.11,0.0005
2026-05-10 16:42:30,40,"Arakere, Bengaluru",24,0.11,0.0005
2026-05-10 16:42:18,38,"Arakere, Bengaluru",23,0.11,0.0005
2026-05-10 16:42:06,43,"Arakere, Bengaluru",26,0.11,0.0006
2026-05-10 16:41:54,43,"Arakere, Bengaluru",26,0.11,0.0006
2026-05-10 16:41:42,40,"Arakere, Bengaluru",24,0.11,0.0005
2026-05-10 16:41:30,36,"Arakere, Bengaluru",22,0.11,0.0005
2026-05-10 16:41:18,35,"Arakere, Bengaluru",21,0.12,0.0004
2026-05-10 16:41:06,36,"Arakere, Bengaluru",22,0.12,0.0005
2026-05-10 16:40:54,33,"Arakere, Bengaluru",20,0.12,0.0004
2026-05-10 16:40:42,35,"Arakere, Bengaluru",21,0.12,0.0004
2026-05-10 16:40:30,35,"Arakere, Bengaluru",21,0.12,0.0004
2026-05-10 16:40:19,40,"Arakere, Bengaluru",24,0.12,0.0005
2026-05-10 16:40:10,50,"Arakere, Bengaluru",30,0.12,0.0008
2026-05-10 16:40:03,61,"Arakere, Bengaluru",37,0.12,0.0010
2026-05-10 16:40:03,61,"Arakere, Bengaluru",37,0.12,0.0010
2026-05-10 16:40:03,61,"Arakere, Bengaluru",37,0.12,0.0010
2026-05-10 16:40:02,61,"Arakere, Bengaluru",37,0.12,0.0010
2026-05-10 16:39:56,71,"Arakere, Bengaluru",43,0.12,0.0013
2026-05-10 16:39:51,81,"Arakere, Bengaluru",49,0.12,0.0015
2026-05-10 16:39:48,71,"Arakere, Bengaluru",43,0.12,0.0013
2026-05-10 16:39:45,61,"Arakere, Bengaluru",37,0.12,0.0010
2026-05-10 16:39:42,50,"Arakere, Bengaluru",30,0.12,0.0008
2026-05-10 16:39:35,31,"Arakere, Bengaluru",19,0.12,0.0003
2026-05-10 16:39:23,31,"Arakere, Bengaluru",19,0.12,0.0003
2026-05-10 16:39:11,31,"Arakere, Bengaluru",19,0.12,0.0003
2026-05-10 16:38:59,30,"Arakere, Bengaluru",18,0.12,0.0003
2026-05-10 16:38:47,33,"Arakere, Bengaluru",20,0.12,0.0004
2026-05-10 16:38:35,33,"Arakere, Bengaluru",20,0.12,0.0004
2026-05-10 16:38:23,31,"Arakere, Bengaluru",19,0.12,0.0003
2026-05-10 16:38:11,31,"Arakere, Bengaluru",19,0.12,0.0003
2026-05-10 16:37:59,33,"Arakere, Bengaluru",20,0.12,0.0004
2026-05-10 16:37:47,33,"Arakere, Bengaluru",20,0.12,0.0004
2026-05-10 16:37:35,33,"Arakere, Bengaluru",20,0.12,0.0004
2026-05-10 16:37:23,33,"Arakere, Bengaluru",20,0.11,0.0004
2026-05-10 16:37:11,35,"Arakere, Bengaluru",21,0.11,0.0004
2026-05-10 16:36:59,35,"Arakere, Bengaluru",21,0.11,0.0004
2026-05-10 16:36:47,33,"Arakere, Bengaluru",20,0.11,0.0004
2026-05-10 16:36:35,33,"Arakere, Bengaluru",20,0.11,0.0004
2026-05-10 16:36:23,35,"Arakere, Bengaluru",21,0.12,0.0004
2026-05-10 16:36:11,35,"Arakere, Bengaluru",21,0.12,0.0004
2026-05-10 16:35:59,33,"Arakere, Bengaluru",20,0.12,0.0004
2026-05-10 16:35:47,33,"Arakere, Bengaluru",20,0.12,0.0004
2026-05-10 16:35:35,36,"Arakere, Bengaluru",22,0.12,0.0005
2026-05-10 16:35:23,33,"Arakere, Bengaluru",20,0.12,0.0004
2026-05-10 16:35:11,33,"Arakere, Bengaluru",20,0.12,0.0004
2026-05-10 16:34:59,33,"Arakere, Bengaluru",20,0.12,0.0004
2026-05-10 16:34:59,33,"Arakere, Bengaluru",20,0.12,0.0004
2026-05-10 16:34:59,33,"Arakere, Bengaluru",20,0.12,0.0004
2026-05-10 16:34:59,33,"Arakere, Bengaluru",20,0.12,0.0004
2026-05-10 16:34:47,35,"Arakere, Bengaluru",21,0.12,0.0004
2026-05-10 16:34:35,33,"Arakere, Bengaluru",20,0.12,0.0004
2026-05-10 16:34:23,35,"Arakere, Bengaluru",21,0.11,0.0004
2026-05-10 16:34:11,33,"Arakere, Bengaluru",20,0.11,0.0004
2026-05-10 16:33:59,35,"Arakere, Bengaluru",21,0.11,0.0004
2026-05-10 16:33:47,31,"Arakere, Bengaluru",19,0.11,0.0003
2026-05-10 16:33:35,33,"Arakere, Bengaluru",20,0.11,0.0004
2026-05-10 16:33:23,35,"Arakere, Bengaluru",21,0.11,0.0004
2026-05-10 16:33:11,33,"Arakere, Bengaluru",20,0.11,0.0004
2026-05-10 16:32:59,33,"Arakere, Bengaluru",20,0.11,0.0004
2026-05-10 16:32:47,33,"Arakere, Bengaluru",20,0.11,0.0004
2026-05-10 16:32:35,33,"Arakere, Bengaluru",20,0.11,0.0004
2026-05-10 16:32:23,31,"Arakere, Bengaluru",19,0.11,0.0003
2026-05-10 16:32:11,33,"Arakere, Bengaluru",20,0.11,0.0004
2026-05-10 16:31:59,35,"Arakere, Bengaluru",21,0.11,0.0004
2026-05-10 16:31:47,33,"Arakere, Bengaluru",20,0.11,0.0004
2026-05-10 16:31:35,31,"Arakere, Bengaluru",19,0.11,0.0003
2026-05-10 16:31:23,36,"Arakere, Bengaluru",22,0.11,0.0005
2026-05-10 16:31:11,36,"Arakere, Bengaluru",22,0.11,0.0005
2026-05-10 16:30:59,36,"Arakere, Bengaluru",22,0.11,0.0005
2026-05-10 16:30:47,36,"Arakere, Bengaluru",22,0.11,0.0005
2026-05-10 16:30:35,36,"Arakere, Bengaluru",22,0.11,0.0005
2026-05-10 16:30:23,36,"Arakere, Bengaluru",22,0.11,0.0005
2026-05-10 16:30:11,38,"Arakere, Bengaluru",23,0.11,0.0005
2026-05-10 16:29:59,38,"Arakere, Bengaluru",23,0.11,0.0005
2026-05-10 16:29:48,35,"Arakere, Bengaluru",21,0.11,0.0004
2026-05-10 16:29:48,35,"Arakere, Bengaluru",21,0.11,0.0004
2026-05-10 16:29:48,35,"Arakere, Bengaluru",21,0.11,0.0004
2026-05-10 16:29:47,35,"Arakere, Bengaluru",21,0.11,0.0004
2026-05-10 16:29:35,38,"Arakere, Bengaluru",23,0.11,0.0005
2026-05-10 16:29:23,38,"Arakere, Bengaluru",23,0.11,0.0005
2026-05-10 16:29:11,38,"Arakere, Bengaluru",23,0.11,0.0005
2026-05-10 16:28:59,40,"Arakere, Bengaluru",24,0.11,0.0005
2026-05-10 16:28:47,43,"Arakere, Bengaluru",26,0.11,0.0006
2026-05-10 16:28:35,45,"Arakere, Bengaluru",27,0.11,0.0006
2026-05-10 16:28:23,38,"Arakere, Bengaluru",23,0.11,0.0005
2026-05-10 16:28:11,36,"Arakere, Bengaluru",22,0.11,0.0005
2026-05-10 16:27:59,33,"Arakere, Bengaluru",20,0.11,0.0004
2026-05-10 16:27:47,36,"Arakere, Bengaluru",22,0.11,0.0005
2026-05-10 16:27:35,38,"Arakere, Bengaluru",23,0.11,0.0005
2026-05-10 16:27:22,35,"Arakere, Bengaluru",21,0.12,0.0004
2026-05-10 16:27:11,31,"Arakere, Bengaluru",19,0.12,0.0003
2026-05-10 16:26:59,33,"Arakere, Bengaluru",20,0.12,0.0004
2026-05-10 16:26:47,33,"Arakere, Bengaluru",20,0.12,0.0004
2026-05-10 16:26:35,33,"Arakere, Bengaluru",20,0.12,0.0004
2026-05-10 16:26:23,33,"Arakere, Bengaluru",20,0.12,0.0004
2026-05-10 16:26:11,33,"Arakere, Bengaluru",20,0.12,0.0004
2026-05-10 16:25:59,36,"Arakere, Bengaluru",22,0.12,0.0005
2026-05-10 16:25:47,35,"Arakere, Bengaluru",21,0.12,0.0004
2026-05-10 16:25:35,36,"Arakere, Bengaluru",22,0.12,0.0005
2026-05-10 16:25:23,36,"Arakere, Bengaluru",22,0.12,0.0005
2026-05-10 16:25:11,35,"Arakere, Bengaluru",21,0.12,0.0004
2026-05-10 16:24:59,36,"Arakere, Bengaluru",22,0.12,0.0005
2026-05-10 16:24:47,36,"Arakere, Bengaluru",22,0.12,0.0005
2026-05-10 16:24:35,35,"Arakere, Bengaluru",21,0.12,0.0004
2026-05-10 16:24:35,35,"Arakere, Bengaluru",21,0.12,0.0004
2026-05-10 16:24:35,35,"Arakere, Bengaluru",21,0.12,0.0004
2026-05-10 16:24:35,35,"Arakere, Bengaluru",21,0.12,0.0004
2026-05-10 16:24:22,35,"Arakere, Bengaluru",21,0.12,0.0004
2026-05-10 16:24:11,33,"Arakere, Bengaluru",20,0.12,0.0004
2026-05-10 16:23:58,35,"Arakere, Bengaluru",21,0.12,0.0004
2026-05-10 16:23:47,35,"Arakere, Bengaluru",21,0.12,0.0004
2026-05-10 16:23:35,33,"Arakere, Bengaluru",20,0.12,0.0004
2026-05-10 16:23:23,31,"Arakere, Bengaluru",19,0.12,0.0003
2026-05-10 16:23:10,35,"Arakere, Bengaluru",21,0.12,0.0004
2026-05-10 16:22:59,35,"Arakere, Bengaluru",21,0.12,0.0004
2026-05-10 16:22:47,36,"Arakere, Bengaluru",22,0.12,0.0005
2026-05-10 16:22:34,35,"Arakere, Bengaluru",21,0.12,0.0004
2026-05-10 16:22:22,35,"Arakere, Bengaluru",21,0.12,0.0004
2026-05-10 16:22:10,35,"Arakere, Bengaluru",21,0.12,0.0004
2026-05-10 16:21:59,33,"Arakere, Bengaluru",20,0.12,0.0004
2026-05-10 16:21:47,36,"Arakere, Bengaluru",22,0.12,0.0005
2026-05-10 16:21:35,38,"Arakere, Bengaluru",23,0.12,0.0005
2026-05-10 16:21:23,35,"Arakere, Bengaluru",21,0.12,0.0004
2026-05-10 16:21:11,35,"Arakere, Bengaluru",21,0.12,0.0004
2026-05-10 16:20:58,36,"Arakere, Bengaluru",22,0.12,0.0005
2026-05-10 16:20:46,36,"Arakere, Bengaluru",22,0.12,0.0005
2026-05-10 16:20:34,35,"Arakere, Bengaluru",21,0.12,0.0004
2026-05-10 16:20:22,33,"Arakere, Bengaluru",20,0.12,0.0004
2026-05-10 16:20:10,35,"Arakere, Bengaluru",21,0.12,0.0004
2026-05-10 16:19:58,38,"Arakere, Bengaluru",23,0.12,0.0005
2026-05-10 16:19:46,36,"Arakere, Bengaluru",22,0.12,0.0005
2026-05-10 16:19:34,36,"Arakere, Bengaluru",22,0.12,0.0005
2026-05-10 16:19:23,35,"Arakere, Bengaluru",21,0.12,0.0004
2026-05-10 16:19:10,33,"Arakere, Bengaluru",20,0.12,0.0004
2026-05-10 16:18:58,33,"Arakere, Bengaluru",20,0.12,0.0004
2026-05-10 16:18:46,33,"Arakere, Bengaluru",20,0.12,0.0004
2026-05-10 16:18:34,33,"Arakere, Bengaluru",20,0.12,0.0004
2026-05-10 16:18:22,33,"Arakere, Bengaluru",20,0.12,0.0004
2026-05-10 16:18:10,31,"Arakere, Bengaluru",19,0.12,0.0003
2026-05-10 16:17:58,33,"Arakere, Bengaluru",20,0.12,0.0004
2026-05-10 16:17:46,33,"Arakere, Bengaluru",20,0.12,0.0004
2026-05-10 16:17:34,33,"Arakere, Bengaluru",20,0.12,0.0004
2026-05-10 16:17:22,33,"Arakere, Bengaluru",20,0.12,0.0004
2026-05-10 16:17:10,31,"Arakere, Bengaluru",19,0.12,0.0003
2026-05-10 16:16:58,30,"Arakere, Bengaluru",18,0.12,0.0003
2026-05-10 16:16:46,30,"Arakere, Bengaluru",18,0.12,0.0003
2026-05-10 16:16:34,31,"Arakere, Bengaluru",19,0.12,0.0003
2026-05-10 16:16:23,35,"Arakere, Bengaluru",21,0.13,0.0004
2026-05-10 16:16:10,31,"Arakere, Bengaluru",19,0.13,0.0003
2026-05-10 16:15:58,33,"Arakere, Bengaluru",20,0.13,0.0004
2026-05-10 16:15:46,33,"Arakere, Bengaluru",20,0.13,0.0004
2026-05-10 16:15:34,35,"Arakere, Bengaluru",21,0.13,0.0004
2026-05-10 16:15:22,35,"Arakere, Bengaluru",21,0.13,0.0004
2026-05-10 16:15:10,31,"Arakere, Bengaluru",19,0.13,0.0003
2026-05-10 16:14:58,35,"Arakere, Bengaluru",21,0.13,0.0004
2026-05-10 16:14:46,33,"Arakere, Bengaluru",20,0.13,0.0004
2026-05-10 16:14:34,35,"Arakere, Bengaluru",21,0.13,0.0004
2026-05-10 16:14:22,35,"Arakere, Bengaluru",21,0.13,0.0004
2026-05-10 16:14:11,36,"Arakere, Bengaluru",22,0.13,0.0005
2026-05-10 16:14:11,36,"Arakere, Bengaluru",22,0.13,0.0005
2026-05-10 16:14:11,36,"Arakere, Bengaluru",22,0.13,0.0005
2026-05-10 16:14:11,36,"Arakere, Bengaluru",22,0.13,0.0005
2026-05-10 16:13:58,35,"Arakere, Bengaluru",21,0.13,0.0004
2026-05-10 16:13:46,33,"Arakere, Bengaluru",20,0.13,0.0004
2026-05-10 16:13:34,33,"Arakere, Bengaluru",20,0.13,0.0004
2026-05-10 16:13:22,35,"Arakere, Bengaluru",21,0.13,0.0004
2026-05-10 16:13:10,33,"Arakere, Bengaluru",20,0.13,0.0004
2026-05-10 16:12:58,31,"Arakere, Bengaluru",19,0.13,0.0003
2026-05-10 16:12:46,33,"Arakere, Bengaluru",20,0.13,0.0004
2026-05-10 16:12:34,33,"Arakere, Bengaluru",20,0.13,0.0004
2026-05-10 16:12:22,33,"Arakere, Bengaluru",20,0.13,0.0004
2026-05-10 16:12:10,31,"Arakere, Bengaluru",19,0.13,0.0003
2026-05-10 16:11:58,33,"Arakere, Bengaluru",20,0.13,0.0004
2026-05-10 16:11:46,33,"Arakere, Bengaluru",20,0.13,0.0004
2026-05-10 16:11:34,33,"Arakere, Bengaluru",20,0.13,0.0004
2026-05-10 16:11:22,31,"Arakere, Bengaluru",19,0.13,0.0003
2026-05-10 16:11:10,33,"Arakere, Bengaluru",20,0.13,0.0004
2026-05-10 16:10:58,31,"Arakere, Bengaluru",19,0.13,0.0003
2026-05-10 16:10:46,35,"Arakere, Bengaluru",21,0.13,0.0004
2026-05-10 16:10:34,33,"Arakere, Bengaluru",20,0.13,0.0004
2026-05-10 16:10:22,33,"Arakere, Bengaluru",20,0.13,0.0004
2026-05-10 16:10:10,30,"Arakere, Bengaluru",18,0.13,0.0003
2026-05-10 16:09:58,31,"Arakere, Bengaluru",19,0.13,0.0003
2026-05-10 16:09:46,30,"Arakere, Bengaluru",18,0.13,0.0003
2026-05-10 16:09:34,33,"Arakere, Bengaluru",20,0.13,0.0004
2026-05-10 16:09:22,33,"Arakere, Bengaluru",20,0.13,0.0004
2026-05-10 16:09:10,33,"Arakere, Bengaluru",20,0.13,0.0004
2026-05-10 16:08:59,31,"Arakere, Bengaluru",19,0.13,0.0003
2026-05-10 16:08:59,31,"Arakere, Bengaluru",19,0.13,0.0003
2026-05-10 16:08:59,31,"Arakere, Bengaluru",19,0.13,0.0003
2026-05-10 16:08:46,33,"Arakere, Bengaluru",20,0.13,0.0004
2026-05-10 16:08:34,31,"Arakere, Bengaluru",19,0.13,0.0003
2026-05-10 16:08:22,35,"Arakere, Bengaluru",21,0.13,0.0004
2026-05-10 16:08:10,33,"Arakere, Bengaluru",20,0.13,0.0004
2026-05-10 16:07:58,33,"Arakere, Bengaluru",20,0.13,0.0004
2026-05-10 16:07:46,31,"Arakere, Bengaluru",19,0.13,0.0003
2026-05-10 16:07:34,31,"Arakere, Bengaluru",19,0.13,0.0003
2026-05-10 16:07:22,33,"Arakere, Bengaluru",20,0.13,0.0004
2026-05-10 16:07:10,35,"Arakere, Bengaluru",21,0.13,0.0004
2026-05-10 16:06:58,36,"Arakere, Bengaluru",22,0.13,0.0005
2026-05-10 16:06:46,35,"Arakere, Bengaluru",21,0.13,0.0004
2026-05-10 16:06:34,33,"Arakere, Bengaluru",20,0.13,0.0004
2026-05-10 16:06:22,31,"Arakere, Bengaluru",19,0.13,0.0003
2026-05-10 16:06:10,36,"Arakere, Bengaluru",22,0.13,0.0005
2026-05-10 16:05:58,36,"Arakere, Bengaluru",22,0.13,0.0005
2026-05-10 16:05:46,35,"Arakere, Bengaluru",21,0.13,0.0004
2026-05-10 16:05:34,38,"Arakere, Bengaluru",23,0.13,0.0005
2026-05-10 16:05:22,36,"Arakere, Bengaluru",22,0.13,0.0005
2026-05-10 16:05:10,36,"Arakere, Bengaluru",22,0.13,0.0005
2026-05-10 16:04:58,36,"Arakere, Bengaluru",22,0.13,0.0005
2026-05-10 16:04:46,35,"Arakere, Bengaluru",21,0.13,0.0004
2026-05-10 16:04:34,36,"Arakere, Bengaluru",22,0.13,0.0005
2026-05-10 16:04:22,36,"Arakere, Bengaluru",22,0.12,0.0005
2026-05-10 16:04:10,36,"Arakere, Bengaluru",22,0.12,0.0005
2026-05-10 16:03:58,38,"Arakere, Bengaluru",23,0.12,0.0005
2026-05-10 16:03:47,38,"Arakere, Bengaluru",23,0.12,0.0005
2026-05-10 16:03:34,35,"Arakere, Bengaluru",21,0.12,0.0004
2026-05-10 16:03:22,36,"Arakere, Bengaluru",22,0.12,0.0005
2026-05-10 16:03:10,35,"Arakere, Bengaluru",21,0.12,0.0004
2026-05-10 16:02:58,33,"Arakere, Bengaluru",20,0.12,0.0004
2026-05-10 16:02:46,36,"Arakere, Bengaluru",22,0.12,0.0005
2026-05-10 16:02:34,36,"Arakere, Bengaluru",22,0.12,0.0005
2026-05-10 16:02:22,35,"Arakere, Bengaluru",21,0.12,0.0004
2026-05-10 16:02:10,36,"Arakere, Bengaluru",22,0.12,0.0005
2026-05-10 16:01:58,38,"Arakere, Bengaluru",23,0.12,0.0005
2026-05-10 16:01:46,40,"Arakere, Bengaluru",24,0.12,0.0005
2026-05-10 16:01:34,41,"Arakere, Bengaluru",25,0.12,0.0006
2026-05-10 16:01:23,51,"Arakere, Bengaluru",31,0.12,0.0008
2026-05-10 16:01:11,46,"Arakere, Bengaluru",28,0.12,0.0007
2026-05-10 16:01:01,36,"Arakere, Bengaluru",22,0.12,0.0005
2026-05-10 16:00:49,38,"Arakere, Bengaluru",23,0.12,0.0005
2026-05-10 16:00:37,38,"Arakere, Bengaluru",23,0.12,0.0005
2026-05-10 16:00:25,35,"Arakere, Bengaluru",21,0.12,0.0004
2026-05-10 16:00:13,35,"Arakere, Bengaluru",21,0.12,0.0004
2026-05-10 16:00:01,35,"Arakere, Bengaluru",21,0.12,0.0004
2026-05-10 15:59:49,33,"Arakere, Bengaluru",20,0.12,0.0004
2026-05-10 15:59:37,33,"Arakere, Bengaluru",20,0.12,0.0004
2026-05-10 15:59:25,33,"Arakere, Bengaluru",20,0.12,0.0004
2026-05-10 15:59:13,33,"Arakere, Bengaluru",20,0.12,0.0004
2026-05-10 15:59:01,35,"Arakere, Bengaluru",21,0.12,0.0004
2026-05-10 15:58:49,35,"Arakere, Bengaluru",21,0.12,0.0004
2026-05-10 15:58:38,31,"Arakere, Bengaluru",19,0.12,0.0003
2026-05-10 15:58:38,31,"Arakere, Bengaluru",19,0.12,0.0003
2026-05-10 15:58:38,31,"Arakere, Bengaluru",19,0.12,0.0003
2026-05-10 15:58:25,35,"Arakere, Bengaluru",21,0.12,0.0004
2026-05-10 15:58:13,35,"Arakere, Bengaluru",21,0.12,0.0004
2026-05-10 15:58:01,33,"Arakere, Bengaluru",20,0.12,0.0004
2026-05-10 15:57:49,33,"Arakere, Bengaluru",20,0.12,0.0004
2026-05-10 15:57:38,33,"Arakere, Bengaluru",20,0.12,0.0004
2026-05-10 15:57:25,35,"Arakere, Bengaluru",21,0.12,0.0004
2026-05-10 15:57:13,33,"Arakere, Bengaluru",20,0.12,0.0004
2026-05-10 15:57:01,35,"Arakere, Bengaluru",21,0.12,0.0004
2026-05-10 15:56:49,31,"Arakere, Bengaluru",19,0.12,0.0003
2026-05-10 15:56:37,30,"Arakere, Bengaluru",18,0.12,0.0003
2026-05-10 15:56:25,30,"Arakere, Bengaluru",18,0.12,0.0003
2026-05-10 15:56:13,33,"Arakere, Bengaluru",20,0.12,0.0004
2026-05-10 15:56:01,35,"Arakere, Bengaluru",21,0.12,0.0004
2026-05-10 15:55:49,36,"Arakere, Bengaluru",22,0.12,0.0005
2026-05-10 15:55:40,36,"Arakere, Bengaluru",22,0.12,0.0005
2026-05-10 15:55:25,35,"Arakere, Bengaluru",21,0.12,0.0004
2026-05-10 15:55:13,33,"Arakere, Bengaluru",20,0.12,0.0004
2026-05-10 15:55:01,33,"Arakere, Bengaluru",20,0.12,0.0004
2026-05-10 15:54:49,33,"Arakere, Bengaluru",20,0.12,0.0004
2026-05-10 15:54:37,33,"Arakere, Bengaluru",20,0.12,0.0004
2026-05-10 15:54:25,36,"Arakere, Bengaluru",22,0.12,0.0005
2026-05-10 15:54:13,36,"Arakere, Bengaluru",22,0.12,0.0005
2026-05-10 15:54:01,38,"Arakere, Bengaluru",23,0.12,0.0005
2026-05-10 15:53:49,38,"Arakere, Bengaluru",23,0.12,0.0005
2026-05-10 15:53:38,35,"Arakere, Bengaluru",21,0.12,0.0004
2026-05-10 15:53:26,33,"Arakere, Bengaluru",20,0.12,0.0004
2026-05-10 15:53:26,33,"Arakere, Bengaluru",20,0.12,0.0004
2026-05-10 15:53:26,33,"Arakere, Bengaluru",20,0.12,0.0004
2026-05-10 15:53:25,33,"Arakere, Bengaluru",20,0.12,0.0004
2026-05-10 15:53:13,33,"Arakere, Bengaluru",20,0.12,0.0004
2026-05-10 15:53:01,35,"Arakere, Bengaluru",21,0.12,0.0004
2026-05-10 15:52:49,35,"Arakere, Bengaluru",21,0.12,0.0004
2026-05-10 15:52:37,31,"Arakere, Bengaluru",19,0.12,0.0003
2026-05-10 15:52:25,35,"Arakere, Bengaluru",21,0.12,0.0004
2026-05-10 15:52:13,36,"Arakere, Bengaluru",22,0.12,0.0005
2026-05-10 15:52:01,35,"Arakere, Bengaluru",21,0.12,0.0004
2026-05-10 15:51:49,33,"Arakere, Bengaluru",20,0.12,0.0004
2026-05-10 15:51:37,35,"Arakere, Bengaluru",21,0.12,0.0004
2026-05-10 15:51:25,35,"Arakere, Bengaluru",21,0.12,0.0004
2026-05-10 15:51:13,31,"Arakere, Bengaluru",19,0.12,0.0003
2026-05-10 15:51:01,31,"Arakere, Bengaluru",19,0.12,0.0003
2026-05-10 15:50:49,33,"Arakere, Bengaluru",20,0.12,0.0004
2026-05-10 15:50:37,33,"Arakere, Bengaluru",20,0.12,0.0004
2026-05-10 15:50:25,35,"Arakere, Bengaluru",21,0.12,0.0004
2026-05-10 15:50:13,33,"Arakere, Bengaluru",20,0.12,0.0004
2026-05-10 15:50:01,35,"Arakere, Bengaluru",21,0.12,0.0004
2026-05-10 15:49:49,31,"Arakere, Bengaluru",19,0.12,0.0003
2026-05-10 15:49:37,33,"Arakere, Bengaluru",20,0.12,0.0004
2026-05-10 15:49:25,33,"Arakere, Bengaluru",20,0.12,0.0004
2026-05-10 15:49:13,35,"Arakere, Bengaluru",21,0.12,0.0004
2026-05-10 15:49:01,35,"Arakere, Bengaluru",21,0.12,0.0004
2026-05-10 15:48:49,35,"Arakere, Bengaluru",21,0.12,0.0004
2026-05-10 15:48:37,35,"Arakere, Bengaluru",21,0.12,0.0004
2026-05-10 15:48:25,35,"Arakere, Bengaluru",21,0.12,0.0004
2026-05-10 15:48:14,33,"Arakere, Bengaluru",20,0.12,0.0004
2026-05-10 15:48:01,31,"Arakere, Bengaluru",19,0.12,0.0003
2026-05-10 15:47:49,33,"Arakere, Bengaluru",20,0.12,0.0004
2026-05-10 15:47:37,36,"Arakere, Bengaluru",22,0.12,0.0005
2026-05-10 15:47:25,31,"Arakere, Bengaluru",19,0.12,0.0003
2026-05-10 15:47:13,33,"Arakere, Bengaluru",20,0.12,0.0004
2026-05-10 15:47:01,33,"Arakere, Bengaluru",20,0.12,0.0004
2026-05-10 15:46:49,31,"Arakere, Bengaluru",19,0.12,0.0003
2026-05-10 15:46:38,33,"Arakere, Bengaluru",20,0.12,0.0004
2026-05-10 15:46:25,33,"Arakere, Bengaluru",20,0.12,0.0004
2026-05-10 15:46:13,31,"Arakere, Bengaluru",19,0.12,0.0003
2026-05-10 15:46:01,35,"Arakere, Bengaluru",21,0.12,0.0004
2026-05-10 15:45:49,33,"Arakere, Bengaluru",20,0.12,0.0004
2026-05-10 15:45:37,33,"Arakere, Bengaluru",20,0.12,0.0004
2026-05-10 15:45:25,31,"Arakere, Bengaluru",19,0.12,0.0003
2026-05-10 15:45:13,31,"Arakere, Bengaluru",19,0.12,0.0003
2026-05-10 15:45:01,31,"Arakere, Bengaluru",19,0.12,0.0003
2026-05-10 15:44:49,35,"Arakere, Bengaluru",21,0.12,0.0004
2026-05-10 15:44:37,35,"Arakere, Bengaluru",21,0.12,0.0004
2026-05-10 15:44:25,31,"Arakere, Bengaluru",19,0.12,0.0003
2026-05-10 15:44:13,33,"Arakere, Bengaluru",20,0.12,0.0004
2026-05-10 15:44:01,33,"Arakere, Bengaluru",20,0.12,0.0004
2026-05-10 15:43:49,33,"Arakere, Bengaluru",20,0.12,0.0004
2026-05-10 15:43:37,35,"Arakere, Bengaluru",21,0.12,0.0004
2026-05-10 15:43:25,35,"Arakere, Bengaluru",21,0.12,0.0004
2026-05-10 15:43:13,38,"Arakere, Bengaluru",23,0.12,0.0005
2026-05-10 15:43:04,36,"Arakere, Bengaluru",22,0.12,0.0005
2026-05-10 15:43:04,36,"Arakere, Bengaluru",22,0.12,0.0005
2026-05-10 15:43:04,36,"Arakere, Bengaluru",22,0.12,0.0005
2026-05-10 15:43:03,36,"Arakere, Bengaluru",22,0.12,0.0005
2026-05-10 15:43:03,36,"Arakere, Bengaluru",22,0.12,0.0005
2026-05-10 15:42:49,36,"Arakere, Bengaluru",22,0.12,0.0005
2026-05-10 15:42:37,33,"Arakere, Bengaluru",20,0.12,0.0004
2026-05-10 15:42:25,35,"Arakere, Bengaluru",21,0.12,0.0004
2026-05-10 15:42:13,33,"Arakere, Bengaluru",20,0.12,0.0004
2026-05-10 15:42:01,33,"Arakere, Bengaluru",20,0.12,0.0004
2026-05-10 15:41:49,31,"Arakere, Bengaluru",19,0.12,0.0003
2026-05-10 15:41:37,30,"Arakere, Bengaluru",18,0.12,0.0003
2026-05-10 15:41:25,30,"Arakere, Bengaluru",18,0.12,0.0003
2026-05-10 15:41:13,33,"Arakere, Bengaluru",20,0.12,0.0004
2026-05-10 15:41:01,31,"Arakere, Bengaluru",19,0.12,0.0003
2026-05-10 15:40:49,35,"Arakere, Bengaluru",21,0.12,0.0004
2026-05-10 15:40:37,36,"Arakere, Bengaluru",22,0.12,0.0005
2026-05-10 15:40:25,36,"Arakere, Bengaluru",22,0.12,0.0005
2026-05-10 15:40:13,36,"Arakere, Bengaluru",22,0.12,0.0005
2026-05-10 15:40:01,36,"Arakere, Bengaluru",22,0.12,0.0005
2026-05-10 15:39:49,35,"Arakere, Bengaluru",21,0.12,0.0004
2026-05-10 15:39:37,30,"Arakere, Bengaluru",18,0.12,0.0003
2026-05-10 15:39:25,31,"Arakere, Bengaluru",19,0.12,0.0003
2026-05-10 15:39:13,31,"Arakere, Bengaluru",19,0.12,0.0003
2026-05-10 15:39:01,33,"Arakere, Bengaluru",20,0.12,0.0004
2026-05-10 15:38:49,33,"Arakere, Bengaluru",20,0.12,0.0004
2026-05-10 15:38:37,35,"Arakere, Bengaluru",21,0.12,0.0004
2026-05-10 15:38:25,35,"Arakere, Bengaluru",21,0.12,0.0004
2026-05-10 15:38:13,35,"Arakere, Bengaluru",21,0.12,0.0004
2026-05-10 15:38:02,31,"Arakere, Bengaluru",19,0.12,0.0003
2026-05-10 15:38:02,31,"Arakere, Bengaluru",19,0.12,0.0003
2026-05-10 15:38:02,31,"Arakere, Bengaluru",19,0.12,0.0003
2026-05-10 15:38:02,31,"Arakere, Bengaluru",19,0.12,0.0003
2026-05-10 15:37:49,33,"Arakere, Bengaluru",20,0.12,0.0004
2026-05-10 15:37:37,35,"Arakere, Bengaluru",21,0.12,0.0004
2026-05-10 15:37:25,33,"Arakere, Bengaluru",20,0.12,0.0004
2026-05-10 15:37:13,31,"Arakere, Bengaluru",19,0.12,0.0003
2026-05-10 15:37:01,31,"Arakere, Bengaluru",19,0.12,0.0003
2026-05-10 15:36:49,35,"Arakere, Bengaluru",21,0.12,0.0004
2026-05-10 15:36:37,33,"Arakere, Bengaluru",20,0.12,0.0004
2026-05-10 15:36:25,35,"Arakere, Bengaluru",21,0.12,0.0004
2026-05-10 15:36:13,33,"Arakere, Bengaluru",20,0.12,0.0004
2026-05-10 15:36:01,35,"Arakere, Bengaluru",21,0.12,0.0004
2026-05-10 15:35:49,35,"Arakere, Bengaluru",21,0.12,0.0004
2026-05-10 15:35:37,35,"Arakere, Bengaluru",21,0.12,0.0004
2026-05-10 15:35:25,31,"Arakere, Bengaluru",19,0.12,0.0003
2026-05-10 15:35:13,33,"Arakere, Bengaluru",20,0.12,0.0004
2026-05-10 15:35:01,31,"Arakere, Bengaluru",19,0.12,0.0003
2026-05-10 15:34:49,31,"Arakere, Bengaluru",19,0.12,0.0003
2026-05-10 15:34:37,30,"Arakere, Bengaluru",18,0.12,0.0003
2026-05-10 15:34:25,30,"Arakere, Bengaluru",18,0.12,0.0003
2026-05-10 15:34:13,28,"Arakere, Bengaluru",17,0.12,0.0003
2026-05-10 15:34:01,31,"Arakere, Bengaluru",19,0.12,0.0003
2026-05-10 15:33:49,30,"Arakere, Bengaluru",18,0.12,0.0003
2026-05-10 15:33:37,31,"Arakere, Bengaluru",19,0.12,0.0003
2026-05-10 15:33:25,31,"Arakere, Bengaluru",19,0.12,0.0003
2026-05-10 15:33:13,30,"Arakere, Bengaluru",18,0.12,0.0003
2026-05-10 15:33:01,30,"Arakere, Bengaluru",18,0.12,0.0003
2026-05-10 15:32:50,30,"Arakere, Bengaluru",18,0.12,0.0003
2026-05-10 15:32:37,28,"Arakere, Bengaluru",17,0.12,0.0003
2026-05-10 15:32:25,30,"Arakere, Bengaluru",18,0.12,0.0003
2026-05-10 15:32:13,30,"Arakere, Bengaluru",18,0.12,0.0003
2026-05-10 15:32:01,30,"Arakere, Bengaluru",18,0.12,0.0003
2026-05-10 15:31:49,28,"Arakere, Bengaluru",17,0.12,0.0003
2026-05-10 15:31:37,28,"Arakere, Bengaluru",17,0.12,0.0003
2026-05-10 15:31:26,30,"Arakere, Bengaluru",18,0.12,0.0003
2026-05-10 15:31:13,31,"Arakere, Bengaluru",19,0.12,0.0003
2026-05-10 15:31:01,30,"Arakere, Bengaluru",18,0.12,0.0003
2026-05-10 15:30:49,30,"Arakere, Bengaluru",18,0.12,0.0003
2026-05-10 15:30:37,28,"Arakere, Bengaluru",17,0.12,0.0003
2026-05-10 15:30:25,31,"Arakere, Bengaluru",19,0.13,0.0003
2026-05-10 15:30:13,28,"Arakere, Bengaluru",17,0.13,0.0003
2026-05-10 15:30:01,26,"Arakere, Bengaluru",16,0.13,0.0002
2026-05-10 15:29:49,28,"Arakere, Bengaluru",17,0.13,0.0003
2026-05-10 15:29:37,30,"Arakere, Bengaluru",18,0.13,0.0003
2026-05-10 15:29:25,30,"Arakere, Bengaluru",18,0.13,0.0003
2026-05-10 15:29:13,30,"Arakere, Bengaluru",18,0.13,0.0003
2026-05-10 15:29:01,31,"Arakere, Bengaluru",19,0.13,0.0003
2026-05-10 15:28:49,30,"Arakere, Bengaluru",18,0.13,0.0003
2026-05-10 15:28:37,28,"Arakere, Bengaluru",17,0.13,0.0003
2026-05-10 15:28:25,30,"Arakere, Bengaluru",18,0.12,0.0003
2026-05-10 15:28:13,31,"Arakere, Bengaluru",19,0.12,0.0003
2026-05-10 15:28:01,30,"Arakere, Bengaluru",18,0.12,0.0003
2026-05-10 15:27:49,31,"Arakere, Bengaluru",19,0.12,0.0003
2026-05-10 15:27:49,31,"Arakere, Bengaluru",19,0.12,0.0003
2026-05-10 15:27:49,31,"Arakere, Bengaluru",19,0.12,0.0003
2026-05-10 15:27:37,30,"Arakere, Bengaluru",18,0.12,0.0003
2026-05-10 15:27:25,31,"Arakere, Bengaluru",19,0.12,0.0003
2026-05-10 15:27:13,28,"Arakere, Bengaluru",17,0.12,0.0003
2026-05-10 15:27:01,28,"Arakere, Bengaluru",17,0.12,0.0003
2026-05-10 15:26:49,30,"Arakere, Bengaluru",18,0.12,0.0003
2026-05-10 15:26:37,30,"Arakere, Bengaluru",18,0.12,0.0003
2026-05-10 15:26:25,31,"Arakere, Bengaluru",19,0.12,0.0003
2026-05-10 15:26:13,31,"Arakere, Bengaluru",19,0.12,0.0003
2026-05-10 15:26:01,31,"Arakere, Bengaluru",19,0.12,0.0003
2026-05-10 15:25:49,30,"Arakere, Bengaluru",18,0.12,0.0003
2026-05-10 15:25:37,28,"Arakere, Bengaluru",17,0.12,0.0003
2026-05-10 15:25:25,28,"Arakere, Bengaluru",17,0.12,0.0003
2026-05-10 15:25:13,31,"Arakere, Bengaluru",19,0.12,0.0003
2026-05-10 15:25:01,33,"Arakere, Bengaluru",20,0.12,0.0004
2026-05-10 15:24:49,33,"Arakere, Bengaluru",20,0.12,0.0004
2026-05-10 15:24:37,30,"Arakere, Bengaluru",18,0.12,0.0003
2026-05-10 15:24:25,31,"Arakere, Bengaluru",19,0.12,0.0003
2026-05-10 15:24:13,35,"Arakere, Bengaluru",21,0.12,0.0004
2026-05-10 15:24:01,33,"Arakere, Bengaluru",20,0.12,0.0004
2026-05-10 15:23:49,33,"Arakere, Bengaluru",20,0.12,0.0004
2026-05-10 15:23:37,33,"Arakere, Bengaluru",20,0.12,0.0004
2026-05-10 15:23:25,31,"Arakere, Bengaluru",19,0.12,0.0003
2026-05-10 15:23:13,31,"Arakere, Bengaluru",19,0.12,0.0003
2026-05-10 15:23:01,30,"Arakere, Bengaluru",18,0.12,0.0003
2026-05-10 15:22:49,33,"Arakere, Bengaluru",20,0.12,0.0004
2026-05-10 15:22:37,35,"Arakere, Bengaluru",21,0.12,0.0004
2026-05-10 15:22:37,35,"Arakere, Bengaluru",21,0.12,0.0004
2026-05-10 15:22:37,35,"Arakere, Bengaluru",21,0.12,0.0004
2026-05-10 15:22:37,35,"Arakere, Bengaluru",21,0.12,0.0004
2026-05-10 15:22:25,40,"Arakere, Bengaluru",24,0.12,0.0005
2026-05-10 15:22:13,35,"Arakere, Bengaluru",21,0.12,0.0004
2026-05-10 15:22:01,33,"Arakere, Bengaluru",20,0.12,0.0004
2026-05-10 15:21:49,31,"Arakere, Bengaluru",19,0.12,0.0003
2026-05-10 15:21:38,30,"Arakere, Bengaluru",18,0.12,0.0003
2026-05-10 15:21:25,28,"Arakere, Bengaluru",17,0.12,0.0003
2026-05-10 15:21:13,26,"Arakere, Bengaluru",16,0.12,0.0002
2026-05-10 15:21:03,30,"Arakere, Bengaluru",18,0.12,0.0003
2026-05-10 15:20:49,31,"Arakere, Bengaluru",19,0.12,0.0003
2026-05-10 15:20:37,31,"Arakere, Bengaluru",19,0.12,0.0003
2026-05-10 15:20:25,30,"Arakere, Bengaluru",18,0.12,0.0003
2026-05-10 15:20:13,30,"Arakere, Bengaluru",18,0.12,0.0003
2026-05-10 15:20:01,30,"Arakere, Bengaluru",18,0.12,0.0003
2026-05-10 15:19:49,30,"Arakere, Bengaluru",18,0.12,0.0003
2026-05-10 15:19:37,31,"Arakere, Bengaluru",19,0.12,0.0003
2026-05-10 15:19:26,30,"Arakere, Bengaluru",18,0.12,0.0003
2026-05-10 15:19:13,28,"Arakere, Bengaluru",17,0.12,0.0003
2026-05-10 15:19:01,28,"Arakere, Bengaluru",17,0.12,0.0003
2026-05-10 15:18:52,26,"Arakere, Bengaluru",16,0.12,0.0002
2026-05-10 15:18:38,25,"Arakere, Bengaluru",15,0.12,0.0002
2026-05-10 15:18:25,26,"Arakere, Bengaluru",16,0.12,0.0002
2026-05-10 15:18:13,26,"Arakere, Bengaluru",16,0.12,0.0002
2026-05-10 15:18:03,26,"Arakere, Bengaluru",16,0.12,0.0002
2026-05-10 15:17:53,30,"Arakere, Bengaluru",18,0.12,0.0003
2026-05-10 15:17:31,28,"Arakere, Bengaluru",17,0.11,0.0003
2026-05-10 15:17:27,31,"Arakere, Bengaluru",19,0.11,0.0003
2026-05-10 15:17:01,30,"Arakere, Bengaluru",18,0.11,0.0003
2026-05-10 15:16:49,28,"Arakere, Bengaluru",17,0.11,0.0003
2026-05-10 15:16:37,30,"Arakere, Bengaluru",18,0.11,0.0003
2026-05-10 15:16:25,30,"Arakere, Bengaluru",18,0.12,0.0003
2026-05-10 15:16:13,30,"Arakere, Bengaluru",18,0.12,0.0003
2026-05-10 15:16:01,31,"Arakere, Bengaluru",19,0.12,0.0003
2026-05-10 15:15:49,35,"Arakere, Bengaluru",21,0.12,0.0004
2026-05-10 15:15:37,31,"Arakere, Bengaluru",19,0.12,0.0003
2026-05-10 15:15:25,33,"Arakere, Bengaluru",20,0.12,0.0004
2026-05-10 15:15:13,31,"Arakere, Bengaluru",19,0.12,0.0003
2026-05-10 15:15:01,33,"Arakere, Bengaluru",20,0.12,0.0004
2026-05-10 15:14:49,33,"Arakere, Bengaluru",20,0.12,0.0004
2026-05-10 15:14:37,30,"Arakere, Bengaluru",18,0.12,0.0003
2026-05-10 15:14:25,30,"Arakere, Bengaluru",18,0.12,0.0003
2026-05-10 15:14:13,31,"Arakere, Bengaluru",19,0.12,0.0003
2026-05-10 15:14:01,28,"Arakere, Bengaluru",17,0.12,0.0003
2026-05-10 15:13:49,31,"Arakere, Bengaluru",19,0.12,0.0003
2026-05-10 15:13:37,28,"Arakere, Bengaluru",17,0.12,0.0003
2026-05-10 15:13:25,28,"Arakere, Bengaluru",17,0.12,0.0003
2026-05-10 15:13:13,30,"Arakere, Bengaluru",18,0.12,0.0003
2026-05-10 15:13:01,30,"Arakere, Bengaluru",18,0.12,0.0003
2026-05-10 15:12:49,30,"Arakere, Bengaluru",18,0.12,0.0003
2026-05-10 15:12:37,31,"Arakere, Bengaluru",19,0.12,0.0003
2026-05-10 15:12:25,28,"Arakere, Bengaluru",17,0.12,0.0003
2026-05-10 15:12:13,30,"Arakere, Bengaluru",18,0.12,0.0003
2026-05-10 15:12:02,30,"Arakere, Bengaluru",18,0.12,0.0003
2026-05-10 15:12:02,30,"Arakere, Bengaluru",18,0.12,0.0003
2026-05-10 15:12:02,30,"Arakere, Bengaluru",18,0.12,0.0003
2026-05-10 15:12:01,30,"Arakere, Bengaluru",18,0.12,0.0003
2026-05-10 15:11:49,30,"Arakere, Bengaluru",18,0.12,0.0003
2026-05-10 15:11:37,30,"Arakere, Bengaluru",18,0.12,0.0003
2026-05-10 15:11:25,31,"Arakere, Bengaluru",19,0.12,0.0003
2026-05-10 15:11:13,30,"Arakere, Bengaluru",18,0.12,0.0003
2026-05-10 15:11:01,28,"Arakere, Bengaluru",17,0.12,0.0003
2026-05-10 15:10:49,28,"Arakere, Bengaluru",17,0.12,0.0003
2026-05-10 15:10:37,26,"Arakere, Bengaluru",16,0.12,0.0002
2026-05-10 15:10:25,28,"Arakere, Bengaluru",17,0.12,0.0003
2026-05-10 15:10:13,28,"Arakere, Bengaluru",17,0.12,0.0003
2026-05-10 15:10:01,28,"Arakere, Bengaluru",17,0.12,0.0003
2026-05-10 15:09:49,28,"Arakere, Bengaluru",17,0.12,0.0003
2026-05-10 15:09:37,31,"Arakere, Bengaluru",19,0.12,0.0003
2026-05-10 15:09:25,28,"Arakere, Bengaluru",17,0.12,0.0003
2026-05-10 15:09:13,26,"Arakere, Bengaluru",16,0.12,0.0002
2026-05-10 15:09:01,28,"Arakere, Bengaluru",17,0.12,0.0003
2026-05-10 15:08:49,30,"Arakere, Bengaluru",18,0.12,0.0003
2026-05-10 15:08:37,31,"Arakere, Bengaluru",19,0.12,0.0003
2026-05-10 15:08:25,30,"Arakere, Bengaluru",18,0.12,0.0003
2026-05-10 15:08:13,28,"Arakere, Bengaluru",17,0.12,0.0003
2026-05-10 15:08:01,28,"Arakere, Bengaluru",17,0.12,0.0003
2026-05-10 15:07:49,28,"Arakere, Bengaluru",17,0.12,0.0003
2026-05-10 15:07:37,28,"Arakere, Bengaluru",17,0.12,0.0003
2026-05-10 15:07:25,28,"Arakere, Bengaluru",17,0.12,0.0003
2026-05-10 15:07:13,31,"Arakere, Bengaluru",19,0.12,0.0003
2026-05-10 15:07:01,30,"Arakere, Bengaluru",18,0.12,0.0003
2026-05-10 15:06:50,26,"Arakere, Bengaluru",16,0.12,0.0002
2026-05-10 15:06:50,26,"Arakere, Bengaluru",16,0.12,0.0002
2026-05-10 15:06:49,26,"Arakere, Bengaluru",16,0.12,0.0002
2026-05-10 15:06:37,30,"Arakere, Bengaluru",18,0.12,0.0003
2026-05-10 15:06:25,28,"Arakere, Bengaluru",17,0.12,0.0003
2026-05-10 15:06:13,28,"Arakere, Bengaluru",17,0.12,0.0003
2026-05-10 15:06:01,28,"Arakere, Bengaluru",17,0.12,0.0003
2026-05-10 15:05:49,26,"Arakere, Bengaluru",16,0.12,0.0002
2026-05-10 15:05:37,30,"Arakere, Bengaluru",18,0.12,0.0003
2026-05-10 15:05:25,28,"Arakere, Bengaluru",17,0.12,0.0003
2026-05-10 15:05:13,26,"Arakere, Bengaluru",16,0.12,0.0002
2026-05-10 15:05:01,28,"Arakere, Bengaluru",17,0.12,0.0003
2026-05-10 15:04:49,30,"Arakere, Bengaluru",18,0.12,0.0003
2026-05-10 15:04:37,30,"Arakere, Bengaluru",18,0.12,0.0003
2026-05-10 15:04:25,28,"Arakere, Bengaluru",17,0.12,0.0003
2026-05-10 15:04:13,28,"Arakere, Bengaluru",17,0.12,0.0003
2026-05-10 15:04:01,30,"Arakere, Bengaluru",18,0.12,0.0003
2026-05-10 15:03:49,30,"Arakere, Bengaluru",18,0.12,0.0003
2026-05-10 15:03:37,28,"Arakere, Bengaluru",17,0.12,0.0003
2026-05-10 15:03:25,31,"Arakere, Bengaluru",19,0.12,0.0003
2026-05-10 15:03:13,31,"Arakere, Bengaluru",19,0.12,0.0003
2026-05-10 15:03:01,31,"Arakere, Bengaluru",19,0.12,0.0003
2026-05-10 15:02:49,28,"Arakere, Bengaluru",17,0.12,0.0003
2026-05-10 15:02:37,28,"Arakere, Bengaluru",17,0.12,0.0003
2026-05-10 15:02:25,28,"Arakere, Bengaluru",17,0.12,0.0003
2026-05-10 15:02:13,28,"Arakere, Bengaluru",17,0.12,0.0003
2026-05-10 15:02:01,30,"Arakere, Bengaluru",18,0.12,0.0003
2026-05-10 15:01:49,30,"Arakere, Bengaluru",18,0.12,0.0003
2026-05-10 15:01:37,31,"Arakere, Bengaluru",19,0.12,0.0003
2026-05-10 15:01:25,33,"Arakere, Bengaluru",20,0.12,0.0004
2026-05-10 15:01:13,36,"Arakere, Bengaluru",22,0.12,0.0005
2026-05-10 15:01:01,41,"Arakere, Bengaluru",25,0.12,0.0006
2026-05-10 15:00:52,51,"Arakere, Bengaluru",31,0.12,0.0008
2026-05-10 15:00:45,61,"Arakere, Bengaluru",37,0.12,0.0010
2026-05-10 15:00:36,72,"Arakere, Bengaluru",44,0.12,0.0013
2026-05-10 15:00:33,61,"Arakere, Bengaluru",37,0.12,0.0010
2026-05-10 15:00:30,48,"Arakere, Bengaluru",29,0.12,0.0007
2026-05-10 15:00:18,28,"Arakere, Bengaluru",17,0.12,0.0003
2026-05-10 15:00:06,28,"Arakere, Bengaluru",17,0.12,0.0003
2026-05-10 14:59:54,26,"Arakere, Bengaluru",16,0.12,0.0002
2026-05-10 14:59:42,28,"Arakere, Bengaluru",17,0.12,0.0003
2026-05-10 14:59:30,26,"Arakere, Bengaluru",16,0.12,0.0002
2026-05-10 14:59:18,28,"Arakere, Bengaluru",17,0.12,0.0003
2026-05-10 14:59:06,28,"Arakere, Bengaluru",17,0.12,0.0003
2026-05-10 14:58:54,26,"Arakere, Bengaluru",16,0.12,0.0002
2026-05-10 14:58:42,26,"Arakere, Bengaluru",16,0.12,0.0002
2026-05-10 14:58:30,28,"Arakere, Bengaluru",17,0.12,0.0003
2026-05-10 14:58:18,26,"Arakere, Bengaluru",16,0.12,0.0002
2026-05-10 14:58:06,25,"Arakere, Bengaluru",15,0.12,0.0002
2026-05-10 14:57:54,26,"Arakere, Bengaluru",16,0.12,0.0002
2026-05-10 14:57:42,26,"Arakere, Bengaluru",16,0.12,0.0002
2026-05-10 14:57:30,26,"Arakere, Bengaluru",16,0.12,0.0002
2026-05-10 14:57:18,28,"Arakere, Bengaluru",17,0.12,0.0003
2026-05-10 14:57:06,25,"Arakere, Bengaluru",15,0.12,0.0002
2026-05-10 14:56:54,25,"Arakere, Bengaluru",15,0.12,0.0002
2026-05-10 14:56:42,25,"Arakere, Bengaluru",15,0.12,0.0002
2026-05-10 14:56:31,28,"Arakere, Bengaluru",17,0.12,0.0003
2026-05-10 14:56:31,28,"Arakere, Bengaluru",17,0.12,0.0003
2026-05-10 14:56:31,28,"Arakere, Bengaluru",17,0.12,0.0003
2026-05-10 14:56:30,28,"Arakere, Bengaluru",17,0.12,0.0003
2026-05-10 14:56:18,28,"Arakere, Bengaluru",17,0.12,0.0003
2026-05-10 14:56:06,28,"Arakere, Bengaluru",17,0.12,0.0003
2026-05-10 14:55:54,26,"Arakere, Bengaluru",16,0.12,0.0002
2026-05-10 14:55:42,28,"Arakere, Bengaluru",17,0.12,0.0003
2026-05-10 14:55:30,26,"Arakere, Bengaluru",16,0.12,0.0002
2026-05-10 14:55:18,26,"Arakere, Bengaluru",16,0.12,0.0002
2026-05-10 14:55:06,28,"Arakere, Bengaluru",17,0.12,0.0003
2026-05-10 14:54:54,28,"Arakere, Bengaluru",17,0.12,0.0003
2026-05-10 14:54:42,30,"Arakere, Bengaluru",18,0.12,0.0003
2026-05-10 14:54:30,28,"Arakere, Bengaluru",17,0.12,0.0003
2026-05-10 14:54:18,30,"Arakere, Bengaluru",18,0.12,0.0003
2026-05-10 14:54:06,28,"Arakere, Bengaluru",17,0.12,0.0003
2026-05-10 14:53:54,26,"Arakere, Bengaluru",16,0.12,0.0002
2026-05-10 14:53:42,28,"Arakere, Bengaluru",17,0.12,0.0003
2026-05-10 14:53:30,28,"Arakere, Bengaluru",17,0.12,0.0003
2026-05-10 14:53:18,26,"Arakere, Bengaluru",16,0.13,0.0002
2026-05-10 14:53:06,28,"Arakere, Bengaluru",17,0.13,0.0003
2026-05-10 14:52:54,30,"Arakere, Bengaluru",18,0.13,0.0003
2026-05-10 14:52:42,26,"Arakere, Bengaluru",16,0.13,0.0002
2026-05-10 14:52:30,25,"Arakere, Bengaluru",15,0.13,0.0002
2026-05-10 14:52:18,26,"Arakere, Bengaluru",16,0.13,0.0002
2026-05-10 14:52:06,28,"Arakere, Bengaluru",17,0.13,0.0003
2026-05-10 14:51:54,22,"Arakere, Bengaluru",13,0.13,0.0001
2026-05-10 14:51:42,23,"Arakere, Bengaluru",14,0.13,0.0002
2026-05-10 14:51:30,23,"Arakere, Bengaluru",14,0.13,0.0002
2026-05-10 14:51:19,23,"Arakere, Bengaluru",14,0.12,0.0002
2026-05-10 14:51:19,23,"Arakere, Bengaluru",14,0.12,0.0002
2026-05-10 14:51:18,23,"Arakere, Bengaluru",14,0.12,0.0002
2026-05-10 14:51:06,23,"Arakere, Bengaluru",14,0.12,0.0002
2026-05-10 14:50:54,25,"Arakere, Bengaluru",15,0.12,0.0002
2026-05-10 14:50:42,25,"Arakere, Bengaluru",15,0.12,0.0002
2026-05-10 14:50:30,28,"Arakere, Bengaluru",17,0.12,0.0003
2026-05-10 14:50:18,26,"Arakere, Bengaluru",16,0.13,0.0002
2026-05-10 14:50:06,25,"Arakere, Bengaluru",15,0.13,0.0002
2026-05-10 14:49:54,25,"Arakere, Bengaluru",15,0.13,0.0002
2026-05-10 14:49:42,26,"Arakere, Bengaluru",16,0.13,0.0002
2026-05-10 14:49:30,26,"Arakere, Bengaluru",16,0.13,0.0002
2026-05-10 14:49:18,30,"Arakere, Bengaluru",18,0.13,0.0003
2026-05-10 14:49:06,30,"Arakere, Bengaluru",18,0.13,0.0003
2026-05-10 14:48:54,28,"Arakere, Bengaluru",17,0.13,0.0003
2026-05-10 14:48:42,26,"Arakere, Bengaluru",16,0.13,0.0002
2026-05-10 14:48:30,23,"Arakere, Bengaluru",14,0.13,0.0002
2026-05-10 14:48:18,23,"Arakere, Bengaluru",14,0.13,0.0002
2026-05-10 14:48:06,25,"Arakere, Bengaluru",15,0.13,0.0002
2026-05-10 14:47:54,23,"Arakere, Bengaluru",14,0.13,0.0002
2026-05-10 14:47:42,25,"Arakere, Bengaluru",15,0.13,0.0002
2026-05-10 14:47:30,25,"Arakere, Bengaluru",15,0.13,0.0002
2026-05-10 14:47:18,28,"Arakere, Bengaluru",17,0.12,0.0003
2026-05-10 14:47:06,26,"Arakere, Bengaluru",16,0.12,0.0002
2026-05-10 14:46:54,28,"Arakere, Bengaluru",17,0.12,0.0003
2026-05-10 14:46:42,26,"Arakere, Bengaluru",16,0.12,0.0002
2026-05-10 14:46:30,28,"Arakere, Bengaluru",17,0.12,0.0003
2026-05-10 14:46:18,28,"Arakere, Bengaluru",17,0.12,0.0003
2026-05-10 14:46:07,26,"Arakere, Bengaluru",16,0.12,0.0002
2026-05-10 14:46:07,26,"Arakere, Bengaluru",16,0.12,0.0002
2026-05-10 14:46:06,26,"Arakere, Bengaluru",16,0.12,0.0002
2026-05-10 14:45:54,28,"Arakere, Bengaluru",17,0.12,0.0003
2026-05-10 14:45:42,28,"Arakere, Bengaluru",17,0.12,0.0003
2026-05-10 14:45:30,25,"Arakere, Bengaluru",15,0.12,0.0002
2026-05-10 14:45:18,25,"Arakere, Bengaluru",15,0.12,0.0002
2026-05-10 14:45:06,30,"Arakere, Bengaluru",18,0.12,0.0003
2026-05-10 14:44:54,30,"Arakere, Bengaluru",18,0.12,0.0003
2026-05-10 14:44:42,28,"Arakere, Bengaluru",17,0.12,0.0003
2026-05-10 14:44:30,30,"Arakere, Bengaluru",18,0.12,0.0003
2026-05-10 14:44:18,33,"Arakere, Bengaluru",20,0.12,0.0004
2026-05-10 14:44:06,33,"Arakere, Bengaluru",20,0.12,0.0004
2026-05-10 14:43:54,31,"Arakere, Bengaluru",19,0.12,0.0003
2026-05-10 14:43:42,30,"Arakere, Bengaluru",18,0.12,0.0003
2026-05-10 14:43:30,30,"Arakere, Bengaluru",18,0.12,0.0003
2026-05-10 14:43:18,31,"Arakere, Bengaluru",19,0.12,0.0003
2026-05-10 14:43:06,30,"Arakere, Bengaluru",18,0.12,0.0003
2026-05-10 14:42:54,30,"Arakere, Bengaluru",18,0.12,0.0003
2026-05-10 14:42:42,28,"Arakere, Bengaluru",17,0.12,0.0003
2026-05-10 14:42:30,30,"Arakere, Bengaluru",18,0.12,0.0003
2026-05-10 14:42:18,26,"Arakere, Bengaluru",16,0.12,0.0002
2026-05-10 14:42:06,25,"Arakere, Bengaluru",15,0.12,0.0002
2026-05-10 14:41:54,23,"Arakere, Bengaluru",14,0.12,0.0002
2026-05-10 14:41:42,23,"Arakere, Bengaluru",14,0.12,0.0002
2026-05-10 14:41:30,25,"Arakere, Bengaluru",15,0.12,0.0002
2026-05-10 14:41:18,28,"Arakere, Bengaluru",17,0.12,0.0003
2026-05-10 14:41:06,30,"Arakere, Bengaluru",18,0.12,0.0003
2026-05-10 14:40:55,28,"Arakere, Bengaluru",17,0.12,0.0003
2026-05-10 14:40:55,28,"Arakere, Bengaluru",17,0.12,0.0003
2026-05-10 14:40:54,28,"Arakere, Bengaluru",17,0.12,0.0003
2026-05-10 14:40:42,28,"Arakere, Bengaluru",17,0.12,0.0003
2026-05-10 14:40:30,28,"Arakere, Bengaluru",17,0.12,0.0003
2026-05-10 14:40:18,23,"Arakere, Bengaluru",14,0.12,0.0002
2026-05-10 14:40:06,26,"Arakere, Bengaluru",16,0.12,0.0002
2026-05-10 14:39:54,26,"Arakere, Bengaluru",16,0.12,0.0002
2026-05-10 14:39:42,31,"Arakere, Bengaluru",19,0.12,0.0003
2026-05-10 14:39:30,31,"Arakere, Bengaluru",19,0.12,0.0003
2026-05-10 14:39:18,36,"Arakere, Bengaluru",22,0.12,0.0005
2026-05-10 14:39:10,46,"Arakere, Bengaluru",28,0.12,0.0007
2026-05-10 14:38:59,57,"Arakere, Bengaluru",35,0.12,0.0009
2026-05-10 14:38:54,67,"Arakere, Bengaluru",41,0.12,0.0012
2026-05-10 14:38:50,78,"Arakere, Bengaluru",47,0.12,0.0014
2026-05-10 14:38:46,88,"Arakere, Bengaluru",53,0.12,0.0016
2026-05-10 14:38:43,104,"Arakere, Bengaluru",62,0.12,0.0020
2026-05-10 14:38:40,141,"Arakere, Bengaluru",73,0.12,0.0024
2026-05-10 14:38:37,201,"Arakere, Bengaluru",91,0.12,0.0031
2026-05-10 14:38:34,255,"Arakere, Bengaluru",107,0.12,0.0037
2026-05-10 14:38:31,308,"Arakere, Bengaluru",131,0.12,0.0046
2026-05-10 14:38:28,333,"Arakere, Bengaluru",163,0.12,0.0058
2026-05-10 14:38:25,350,"Arakere, Bengaluru",186,0.12,0.0067
2026-05-10 14:38:21,360,"Arakere, Bengaluru",198,0.12,0.0071
2026-05-10 14:38:18,350,"Arakere, Bengaluru",186,0.12,0.0067
2026-05-10 14:38:15,340,"Arakere, Bengaluru",173,0.12,0.0062
2026-05-10 14:38:09,328,"Arakere, Bengaluru",157,0.12,0.0056
2026-05-10 14:38:05,279,"Arakere, Bengaluru",114,0.12,0.0039
2026-05-10 14:38:02,94,"Arakere, Bengaluru",57,0.12,0.0018
2026-05-10 14:38:00,50,"Arakere, Bengaluru",30,0.12,0.0008
2026-05-10 14:37:52,22,"Arakere, Bengaluru",13,0.12,0.0001
2026-05-10 14:37:40,28,"Arakere, Bengaluru",17,0.12,0.0003
2026-05-10 14:37:28,28,"Arakere, Bengaluru",17,0.12,0.0003
2026-05-10 14:37:16,26,"Arakere, Bengaluru",16,0.12,0.0002
2026-05-10 14:37:04,26,"Arakere, Bengaluru",16,0.12,0.0002
2026-05-10 14:36:52,25,"Arakere, Bengaluru",15,0.12,0.0002
2026-05-10 14:36:40,25,"Arakere, Bengaluru",15,0.12,0.0002
2026-05-10 14:36:28,25,"Arakere, Bengaluru",15,0.12,0.0002
2026-05-10 14:36:16,26,"Arakere, Bengaluru",16,0.12,0.0002
2026-05-10 14:36:04,25,"Arakere, Bengaluru",15,0.12,0.0002
2026-05-10 14:35:53,25,"Arakere, Bengaluru",15,0.12,0.0002
2026-05-10 14:35:53,25,"Arakere, Bengaluru",15,0.12,0.0002
2026-05-10 14:35:52,25,"Arakere, Bengaluru",15,0.12,0.0002
2026-05-10 14:35:40,28,"Arakere, Bengaluru",17,0.12,0.0003
2026-05-10 14:35:28,30,"Arakere, Bengaluru",18,0.12,0.0003
2026-05-10 14:35:16,30,"Arakere, Bengaluru",18,0.12,0.0003
2026-05-10 14:35:04,28,"Arakere, Bengaluru",17,0.12,0.0003
2026-05-10 14:34:52,30,"Arakere, Bengaluru",18,0.12,0.0003
2026-05-10 14:34:40,31,"Arakere, Bengaluru",19,0.12,0.0003
2026-05-10 14:34:28,28,"Arakere, Bengaluru",17,0.12,0.0003
2026-05-10 14:34:16,30,"Arakere, Bengaluru",18,0.12,0.0003
2026-05-10 14:34:04,26,"Arakere, Bengaluru",16,0.12,0.0002
2026-05-10 14:33:52,25,"Arakere, Bengaluru",15,0.12,0.0002
2026-05-10 14:33:40,22,"Arakere, Bengaluru",13,0.12,0.0001
2026-05-10 14:33:28,23,"Arakere, Bengaluru",14,0.12,0.0002
2026-05-10 14:33:16,23,"Arakere, Bengaluru",14,0.12,0.0002
2026-05-10 14:33:04,25,"Arakere, Bengaluru",15,0.12,0.0002
2026-05-10 14:32:52,25,"Arakere, Bengaluru",15,0.12,0.0002
2026-05-10 14:32:40,26,"Arakere, Bengaluru",16,0.12,0.0002
2026-05-10 14:32:28,30,"Arakere, Bengaluru",18,0.12,0.0003
2026-05-10 14:32:16,28,"Arakere, Bengaluru",17,0.12,0.0003
2026-05-10 14:32:04,31,"Arakere, Bengaluru",19,0.12,0.0003
2026-05-10 14:31:52,33,"Arakere, Bengaluru",20,0.12,0.0004
2026-05-10 14:31:46,43,"Arakere, Bengaluru",26,0.12,0.0006
2026-05-10 14:31:36,54,"Arakere, Bengaluru",33,0.12,0.0009
2026-05-10 14:31:31,64,"Arakere, Bengaluru",39,0.12,0.0011
2026-05-10 14:31:26,74,"Arakere, Bengaluru",45,0.12,0.0013
2026-05-10 14:31:21,84,"Arakere, Bengaluru",51,0.12,0.0016
2026-05-10 14:31:16,96,"Arakere, Bengaluru",58,0.12,0.0018
2026-05-10 14:31:13,78,"Arakere, Bengaluru",47,0.12,0.0014
2026-05-10 14:31:10,61,"Arakere, Bengaluru",37,0.12,0.0010
2026-05-10 14:31:07,36,"Arakere, Bengaluru",22,0.12,0.0005
2026-05-10 14:30:56,25,"Arakere, Bengaluru",15,0.12,0.0002
2026-05-10 14:30:45,26,"Arakere, Bengaluru",16,0.12,0.0002
2026-05-10 14:30:45,26,"Arakere, Bengaluru",16,0.12,0.0002
2026-05-10 14:30:45,26,"Arakere, Bengaluru",16,0.12,0.0002
2026-05-10 14:30:32,26,"Arakere, Bengaluru",16,0.12,0.0002
2026-05-10 14:30:20,26,"Arakere, Bengaluru",16,0.12,0.0002
2026-05-10 14:30:08,26,"Arakere, Bengaluru",16,0.12,0.0002
2026-05-10 14:29:56,28,"Arakere, Bengaluru",17,0.12,0.0003
2026-05-10 14:29:44,25,"Arakere, Bengaluru",15,0.12,0.0002
2026-05-10 14:29:32,25,"Arakere, Bengaluru",15,0.12,0.0002
2026-05-10 14:29:20,25,"Arakere, Bengaluru",15,0.12,0.0002
2026-05-10 14:29:08,23,"Arakere, Bengaluru",14,0.12,0.0002
2026-05-10 14:28:56,25,"Arakere, Bengaluru",15,0.12,0.0002
2026-05-10 14:28:44,26,"Arakere, Bengaluru",16,0.12,0.0002
2026-05-10 14:28:32,25,"Arakere, Bengaluru",15,0.12,0.0002
2026-05-10 14:28:20,26,"Arakere, Bengaluru",16,0.12,0.0002
2026-05-10 14:28:08,25,"Arakere, Bengaluru",15,0.12,0.0002
2026-05-10 14:27:56,25,"Arakere, Bengaluru",15,0.12,0.0002
2026-05-10 14:27:44,26,"Arakere, Bengaluru",16,0.12,0.0002
2026-05-10 14:27:32,28,"Arakere, Bengaluru",17,0.12,0.0003
2026-05-10 14:27:20,26,"Arakere, Bengaluru",16,0.12,0.0002
2026-05-10 14:27:08,30,"Arakere, Bengaluru",18,0.12,0.0003
2026-05-10 14:26:56,26,"Arakere, Bengaluru",16,0.12,0.0002
2026-05-10 14:26:44,26,"Arakere, Bengaluru",16,0.12,0.0002
2026-05-10 14:26:32,26,"Arakere, Bengaluru",16,0.12,0.0002
2026-05-10 14:26:20,26,"Arakere, Bengaluru",16,0.12,0.0002
2026-05-10 14:26:08,23,"Arakere, Bengaluru",14,0.12,0.0002
2026-05-10 14:25:56,23,"Arakere, Bengaluru",14,0.12,0.0002
2026-05-10 14:25:44,26,"Arakere, Bengaluru",16,0.12,0.0002
2026-05-10 14:25:33,25,"Arakere, Bengaluru",15,0.12,0.0002
2026-05-10 14:25:33,25,"Arakere, Bengaluru",15,0.12,0.0002
2026-05-10 14:25:32,25,"Arakere, Bengaluru",15,0.12,0.0002
2026-05-10 14:25:20,25,"Arakere, Bengaluru",15,0.12,0.0002
2026-05-10 14:25:08,25,"Arakere, Bengaluru",15,0.12,0.0002
2026-05-10 14:24:56,21,"Arakere, Bengaluru",12,0.12,0.0001
2026-05-10 14:24:44,21,"Arakere, Bengaluru",13,0.12,0.0001
2026-05-10 14:24:32,21,"Arakere, Bengaluru",12,0.12,0.0001
2026-05-10 14:24:20,21,"Arakere, Bengaluru",13,0.12,0.0001
2026-05-10 14:24:08,21,"Arakere, Bengaluru",11,0.12,0.0000
2026-05-10 14:23:56,21,"Arakere, Bengaluru",11,0.12,0.0000
2026-05-10 14:23:44,21,"Arakere, Bengaluru",13,0.12,0.0001
2026-05-10 14:23:32,25,"Arakere, Bengaluru",15,0.12,0.0002
2026-05-10 14:23:20,28,"Arakere, Bengaluru",17,0.12,0.0003
2026-05-10 14:23:08,23,"Arakere, Bengaluru",14,0.12,0.0002
2026-05-10 14:22:56,23,"Arakere, Bengaluru",14,0.12,0.0002
2026-05-10 14:22:44,22,"Arakere, Bengaluru",13,0.12,0.0001
2026-05-10 14:22:32,22,"Arakere, Bengaluru",12,0.12,0.0001
2026-05-10 14:22:20,23,"Arakere, Bengaluru",13,0.13,0.0001
2026-05-10 14:22:08,25,"Arakere, Bengaluru",15,0.13,0.0002
2026-05-10 14:21:56,26,"Arakere, Bengaluru",16,0.13,0.0002
2026-05-10 14:21:44,28,"Arakere, Bengaluru",17,0.13,0.0003
2026-05-10 14:21:32,28,"Arakere, Bengaluru",17,0.13,0.0003
2026-05-10 14:21:20,28,"Arakere, Bengaluru",17,0.13,0.0003
2026-05-10 14:21:08,28,"Arakere, Bengaluru",17,0.13,0.0003
2026-05-10 14:20:56,28,"Arakere, Bengaluru",17,0.13,0.0003
2026-05-10 14:20:44,30,"Arakere, Bengaluru",18,0.13,0.0003
2026-05-10 14:20:32,30,"Arakere, Bengaluru",18,0.13,0.0003
2026-05-10 14:20:21,28,"Arakere, Bengaluru",17,0.12,0.0003
2026-05-10 14:20:20,28,"Arakere, Bengaluru",17,0.12,0.0003
2026-05-10 14:20:08,28,"Arakere, Bengaluru",17,0.12,0.0003
2026-05-10 14:19:56,30,"Arakere, Bengaluru",18,0.12,0.0003
2026-05-10 14:19:44,30,"Arakere, Bengaluru",18,0.12,0.0003
2026-05-10 14:19:32,28,"Arakere, Bengaluru",17,0.12,0.0003
2026-05-10 14:19:20,26,"Arakere, Bengaluru",16,0.12,0.0002
2026-05-10 14:19:08,26,"Arakere, Bengaluru",16,0.12,0.0002
2026-05-10 14:18:56,28,"Arakere, Bengaluru",17,0.12,0.0003
2026-05-10 14:18:44,26,"Arakere, Bengaluru",16,0.12,0.0002
2026-05-10 14:18:32,28,"Arakere, Bengaluru",17,0.12,0.0003
2026-05-10 14:18:20,28,"Arakere, Bengaluru",17,0.12,0.0003
2026-05-10 14:18:08,25,"Arakere, Bengaluru",15,0.12,0.0002
2026-05-10 14:17:56,23,"Arakere, Bengaluru",14,0.12,0.0002
2026-05-10 14:17:44,26,"Arakere, Bengaluru",16,0.12,0.0002
2026-05-10 14:17:32,28,"Arakere, Bengaluru",17,0.12,0.0003
2026-05-10 14:17:20,28,"Arakere, Bengaluru",17,0.12,0.0003
2026-05-10 14:17:08,23,"Arakere, Bengaluru",14,0.12,0.0002
2026-05-10 14:16:56,26,"Arakere, Bengaluru",16,0.12,0.0002
2026-05-10 14:16:44,25,"Arakere, Bengaluru",15,0.12,0.0002
2026-05-10 14:16:32,26,"Arakere, Bengaluru",16,0.12,0.0002
2026-05-10 14:16:20,23,"Arakere, Bengaluru",14,0.12,0.0002
2026-05-10 14:16:08,25,"Arakere, Bengaluru",15,0.12,0.0002
2026-05-10 14:15:56,26,"Arakere, Bengaluru",16,0.12,0.0002
2026-05-10 14:15:44,25,"Arakere, Bengaluru",15,0.12,0.0002
2026-05-10 14:15:32,25,"Arakere, Bengaluru",15,0.12,0.0002
2026-05-10 14:15:20,23,"Arakere, Bengaluru",14,0.12,0.0002
2026-05-10 14:15:09,23,"Arakere, Bengaluru",14,0.12,0.0002
2026-05-10 14:15:09,23,"Arakere, Bengaluru",14,0.12,0.0002
2026-05-10 14:15:09,23,"Arakere, Bengaluru",14,0.12,0.0002
2026-05-10 14:15:09,23,"Arakere, Bengaluru",14,0.12,0.0002
2026-05-10 14:14:56,23,"Arakere, Bengaluru",14,0.12,0.0002
2026-05-10 14:14:44,25,"Arakere, Bengaluru",15,0.12,0.0002
2026-05-10 14:14:32,28,"Arakere, Bengaluru",17,0.12,0.0003
2026-05-10 14:14:20,28,"Arakere, Bengaluru",17,0.11,0.0003
2026-05-10 14:14:08,30,"Arakere, Bengaluru",18,0.11,0.0003
2026-05-10 14:13:56,26,"Arakere, Bengaluru",16,0.11,0.0002
2026-05-10 14:13:44,25,"Arakere, Bengaluru",15,0.11,0.0002
2026-05-10 14:13:32,26,"Arakere, Bengaluru",16,0.11,0.0002
2026-05-10 14:13:20,28,"Arakere, Bengaluru",17,0.11,0.0003
2026-05-10 14:13:08,28,"Arakere, Bengaluru",17,0.11,0.0003
2026-05-10 14:12:56,26,"Arakere, Bengaluru",16,0.11,0.0002
2026-05-10 14:12:44,28,"Arakere, Bengaluru",17,0.11,0.0003
2026-05-10 14:12:32,30,"Arakere, Bengaluru",18,0.11,0.0003
2026-05-10 14:12:20,30,"Arakere, Bengaluru",18,0.11,0.0003
2026-05-10 14:12:08,31,"Arakere, Bengaluru",19,0.11,0.0003
2026-05-10 14:11:56,28,"Arakere, Bengaluru",17,0.11,0.0003
2026-05-10 14:11:44,28,"Arakere, Bengaluru",17,0.11,0.0003
2026-05-10 14:11:32,25,"Arakere, Bengaluru",15,0.11,0.0002
2026-05-10 14:11:20,26,"Arakere, Bengaluru",16,0.11,0.0002
2026-05-10 14:11:08,26,"Arakere, Bengaluru",16,0.11,0.0002
2026-05-10 14:10:56,26,"Arakere, Bengaluru",16,0.11,0.0002
2026-05-10 14:10:44,25,"Arakere, Bengaluru",15,0.11,0.0002
2026-05-10 14:10:32,26,"Arakere, Bengaluru",16,0.11,0.0002
2026-05-10 14:10:20,21,"Arakere, Bengaluru",13,0.11,0.0001
2026-05-10 14:10:08,25,"Arakere, Bengaluru",15,0.11,0.0002
2026-05-10 14:09:57,20,"Arakere, Bengaluru",12,0.11,0.0001
2026-05-10 14:09:57,20,"Arakere, Bengaluru",12,0.11,0.0001
2026-05-10 14:09:57,20,"Arakere, Bengaluru",12,0.11,0.0001
2026-05-10 14:09:57,20,"Arakere, Bengaluru",12,0.11,0.0001
2026-05-10 14:09:44,23,"Arakere, Bengaluru",14,0.11,0.0002
2026-05-10 14:09:32,25,"Arakere, Bengaluru",15,0.11,0.0002
2026-05-10 14:09:20,23,"Arakere, Bengaluru",14,0.11,0.0002
2026-05-10 14:09:08,25,"Arakere, Bengaluru",15,0.11,0.0002
2026-05-10 14:08:56,26,"Arakere, Bengaluru",16,0.11,0.0002
2026-05-10 14:08:44,25,"Arakere, Bengaluru",15,0.11,0.0002
2026-05-10 14:08:32,28,"Arakere, Bengaluru",17,0.11,0.0003
2026-05-10 14:08:20,28,"Arakere, Bengaluru",17,0.11,0.0003
2026-05-10 14:08:08,28,"Arakere, Bengaluru",17,0.11,0.0003
2026-05-10 14:07:56,25,"Arakere, Bengaluru",15,0.11,0.0002
2026-05-10 14:07:44,25,"Arakere, Bengaluru",15,0.11,0.0002
2026-05-10 14:07:32,21,"Arakere, Bengaluru",13,0.11,0.0001
2026-05-10 14:07:20,23,"Arakere, Bengaluru",14,0.11,0.0002
2026-05-10 14:07:08,26,"Arakere, Bengaluru",16,0.11,0.0002
2026-05-10 14:06:56,28,"Arakere, Bengaluru",17,0.11,0.0003
2026-05-10 14:06:44,28,"Arakere, Bengaluru",17,0.11,0.0003
2026-05-10 14:06:32,28,"Arakere, Bengaluru",17,0.11,0.0003
2026-05-10 14:06:20,28,"Arakere, Bengaluru",17,0.11,0.0003
2026-05-10 14:06:08,31,"Arakere, Bengaluru",19,0.11,0.0003
2026-05-10 14:05:56,30,"Arakere, Bengaluru",18,0.11,0.0003
2026-05-10 14:05:44,28,"Arakere, Bengaluru",17,0.11,0.0003
2026-05-10 14:05:32,26,"Arakere, Bengaluru",16,0.11,0.0002
2026-05-10 14:05:20,26,"Arakere, Bengaluru",16,0.11,0.0002
2026-05-10 14:05:08,25,"Arakere, Bengaluru",15,0.11,0.0002
2026-05-10 14:04:56,21,"Arakere, Bengaluru",13,0.11,0.0001
2026-05-10 14:04:45,21,"Arakere, Bengaluru",13,0.11,0.0001
2026-05-10 14:04:45,21,"Arakere, Bengaluru",13,0.11,0.0001
2026-05-10 14:04:45,21,"Arakere, Bengaluru",13,0.11,0.0001
2026-05-10 14:04:44,21,"Arakere, Bengaluru",13,0.11,0.0001
2026-05-10 14:04:32,23,"Arakere, Bengaluru",14,0.11,0.0002
2026-05-10 14:04:20,23,"Arakere, Bengaluru",14,0.11,0.0002
2026-05-10 14:04:08,25,"Arakere, Bengaluru",15,0.11,0.0002
2026-05-10 14:03:56,25,"Arakere, Bengaluru",15,0.11,0.0002
2026-05-10 14:03:44,21,"Arakere, Bengaluru",13,0.11,0.0001
2026-05-10 14:03:32,21,"Arakere, Bengaluru",13,0.11,0.0001
2026-05-10 14:03:20,23,"Arakere, Bengaluru",14,0.11,0.0002
2026-05-10 14:03:08,23,"Arakere, Bengaluru",14,0.11,0.0002
2026-05-10 14:02:56,26,"Arakere, Bengaluru",16,0.11,0.0002
2026-05-10 14:02:44,26,"Arakere, Bengaluru",16,0.11,0.0002
2026-05-10 14:02:32,25,"Arakere, Bengaluru",15,0.11,0.0002
2026-05-10 14:02:20,23,"Arakere, Bengaluru",14,0.11,0.0002
2026-05-10 14:02:08,26,"Arakere, Bengaluru",16,0.11,0.0002
2026-05-10 14:01:56,26,"Arakere, Bengaluru",16,0.11,0.0002
2026-05-10 14:01:44,26,"Arakere, Bengaluru",16,0.11,0.0002
2026-05-10 14:01:32,31,"Arakere, Bengaluru",19,0.11,0.0003
2026-05-10 14:01:20,30,"Arakere, Bengaluru",18,0.11,0.0003
2026-05-10 14:01:08,26,"Arakere, Bengaluru",16,0.11,0.0002
2026-05-10 14:00:56,21,"Arakere, Bengaluru",13,0.11,0.0001
2026-05-10 14:00:44,21,"Arakere, Bengaluru",13,0.11,0.0001
2026-05-10 14:00:32,21,"Arakere, Bengaluru",13,0.11,0.0001
2026-05-10 14:00:20,21,"Arakere, Bengaluru",13,0.11,0.0001
2026-05-10 14:00:08,20,"Arakere, Bengaluru",12,0.11,0.0001
2026-05-10 13:59:56,18,"Arakere, Bengaluru",11,0.11,0.0000
2026-05-10 13:59:44,18,"Arakere, Bengaluru",11,0.11,0.0000
2026-05-10 13:59:33,21,"Arakere, Bengaluru",13,0.11,0.0001
2026-05-10 13:59:33,21,"Arakere, Bengaluru",13,0.11,0.0001
2026-05-10 13:59:33,21,"Arakere, Bengaluru",13,0.11,0.0001
2026-05-10 13:59:32,21,"Arakere, Bengaluru",13,0.11,0.0001
2026-05-10 13:59:20,23,"Arakere, Bengaluru",14,0.11,0.0002
2026-05-10 13:59:08,25,"Arakere, Bengaluru",15,0.11,0.0002
2026-05-10 13:58:56,25,"Arakere, Bengaluru",15,0.11,0.0002
2026-05-10 13:58:44,21,"Arakere, Bengaluru",13,0.11,0.0001
2026-05-10 13:58:32,23,"Arakere, Bengaluru",14,0.11,0.0002
2026-05-10 13:58:20,26,"Arakere, Bengaluru",16,0.11,0.0002
2026-05-10 13:58:08,25,"Arakere, Bengaluru",15,0.11,0.0002
2026-05-10 13:57:56,26,"Arakere, Bengaluru",16,0.11,0.0002
2026-05-10 13:57:44,26,"Arakere, Bengaluru",16,0.11,0.0002
2026-05-10 13:57:32,23,"Arakere, Bengaluru",14,0.11,0.0002
2026-05-10 13:57:20,21,"Arakere, Bengaluru",13,0.11,0.0001
2026-05-10 13:57:08,20,"Arakere, Bengaluru",12,0.11,0.0001
2026-05-10 13:56:56,21,"Arakere, Bengaluru",13,0.11,0.0001
2026-05-10 13:56:44,20,"Arakere, Bengaluru",12,0.11,0.0001
2026-05-10 13:56:32,20,"Arakere, Bengaluru",12,0.11,0.0001
2026-05-10 13:56:20,26,"Arakere, Bengaluru",16,0.11,0.0002
2026-05-10 13:56:08,26,"Arakere, Bengaluru",16,0.11,0.0002
2026-05-10 13:55:56,26,"Arakere, Bengaluru",16,0.11,0.0002
2026-05-10 13:55:44,26,"Arakere, Bengaluru",16,0.11,0.0002
2026-05-10 13:55:32,28,"Arakere, Bengaluru",17,0.11,0.0003
2026-05-10 13:55:20,28,"Arakere, Bengaluru",17,0.11,0.0003
2026-05-10 13:55:08,25,"Arakere, Bengaluru",15,0.11,0.0002
2026-05-10 13:54:56,25,"Arakere, Bengaluru",15,0.11,0.0002
2026-05-10 13:54:44,23,"Arakere, Bengaluru",14,0.11,0.0002
2026-05-10 13:54:32,23,"Arakere, Bengaluru",14,0.11,0.0002
2026-05-10 13:54:21,23,"Arakere, Bengaluru",14,0.11,0.0002
2026-05-10 13:54:21,23,"Arakere, Bengaluru",14,0.11,0.0002
2026-05-10 13:54:20,23,"Arakere, Bengaluru",14,0.11,0.0002
2026-05-10 13:54:08,28,"Arakere, Bengaluru",17,0.11,0.0003
2026-05-10 13:53:56,30,"Arakere, Bengaluru",18,0.11,0.0003
2026-05-10 13:53:44,30,"Arakere, Bengaluru",18,0.11,0.0003
2026-05-10 13:53:32,28,"Arakere, Bengaluru",17,0.11,0.0003
2026-05-10 13:53:20,26,"Arakere, Bengaluru",16,0.11,0.0002
2026-05-10 13:53:08,25,"Arakere, Bengaluru",15,0.11,0.0002
2026-05-10 13:52:56,28,"Arakere, Bengaluru",17,0.11,0.0003
2026-05-10 13:52:44,31,"Arakere, Bengaluru",19,0.11,0.0003
2026-05-10 13:52:35,41,"Arakere, Bengaluru",25,0.11,0.0006
2026-05-10 13:52:30,51,"Arakere, Bengaluru",31,0.11,0.0008
2026-05-10 13:52:21,61,"Arakere, Bengaluru",37,0.11,0.0010
2026-05-10 13:52:16,72,"Arakere, Bengaluru",44,0.11,0.0013
2026-05-10 13:52:11,84,"Arakere, Bengaluru",51,0.11,0.0016
2026-05-10 13:52:08,98,"Arakere, Bengaluru",59,0.11,0.0019
2026-05-10 13:52:05,135,"Arakere, Bengaluru",71,0.11,0.0023
2026-05-10 13:52:02,186,"Arakere, Bengaluru",86,0.11,0.0029
2026-05-10 13:51:59,204,"Arakere, Bengaluru",92,0.11,0.0031
2026-05-10 13:51:56,138,"Arakere, Bengaluru",72,0.11,0.0023
2026-05-10 13:51:53,81,"Arakere, Bengaluru",49,0.11,0.0015
2026-05-10 13:51:50,52,"Arakere, Bengaluru",32,0.11,0.0008
2026-05-10 13:51:43,28,"Arakere, Bengaluru",17,0.11,0.0003
2026-05-10 13:51:31,26,"Arakere, Bengaluru",16,0.11,0.0002
2026-05-10 13:51:19,26,"Arakere, Bengaluru",16,0.11,0.0002
2026-05-10 13:51:07,28,"Arakere, Bengaluru",17,0.11,0.0003
2026-05-10 13:50:55,25,"Arakere, Bengaluru",15,0.11,0.0002
2026-05-10 13:50:43,25,"Arakere, Bengaluru",15,0.11,0.0002
2026-05-10 13:50:31,26,"Arakere, Bengaluru",16,0.11,0.0002
2026-05-10 13:50:19,28,"Arakere, Bengaluru",17,0.11,0.0003
2026-05-10 13:50:07,30,"Arakere, Bengaluru",18,0.11,0.0003
2026-05-10 13:49:55,28,"Arakere, Bengaluru",17,0.11,0.0003
2026-05-10 13:49:43,30,"Arakere, Bengaluru",18,0.11,0.0003
2026-05-10 13:49:31,28,"Arakere, Bengaluru",17,0.11,0.0003
2026-05-10 13:49:19,30,"Arakere, Bengaluru",18,0.11,0.0003
2026-05-10 13:49:19,30,"Arakere, Bengaluru",18,0.11,0.0003
2026-05-10 13:49:19,30,"Arakere, Bengaluru",18,0.11,0.0003
2026-05-10 13:49:07,28,"Arakere, Bengaluru",17,0.11,0.0003
2026-05-10 13:48:55,28,"Arakere, Bengaluru",17,0.11,0.0003
2026-05-10 13:48:43,28,"Arakere, Bengaluru",17,0.11,0.0003
2026-05-10 13:48:31,30,"Arakere, Bengaluru",18,0.11,0.0003
2026-05-10 13:48:19,30,"Arakere, Bengaluru",18,0.11,0.0003
2026-05-10 13:48:07,28,"Arakere, Bengaluru",17,0.11,0.0003
2026-05-10 13:47:55,30,"Arakere, Bengaluru",18,0.11,0.0003
2026-05-10 13:47:43,26,"Arakere, Bengaluru",16,0.11,0.0002
2026-05-10 13:47:31,25,"Arakere, Bengaluru",15,0.11,0.0002
2026-05-10 13:47:19,23,"Arakere, Bengaluru",14,0.11,0.0002
2026-05-10 13:47:07,23,"Arakere, Bengaluru",14,0.11,0.0002
2026-05-10 13:46:55,23,"Arakere, Bengaluru",14,0.11,0.0002
2026-05-10 13:46:43,25,"Arakere, Bengaluru",15,0.11,0.0002
2026-05-10 13:46:31,26,"Arakere, Bengaluru",16,0.11,0.0002
2026-05-10 13:46:19,26,"Arakere, Bengaluru",16,0.11,0.0002
2026-05-10 13:46:07,23,"Arakere, Bengaluru",14,0.11,0.0002
2026-05-10 13:45:55,20,"Arakere, Bengaluru",12,0.11,0.0001
2026-05-10 13:45:43,20,"Arakere, Bengaluru",12,0.11,0.0001
2026-05-10 13:45:31,23,"Arakere, Bengaluru",14,0.11,0.0002
2026-05-10 13:45:19,25,"Arakere, Bengaluru",15,0.11,0.0002
2026-05-10 13:45:07,25,"Arakere, Bengaluru",15,0.11,0.0002
2026-05-10 13:44:55,21,"Arakere, Bengaluru",13,0.11,0.0001
2026-05-10 13:44:43,19,"Arakere, Bengaluru",10,0.11,0.0000
2026-05-10 13:44:31,20,"Arakere, Bengaluru",12,0.11,0.0001
2026-05-10 13:44:19,23,"Arakere, Bengaluru",14,0.11,0.0002
2026-05-10 13:44:08,26,"Arakere, Bengaluru",16,0.11,0.0002
2026-05-10 13:44:08,26,"Arakere, Bengaluru",16,0.11,0.0002
2026-05-10 13:44:08,26,"Arakere, Bengaluru",16,0.11,0.0002
2026-05-10 13:44:07,26,"Arakere, Bengaluru",16,0.11,0.0002
2026-05-10 13:43:55,25,"Arakere, Bengaluru",15,0.11,0.0002
2026-05-10 13:43:43,25,"Arakere, Bengaluru",15,0.11,0.0002
2026-05-10 13:43:31,26,"Arakere, Bengaluru",16,0.11,0.0002
2026-05-10 13:43:19,28,"Arakere, Bengaluru",17,0.11,0.0003
2026-05-10 13:43:07,28,"Arakere, Bengaluru",17,0.11,0.0003
2026-05-10 13:42:55,25,"Arakere, Bengaluru",15,0.11,0.0002
2026-05-10 13:42:43,26,"Arakere, Bengaluru",16,0.11,0.0002
2026-05-10 13:42:31,28,"Arakere, Bengaluru",17,0.11,0.0003
2026-05-10 13:42:19,26,"Arakere, Bengaluru",16,0.12,0.0002
2026-05-10 13:42:07,25,"Arakere, Bengaluru",15,0.12,0.0002
2026-05-10 13:41:55,26,"Arakere, Bengaluru",16,0.12,0.0002
2026-05-10 13:41:43,26,"Arakere, Bengaluru",16,0.12,0.0002
2026-05-10 13:41:31,26,"Arakere, Bengaluru",16,0.12,0.0002
2026-05-10 13:41:19,26,"Arakere, Bengaluru",16,0.11,0.0002
2026-05-10 13:41:07,25,"Arakere, Bengaluru",15,0.11,0.0002
2026-05-10 13:40:55,28,"Arakere, Bengaluru",17,0.11,0.0003
2026-05-10 13:40:43,28,"Arakere, Bengaluru",17,0.11,0.0003
2026-05-10 13:40:31,33,"Arakere, Bengaluru",20,0.11,0.0004
2026-05-10 13:40:21,43,"Arakere, Bengaluru",26,0.11,0.0006
2026-05-10 13:40:10,54,"Arakere, Bengaluru",33,0.11,0.0009
2026-05-10 13:40:04,66,"Arakere, Bengaluru",40,0.11,0.0011
2026-05-10 13:39:59,76,"Arakere, Bengaluru",46,0.11,0.0014
2026-05-10 13:39:55,88,"Arakere, Bengaluru",53,0.11,0.0016
2026-05-10 13:39:52,104,"Arakere, Bengaluru",62,0.11,0.0020
2026-05-10 13:39:49,114,"Arakere, Bengaluru",65,0.11,0.0021
2026-05-10 13:39:46,86,"Arakere, Bengaluru",52,0.11,0.0016
2026-05-10 13:39:43,67,"Arakere, Bengaluru",41,0.11,0.0012
2026-05-10 13:39:40,45,"Arakere, Bengaluru",27,0.11,0.0006
2026-05-10 13:39:32,23,"Arakere, Bengaluru",14,0.11,0.0002
2026-05-10 13:39:20,21,"Arakere, Bengaluru",13,0.11,0.0001
2026-05-10 13:39:08,25,"Arakere, Bengaluru",15,0.11,0.0002
2026-05-10 13:38:57,21,"Arakere, Bengaluru",13,0.11,0.0001
2026-05-10 13:38:57,21,"Arakere, Bengaluru",13,0.11,0.0001
2026-05-10 13:38:57,21,"Arakere, Bengaluru",13,0.11,0.0001
2026-05-10 13:38:57,21,"Arakere, Bengaluru",13,0.11,0.0001
2026-05-10 13:38:57,21,"Arakere, Bengaluru",13,0.11,0.0001
2026-05-10 13:38:44,23,"Arakere, Bengaluru",14,0.11,0.0002
2026-05-10 13:38:32,23,"Arakere, Bengaluru",14,0.11,0.0002
2026-05-10 13:38:20,21,"Arakere, Bengaluru",13,0.12,0.0001
2026-05-10 13:38:08,25,"Arakere, Bengaluru",15,0.12,0.0002
2026-05-10 13:37:56,26,"Arakere, Bengaluru",16,0.12,0.0002
2026-05-10 13:37:44,26,"Arakere, Bengaluru",16,0.12,0.0002
2026-05-10 13:37:32,25,"Arakere, Bengaluru",15,0.12,0.0002
2026-05-10 13:37:20,26,"Arakere, Bengaluru",16,0.12,0.0002
2026-05-10 13:37:08,25,"Arakere, Bengaluru",15,0.12,0.0002
2026-05-10 13:36:56,26,"Arakere, Bengaluru",16,0.12,0.0002
2026-05-10 13:36:44,25,"Arakere, Bengaluru",15,0.12,0.0002
2026-05-10 13:36:32,21,"Arakere, Bengaluru",13,0.12,0.0001
2026-05-10 13:36:20,21,"Arakere, Bengaluru",13,0.12,0.0001
2026-05-10 13:36:08,25,"Arakere, Bengaluru",15,0.12,0.0002
2026-05-10 13:35:56,25,"Arakere, Bengaluru",15,0.12,0.0002
2026-05-10 13:35:44,25,"Arakere, Bengaluru",15,0.12,0.0002
2026-05-10 13:35:32,25,"Arakere, Bengaluru",15,0.12,0.0002
2026-05-10 13:35:20,25,"Arakere, Bengaluru",15,0.12,0.0002
2026-05-10 13:35:08,30,"Arakere, Bengaluru",18,0.12,0.0003
2026-05-10 13:34:56,28,"Arakere, Bengaluru",17,0.12,0.0003
2026-05-10 13:34:44,28,"Arakere, Bengaluru",17,0.12,0.0003
2026-05-10 13:34:32,28,"Arakere, Bengaluru",17,0.12,0.0003
2026-05-10 13:34:20,26,"Arakere, Bengaluru",16,0.12,0.0002
2026-05-10 13:34:08,28,"Arakere, Bengaluru",17,0.12,0.0003
2026-05-10 13:33:56,26,"Arakere, Bengaluru",16,0.12,0.0002
2026-05-10 13:33:44,26,"Arakere, Bengaluru",16,0.12,0.0002
2026-05-10 13:33:44,26,"Arakere, Bengaluru",16,0.12,0.0002
2026-05-10 13:33:44,26,"Arakere, Bengaluru",16,0.12,0.0002
2026-05-10 13:09:07,245,"Arakere, Bengaluru",104,0.14,0.0036
2026-05-10 13:09:04,214,"Arakere, Bengaluru",95,0.14,0.0032
2026-05-10 13:08:58,200,"Arakere, Bengaluru",90,0.14,0.0030
2026-05-10 13:08:55,165,"Arakere, Bengaluru",80,0.14,0.0027
2026-05-10 13:08:49,152,"Arakere, Bengaluru",76,0.14,0.0025
2026-05-10 13:08:46,131,"Arakere, Bengaluru",70,0.14,0.0023
2026-05-10 13:08:42,121,"Arakere, Bengaluru",67,0.14,0.0022
2026-05-10 13:08:37,107,"Arakere, Bengaluru",63,0.14,0.0020
2026-05-10 13:08:32,93,"Arakere, Bengaluru",56,0.14,0.0017
2026-05-10 13:08:21,81,"Arakere, Bengaluru",49,0.14,0.0015
2026-05-10 13:08:09,74,"Arakere, Bengaluru",45,0.14,0.0013
2026-05-10 13:07:59,71,"Arakere, Bengaluru",43,0.14,0.0013
2026-05-10 13:07:59,71,"Arakere, Bengaluru",43,0.14,0.0013
2026-05-10 13:07:59,71,"Arakere, Bengaluru",43,0.14,0.0013
2026-05-10 13:07:45,67,"Arakere, Bengaluru",41,0.14,0.0012
2026-05-10 13:07:33,71,"Arakere, Bengaluru",43,0.14,0.0013
2026-05-10 13:07:21,74,"Arakere, Bengaluru",45,0.14,0.0013
2026-05-10 13:07:09,79,"Arakere, Bengaluru",48,0.14,0.0014
2026-05-10 13:06:57,84,"Arakere, Bengaluru",51,0.14,0.0016
2026-05-10 13:06:45,86,"Arakere, Bengaluru",52,0.14,0.0016
2026-05-10 13:06:33,93,"Arakere, Bengaluru",56,0.14,0.0017
2026-05-10 13:06:21,100,"Arakere, Bengaluru",60,0.13,0.0019
2026-05-10 13:06:09,104,"Arakere, Bengaluru",62,0.13,0.0020
2026-05-10 13:05:57,101,"Arakere, Bengaluru",61,0.13,0.0019
2026-05-10 13:05:50,111,"Arakere, Bengaluru",64,0.13,0.0020
2026-05-10 13:05:45,121,"Arakere, Bengaluru",67,0.13,0.0022
2026-05-10 13:05:37,131,"Arakere, Bengaluru",70,0.13,0.0023
2026-05-10 13:05:27,131,"Arakere, Bengaluru",70,0.13,0.0023
2026-05-10 13:05:23,121,"Arakere, Bengaluru",67,0.13,0.0022
2026-05-10 13:05:17,111,"Arakere, Bengaluru",64,0.13,0.0020
2026-05-10 13:05:13,100,"Arakere, Bengaluru",60,0.13,0.0019
2026-05-10 13:05:06,88,"Arakere, Bengaluru",53,0.13,0.0016
2026-05-10 13:04:55,98,"Arakere, Bengaluru",59,0.13,0.0019
2026-05-10 13:04:44,96,"Arakere, Bengaluru",58,0.13,0.0018
2026-05-10 13:04:36,107,"Arakere, Bengaluru",63,0.13,0.0020
2026-05-10 13:04:31,96,"Arakere, Bengaluru",58,0.13,0.0018
2026-05-10 13:04:27,84,"Arakere, Bengaluru",51,0.13,0.0016
2026-05-10 13:04:19,72,"Arakere, Bengaluru",44,0.13,0.0013
2026-05-10 13:04:07,79,"Arakere, Bengaluru",48,0.13,0.0014
2026-05-10 13:03:55,81,"Arakere, Bengaluru",49,0.13,0.0015
2026-05-10 13:03:43,79,"Arakere, Bengaluru",48,0.13,0.0014
2026-05-10 13:03:31,76,"Arakere, Bengaluru",46,0.13,0.0014
2026-05-10 13:03:23,66,"Arakere, Bengaluru",40,0.13,0.0011
2026-05-10 13:03:11,61,"Arakere, Bengaluru",37,0.13,0.0010
2026-05-10 13:02:59,66,"Arakere, Bengaluru",40,0.13,0.0011
2026-05-10 13:02:49,64,"Arakere, Bengaluru",39,0.13,0.0011
2026-05-10 13:02:49,64,"Arakere, Bengaluru",39,0.13,0.0011
2026-05-10 13:02:49,64,"Arakere, Bengaluru",39,0.13,0.0011
2026-05-10 13:02:35,67,"Arakere, Bengaluru",41,0.13,0.0012
2026-05-10 13:02:23,69,"Arakere, Bengaluru",42,0.13,0.0012
2026-05-10 13:02:11,71,"Arakere, Bengaluru",43,0.13,0.0013
2026-05-10 13:01:59,74,"Arakere, Bengaluru",45,0.13,0.0013
2026-05-10 13:01:47,74,"Arakere, Bengaluru",45,0.13,0.0013
2026-05-10 13:01:35,74,"Arakere, Bengaluru",45,0.13,0.0013
2026-05-10 13:01:23,71,"Arakere, Bengaluru",43,0.13,0.0013
2026-05-10 13:01:11,69,"Arakere, Bengaluru",42,0.13,0.0012
2026-05-10 13:00:59,72,"Arakere, Bengaluru",44,0.13,0.0013
2026-05-10 13:00:47,71,"Arakere, Bengaluru",43,0.13,0.0013
2026-05-10 13:00:36,74,"Arakere, Bengaluru",45,0.13,0.0013
2026-05-10 13:00:24,69,"Arakere, Bengaluru",42,0.12,0.0012
2026-05-10 13:00:16,59,"Arakere, Bengaluru",36,0.12,0.0010
2026-05-10 13:00:04,54,"Arakere, Bengaluru",33,0.12,0.0009
2026-05-10 12:59:52,52,"Arakere, Bengaluru",32,0.12,0.0008
2026-05-10 12:59:40,46,"Arakere, Bengaluru",28,0.12,0.0007
2026-05-10 12:59:28,41,"Arakere, Bengaluru",25,0.12,0.0006
2026-05-10 12:59:16,36,"Arakere, Bengaluru",22,0.12,0.0005
2026-05-10 12:59:04,38,"Arakere, Bengaluru",23,0.12,0.0005
2026-05-10 12:58:52,36,"Arakere, Bengaluru",22,0.12,0.0005
2026-05-10 12:58:40,40,"Arakere, Bengaluru",24,0.12,0.0005
2026-05-10 12:58:28,40,"Arakere, Bengaluru",24,0.12,0.0005
2026-05-10 12:58:16,36,"Arakere, Bengaluru",22,0.12,0.0005
2026-05-10 12:58:04,40,"Arakere, Bengaluru",24,0.12,0.0005
2026-05-10 12:57:52,46,"Arakere, Bengaluru",28,0.12,0.0007
2026-05-10 12:57:41,48,"Arakere, Bengaluru",29,0.12,0.0007
2026-05-10 12:57:41,48,"Arakere, Bengaluru",29,0.12,0.0007
2026-05-10 12:57:41,48,"Arakere, Bengaluru",29,0.12,0.0007
2026-05-10 12:57:28,52,"Arakere, Bengaluru",32,0.12,0.0008
2026-05-10 12:57:16,54,"Arakere, Bengaluru",33,0.12,0.0009
2026-05-10 12:57:04,51,"Arakere, Bengaluru",31,0.12,0.0008
2026-05-10 12:56:52,52,"Arakere, Bengaluru",32,0.12,0.0008
2026-05-10 12:56:40,51,"Arakere, Bengaluru",31,0.12,0.0008
2026-05-10 12:56:28,48,"Arakere, Bengaluru",29,0.12,0.0007
2026-05-10 12:56:16,43,"Arakere, Bengaluru",26,0.12,0.0006
2026-05-10 12:56:07,33,"Arakere, Bengaluru",20,0.12,0.0004
2026-05-10 12:55:55,26,"Arakere, Bengaluru",16,0.12,0.0002
2026-05-10 12:55:43,23,"Arakere, Bengaluru",14,0.12,0.0002
2026-05-10 12:55:31,26,"Arakere, Bengaluru",16,0.12,0.0002
2026-05-10 12:55:19,21,"Arakere, Bengaluru",13,0.12,0.0001
2026-05-10 12:55:07,23,"Arakere, Bengaluru",14,0.12,0.0002
2026-05-10 12:54:55,23,"Arakere, Bengaluru",14,0.12,0.0002
2026-05-10 12:54:43,26,"Arakere, Bengaluru",16,0.12,0.0002
2026-05-10 12:54:31,26,"Arakere, Bengaluru",16,0.12,0.0002
2026-05-10 12:54:19,26,"Arakere, Bengaluru",16,0.12,0.0002
2026-05-10 12:54:07,25,"Arakere, Bengaluru",15,0.12,0.0002
2026-05-10 12:53:55,25,"Arakere, Bengaluru",15,0.12,0.0002
2026-05-10 12:53:43,30,"Arakere, Bengaluru",18,0.12,0.0003
2026-05-10 12:53:31,30,"Arakere, Bengaluru",18,0.12,0.0003
2026-05-10 12:53:19,30,"Arakere, Bengaluru",18,0.13,0.0003
2026-05-10 12:53:07,28,"Arakere, Bengaluru",17,0.13,0.0003
2026-05-10 12:52:55,25,"Arakere, Bengaluru",15,0.13,0.0002
2026-05-10 12:52:43,28,"Arakere, Bengaluru",17,0.13,0.0003
2026-05-10 12:52:32,28,"Arakere, Bengaluru",17,0.13,0.0003
2026-05-10 12:52:32,28,"Arakere, Bengaluru",17,0.13,0.0003
2026-05-10 12:52:32,28,"Arakere, Bengaluru",17,0.13,0.0003
2026-05-10 12:52:19,28,"Arakere, Bengaluru",17,0.13,0.0003
2026-05-10 12:52:07,28,"Arakere, Bengaluru",17,0.13,0.0003
2026-05-10 12:51:55,28,"Arakere, Bengaluru",17,0.13,0.0003
2026-05-10 12:51:43,28,"Arakere, Bengaluru",17,0.13,0.0003
2026-05-10 12:51:31,28,"Arakere, Bengaluru",17,0.13,0.0003
2026-05-10 12:51:19,30,"Arakere, Bengaluru",18,0.13,0.0003
2026-05-10 12:51:07,26,"Arakere, Bengaluru",16,0.13,0.0002
2026-05-10 12:50:57,28,"Arakere, Bengaluru",17,0.13,0.0003
2026-05-10 12:50:43,28,"Arakere, Bengaluru",17,0.13,0.0003
2026-05-10 12:50:31,30,"Arakere, Bengaluru",18,0.13,0.0003
2026-05-10 12:50:19,26,"Arakere, Bengaluru",16,0.13,0.0002
2026-05-10 12:50:07,26,"Arakere, Bengaluru",16,0.13,0.0002
2026-05-10 12:49:55,30,"Arakere, Bengaluru",18,0.13,0.0003
2026-05-10 12:49:43,28,"Arakere, Bengaluru",17,0.13,0.0003
2026-05-10 12:49:31,31,"Arakere, Bengaluru",19,0.13,0.0003
2026-05-10 12:49:19,33,"Arakere, Bengaluru",20,0.13,0.0004
2026-05-10 12:49:07,33,"Arakere, Bengaluru",20,0.13,0.0004
2026-05-10 12:48:55,33,"Arakere, Bengaluru",20,0.13,0.0004
2026-05-10 12:48:43,33,"Arakere, Bengaluru",20,0.13,0.0004
2026-05-10 12:48:31,31,"Arakere, Bengaluru",19,0.13,0.0003
2026-05-10 12:48:19,31,"Arakere, Bengaluru",19,0.13,0.0003
2026-05-10 12:48:07,31,"Arakere, Bengaluru",19,0.13,0.0003
2026-05-10 12:47:55,33,"Arakere, Bengaluru",20,0.13,0.0004
2026-05-10 12:47:43,33,"Arakere, Bengaluru",20,0.13,0.0004
2026-05-10 12:47:31,30,"Arakere, Bengaluru",18,0.13,0.0003
2026-05-09 22:36:45,86,"Arakere, Bengaluru",52,0.14,0.0016
2026-05-09 22:36:45,86,"Arakere, Bengaluru",52,0.14,0.0016
2026-05-09 22:36:45,86,"Arakere, Bengaluru",52,0.14,0.0016
2026-05-09 22:36:45,86,"Arakere, Bengaluru",52,0.14,0.0016
2026-05-09 22:36:45,86,"Arakere, Bengaluru",52,0.14,0.0016
2026-05-09 22:36:31,78,"Arakere, Bengaluru",47,0.14,0.0014
2026-05-09 22:36:23,67,"Arakere, Bengaluru",41,0.14,0.0012
2026-05-09 22:36:17,64,"Arakere, Bengaluru",39,0.14,0.0011
2026-05-09 22:36:04,62,"Arakere, Bengaluru",38,0.14,0.0011
2026-05-09 22:35:55,64,"Arakere, Bengaluru",39,0.14,0.0011
2026-05-09 22:35:35,66,"Arakere, Bengaluru",40,0.14,0.0011
2026-05-09 22:35:23,71,"Arakere, Bengaluru",43,0.13,0.0013
2026-05-09 22:35:11,72,"Arakere, Bengaluru",44,0.13,0.0013
2026-05-09 22:34:59,76,"Arakere, Bengaluru",46,0.13,0.0014
2026-05-09 22:34:47,78,"Arakere, Bengaluru",47,0.13,0.0014
2026-05-09 22:34:35,78,"Arakere, Bengaluru",47,0.13,0.0014
2026-05-09 22:34:23,78,"Arakere, Bengaluru",47,0.13,0.0014
2026-05-09 22:34:11,78,"Arakere, Bengaluru",47,0.13,0.0014
2026-05-09 22:33:59,86,"Arakere, Bengaluru",52,0.13,0.0016
2026-05-09 22:33:47,88,"Arakere, Bengaluru",53,0.13,0.0016
2026-05-09 22:33:39,98,"Arakere, Bengaluru",59,0.13,0.0019
2026-05-09 22:33:27,104,"Arakere, Bengaluru",62,0.13,0.0020
2026-05-09 22:33:23,114,"Arakere, Bengaluru",65,0.14,0.0021
2026-05-09 22:33:20,128,"Arakere, Bengaluru",69,0.14,0.0022
2026-05-09 22:33:17,138,"Arakere, Bengaluru",72,0.14,0.0023
2026-05-09 22:33:08,148,"Arakere, Bengaluru",75,0.14,0.0025
2026-05-09 22:32:56,155,"Arakere, Bengaluru",77,0.14,0.0025
2026-05-09 22:32:44,148,"Arakere, Bengaluru",75,0.14,0.0025
2026-05-09 22:32:41,159,"Arakere, Bengaluru",78,0.14,0.0026
2026-05-09 22:32:38,172,"Arakere, Bengaluru",82,0.14,0.0027
2026-05-09 22:32:35,182,"Arakere, Bengaluru",85,0.14,0.0028
2026-05-09 22:32:32,196,"Arakere, Bengaluru",89,0.14,0.0030
2026-05-09 22:32:28,207,"Arakere, Bengaluru",93,0.14,0.0031
2026-05-09 22:32:17,218,"Arakere, Bengaluru",96,0.14,0.0033
2026-05-09 22:32:14,204,"Arakere, Bengaluru",92,0.14,0.0031
2026-05-09 22:32:11,189,"Arakere, Bengaluru",87,0.14,0.0029
2026-05-09 22:32:08,176,"Arakere, Bengaluru",83,0.14,0.0028
2026-05-09 22:32:02,162,"Arakere, Bengaluru",79,0.14,0.0026
2026-05-09 22:31:59,176,"Arakere, Bengaluru",83,0.14,0.0028
2026-05-09 22:31:53,165,"Arakere, Bengaluru",80,0.14,0.0027
2026-05-09 22:31:48,152,"Arakere, Bengaluru",76,0.14,0.0025
2026-05-09 22:31:44,141,"Arakere, Bengaluru",73,0.14,0.0024
2026-05-09 22:31:41,131,"Arakere, Bengaluru",70,0.14,0.0023
2026-05-09 22:31:37,114,"Arakere, Bengaluru",65,0.14,0.0021
2026-05-09 22:31:33,104,"Arakere, Bengaluru",62,0.14,0.0020
2026-05-09 22:31:33,104,"Arakere, Bengaluru",62,0.14,0.0020
2026-05-09 22:31:33,104,"Arakere, Bengaluru",62,0.14,0.0020
2026-05-09 22:31:33,104,"Arakere, Bengaluru",62,0.14,0.0020
2026-05-09 22:31:22,94,"Arakere, Bengaluru",57,0.14,0.0018
2026-05-09 22:31:11,101,"Arakere, Bengaluru",61,0.14,0.0019
2026-05-09 22:31:04,111,"Arakere, Bengaluru",64,0.14,0.0020
2026-05-09 22:30:56,121,"Arakere, Bengaluru",67,0.14,0.0022
2026-05-09 22:30:53,111,"Arakere, Bengaluru",64,0.14,0.0020
2026-05-09 22:30:49,101,"Arakere, Bengaluru",61,0.14,0.0019
2026-05-09 22:30:37,101,"Arakere, Bengaluru",61,0.14,0.0019
2026-05-09 22:30:25,96,"Arakere, Bengaluru",58,0.13,0.0018
2026-05-09 22:30:13,100,"Arakere, Bengaluru",60,0.13,0.0019
2026-05-09 22:30:01,101,"Arakere, Bengaluru",61,0.13,0.0019
2026-05-09 22:29:49,107,"Arakere, Bengaluru",63,0.13,0.0020
2026-05-09 22:29:37,104,"Arakere, Bengaluru",62,0.13,0.0020
2026-05-09 22:29:25,111,"Arakere, Bengaluru",64,0.13,0.0020
2026-05-09 22:29:13,111,"Arakere, Bengaluru",64,0.13,0.0020
2026-05-09 22:29:07,121,"Arakere, Bengaluru",67,0.13,0.0022
2026-05-09 22:29:03,135,"Arakere, Bengaluru",71,0.13,0.0023
2026-05-09 22:28:51,141,"Arakere, Bengaluru",73,0.13,0.0024
2026-05-09 22:28:39,148,"Arakere, Bengaluru",75,0.13,0.0025
2026-05-09 22:28:36,159,"Arakere, Bengaluru",78,0.13,0.0026
2026-05-09 22:28:33,169,"Arakere, Bengaluru",81,0.13,0.0027
2026-05-09 22:28:30,189,"Arakere, Bengaluru",87,0.13,0.0029
2026-05-09 22:28:27,200,"Arakere, Bengaluru",90,0.13,0.0030
2026-05-09 22:28:24,211,"Arakere, Bengaluru",94,0.13,0.0032
2026-05-09 22:28:20,221,"Arakere, Bengaluru",97,0.13,0.0033
2026-05-09 22:28:16,235,"Arakere, Bengaluru",101,0.13,0.0034
2026-05-09 22:28:11,245,"Arakere, Bengaluru",104,0.13,0.0036
2026-05-09 22:28:08,259,"Arakere, Bengaluru",108,0.13,0.0037
2026-05-09 22:28:05,269,"Arakere, Bengaluru",111,0.13,0.0038
2026-05-09 22:28:00,279,"Arakere, Bengaluru",114,0.13,0.0039
2026-05-09 22:27:57,289,"Arakere, Bengaluru",117,0.13,0.0041
2026-05-09 22:27:49,300,"Arakere, Bengaluru",120,0.13,0.0042
2026-05-09 22:27:41,289,"Arakere, Bengaluru",117,0.13,0.0041
2026-05-09 22:27:38,279,"Arakere, Bengaluru",114,0.13,0.0039
2026-05-09 22:27:33,262,"Arakere, Bengaluru",109,0.13,0.0038
2026-05-09 22:27:30,252,"Arakere, Bengaluru",106,0.13,0.0036
2026-05-09 22:27:26,238,"Arakere, Bengaluru",102,0.13,0.0035
2026-05-09 22:27:20,224,"Arakere, Bengaluru",98,0.13,0.0033
2026-05-09 22:27:17,211,"Arakere, Bengaluru",94,0.13,0.0032
2026-05-09 22:27:14,201,"Arakere, Bengaluru",91,0.13,0.0031
2026-05-09 22:27:11,182,"Arakere, Bengaluru",85,0.13,0.0028
2026-05-09 22:27:08,172,"Arakere, Bengaluru",82,0.13,0.0027
2026-05-09 22:27:05,159,"Arakere, Bengaluru",78,0.13,0.0026
2026-05-09 22:27:02,141,"Arakere, Bengaluru",73,0.13,0.0024
2026-05-09 22:26:59,118,"Arakere, Bengaluru",66,0.13,0.0021
2026-05-09 22:26:56,104,"Arakere, Bengaluru",62,0.13,0.0020
2026-05-09 22:26:53,91,"Arakere, Bengaluru",55,0.13,0.0017
2026-05-09 22:26:47,79,"Arakere, Bengaluru",48,0.13,0.0014
2026-05-09 22:26:35,69,"Arakere, Bengaluru",42,0.13,0.0012
2026-05-09 22:26:23,67,"Arakere, Bengaluru",41,0.13,0.0012
2026-05-09 22:26:23,67,"Arakere, Bengaluru",41,0.13,0.0012
2026-05-09 22:26:23,67,"Arakere, Bengaluru",41,0.13,0.0012
2026-05-09 19:38:11,41,"Arakere, Bengaluru",25,0.12,0.0006
2026-05-09 19:38:00,38,"Arakere, Bengaluru",23,0.12,0.0005
2026-05-09 19:37:49,33,"Arakere, Bengaluru",20,0.12,0.0004
2026-05-09 19:37:38,35,"Arakere, Bengaluru",21,0.12,0.0004
2026-05-09 19:37:28,35,"Arakere, Bengaluru",21,0.12,0.0004
2026-05-09 19:37:17,35,"Arakere, Bengaluru",21,0.12,0.0004
2026-05-09 19:37:17,35,"Arakere, Bengaluru",21,0.12,0.0004
2026-05-09 19:37:17,35,"Arakere, Bengaluru",21,0.12,0.0004
2026-05-09 19:37:03,36,"Arakere, Bengaluru",22,0.12,0.0005
2026-05-09 19:36:49,36,"Arakere, Bengaluru",22,0.12,0.0005
2026-05-09 19:36:35,35,"Arakere, Bengaluru",21,0.12,0.0004
2026-05-09 19:36:23,33,"Arakere, Bengaluru",20,0.12,0.0004
2026-05-09 19:36:15,35,"Arakere, Bengaluru",21,0.12,0.0004
2026-05-09 19:36:03,36,"Arakere, Bengaluru",22,0.12,0.0005
2026-05-09 19:35:52,33,"Arakere, Bengaluru",20,0.12,0.0004
2026-05-09 19:35:40,35,"Arakere, Bengaluru",21,0.12,0.0004
2026-05-09 19:35:28,35,"Arakere, Bengaluru",21,0.12,0.0004
2026-05-09 19:35:19,35,"Arakere, Bengaluru",21,0.12,0.0004
2026-05-09 19:35:07,40,"Arakere, Bengaluru",24,0.12,0.0005
2026-05-09 19:34:54,38,"Arakere, Bengaluru",23,0.12,0.0005
2026-05-09 19:34:42,35,"Arakere, Bengaluru",21,0.12,0.0004
2026-05-09 19:34:30,38,"Arakere, Bengaluru",23,0.12,0.0005
2026-05-09 19:34:16,36,"Arakere, Bengaluru",22,0.12,0.0005
2026-05-09 19:34:07,38,"Arakere, Bengaluru",23,0.12,0.0005
2026-05-09 19:33:56,38,"Arakere, Bengaluru",23,0.12,0.0005
2026-05-09 19:33:48,38,"Arakere, Bengaluru",23,0.12,0.0005
2026-05-09 19:33:30,35,"Arakere, Bengaluru",21,0.12,0.0004
2026-05-09 19:33:19,33,"Arakere, Bengaluru",20,0.12,0.0004
2026-05-09 19:33:11,33,"Arakere, Bengaluru",20,0.12,0.0004
2026-05-09 19:33:00,33,"Arakere, Bengaluru",20,0.12,0.0004
2026-05-09 19:32:41,36,"Arakere, Bengaluru",22,0.12,0.0005
2026-05-09 19:32:25,35,"Arakere, Bengaluru",21,0.12,0.0004
2026-05-09 19:32:11,33,"Arakere, Bengaluru",20,0.12,0.0004
2026-05-09 19:31:59,35,"Arakere, Bengaluru",21,0.12,0.0004
2026-05-09 19:31:47,30,"Arakere, Bengaluru",18,0.12,0.0003
2026-05-09 19:31:35,31,"Arakere, Bengaluru",19,0.12,0.0003
2026-05-09 19:31:23,36,"Arakere, Bengaluru",22,0.12,0.0005
2026-05-09 19:31:11,33,"Arakere, Bengaluru",20,0.12,0.0004
2026-05-09 19:30:59,35,"Arakere, Bengaluru",21,0.12,0.0004
2026-05-09 19:30:47,35,"Arakere, Bengaluru",21,0.12,0.0004
2026-05-09 19:30:35,33,"Arakere, Bengaluru",20,0.12,0.0004
2026-05-09 19:30:23,35,"Arakere, Bengaluru",21,0.12,0.0004
2026-05-09 19:30:11,33,"Arakere, Bengaluru",20,0.12,0.0004
2026-05-09 19:29:59,35,"Arakere, Bengaluru",21,0.12,0.0004
2026-05-09 19:29:47,33,"Arakere, Bengaluru",20,0.12,0.0004
2026-05-09 19:29:35,35,"Arakere, Bengaluru",21,0.12,0.0004
2026-05-09 19:29:23,35,"Arakere, Bengaluru",21,0.12,0.0004
2026-05-09 19:29:11,31,"Arakere, Bengaluru",19,0.12,0.0003
2026-05-09 19:28:59,33,"Arakere, Bengaluru",20,0.12,0.0004
2026-05-09 19:28:47,35,"Arakere, Bengaluru",21,0.12,0.0004
2026-05-09 19:28:35,35,"Arakere, Bengaluru",21,0.12,0.0004
2026-05-09 19:28:23,33,"Arakere, Bengaluru",20,0.12,0.0004
2026-05-09 19:28:11,31,"Arakere, Bengaluru",19,0.12,0.0003
2026-05-09 19:28:00,35,"Arakere, Bengaluru",21,0.12,0.0004
2026-05-09 19:27:47,35,"Arakere, Bengaluru",21,0.12,0.0004
2026-05-09 19:27:36,36,"Arakere, Bengaluru",22,0.12,0.0005
2026-05-09 19:27:23,31,"Arakere, Bengaluru",19,0.12,0.0003
2026-05-09 19:27:11,31,"Arakere, Bengaluru",19,0.12,0.0003
2026-05-09 19:27:00,31,"Arakere, Bengaluru",19,0.12,0.0003
2026-05-09 19:27:00,31,"Arakere, Bengaluru",19,0.12,0.0003
2026-05-09 19:27:00,31,"Arakere, Bengaluru",19,0.12,0.0003
2026-05-09 19:26:59,31,"Arakere, Bengaluru",19,0.12,0.0003
2026-05-09 19:26:47,31,"Arakere, Bengaluru",19,0.12,0.0003
2026-05-09 19:26:35,30,"Arakere, Bengaluru",18,0.12,0.0003
2026-05-09 19:26:23,31,"Arakere, Bengaluru",19,0.12,0.0003
2026-05-09 19:26:11,35,"Arakere, Bengaluru",21,0.12,0.0004
2026-05-09 19:25:59,35,"Arakere, Bengaluru",21,0.12,0.0004
2026-05-09 19:25:47,40,"Arakere, Bengaluru",24,0.12,0.0005
2026-05-09 19:25:35,46,"Arakere, Bengaluru",28,0.12,0.0007
2026-05-09 19:25:23,46,"Arakere, Bengaluru",28,0.12,0.0007
2026-05-09 19:25:14,35,"Arakere, Bengaluru",21,0.12,0.0004
2026-05-09 19:25:01,33,"Arakere, Bengaluru",20,0.12,0.0004
2026-05-09 19:24:50,30,"Arakere, Bengaluru",18,0.12,0.0003
2026-05-09 19:24:37,31,"Arakere, Bengaluru",19,0.12,0.0003
2026-05-09 19:24:25,31,"Arakere, Bengaluru",19,0.12,0.0003
2026-05-09 19:24:13,33,"Arakere, Bengaluru",20,0.12,0.0004
2026-05-09 19:24:01,33,"Arakere, Bengaluru",20,0.12,0.0004
2026-05-09 19:23:49,38,"Arakere, Bengaluru",23,0.12,0.0005
2026-05-09 19:23:38,40,"Arakere, Bengaluru",24,0.12,0.0005
2026-05-09 19:23:25,31,"Arakere, Bengaluru",19,0.12,0.0003
2026-05-09 19:23:13,30,"Arakere, Bengaluru",18,0.12,0.0003
2026-05-09 19:23:01,28,"Arakere, Bengaluru",17,0.12,0.0003
2026-05-09 19:22:49,28,"Arakere, Bengaluru",17,0.12,0.0003
2026-05-09 19:22:37,28,"Arakere, Bengaluru",17,0.12,0.0003
2026-05-09 19:22:25,30,"Arakere, Bengaluru",18,0.12,0.0003
2026-05-09 19:22:13,28,"Arakere, Bengaluru",17,0.12,0.0003
2026-05-09 19:22:01,30,"Arakere, Bengaluru",18,0.12,0.0003
2026-05-09 19:21:50,30,"Arakere, Bengaluru",18,0.12,0.0003
2026-05-09 19:21:50,30,"Arakere, Bengaluru",18,0.12,0.0003
2026-05-09 19:21:50,30,"Arakere, Bengaluru",18,0.12,0.0003
2026-05-09 19:21:50,30,"Arakere, Bengaluru",18,0.12,0.0003
2026-05-09 19:21:37,30,"Arakere, Bengaluru",18,0.12,0.0003
2026-05-09 19:21:25,31,"Arakere, Bengaluru",19,0.12,0.0003
2026-05-09 19:21:13,31,"Arakere, Bengaluru",19,0.12,0.0003
2026-05-09 19:21:01,31,"Arakere, Bengaluru",19,0.12,0.0003
2026-05-09 19:20:49,31,"Arakere, Bengaluru",19,0.12,0.0003
2026-05-09 19:20:37,33,"Arakere, Bengaluru",20,0.12,0.0004
2026-05-09 19:20:25,31,"Arakere, Bengaluru",19,0.12,0.0003
2026-05-09 19:20:13,30,"Arakere, Bengaluru",18,0.12,0.0003
2026-05-09 19:20:01,31,"Arakere, Bengaluru",19,0.12,0.0003
2026-05-09 19:19:49,30,"Arakere, Bengaluru",18,0.12,0.0003
2026-05-09 19:19:37,28,"Arakere, Bengaluru",17,0.12,0.0003
2026-05-09 19:19:26,30,"Arakere, Bengaluru",18,0.12,0.0003
2026-05-09 19:19:13,28,"Arakere, Bengaluru",17,0.12,0.0003
2026-05-09 19:19:01,30,"Arakere, Bengaluru",18,0.12,0.0003
2026-05-09 19:18:49,28,"Arakere, Bengaluru",17,0.12,0.0003
2026-05-09 19:18:37,30,"Arakere, Bengaluru",18,0.12,0.0003
2026-05-09 19:18:25,31,"Arakere, Bengaluru",19,0.12,0.0003
2026-05-09 19:18:13,33,"Arakere, Bengaluru",20,0.12,0.0004
2026-05-09 19:18:01,30,"Arakere, Bengaluru",18,0.12,0.0003
2026-05-09 19:17:49,30,"Arakere, Bengaluru",18,0.12,0.0003
2026-05-09 19:17:37,31,"Arakere, Bengaluru",19,0.12,0.0003
2026-05-09 19:17:25,31,"Arakere, Bengaluru",19,0.12,0.0003
2026-05-09 19:17:13,30,"Arakere, Bengaluru",18,0.12,0.0003
2026-05-09 19:17:01,30,"Arakere, Bengaluru",18,0.12,0.0003
2026-05-09 19:16:49,35,"Arakere, Bengaluru",21,0.12,0.0004
2026-05-09 19:16:38,33,"Arakere, Bengaluru",20,0.12,0.0004
2026-05-09 19:16:38,33,"Arakere, Bengaluru",20,0.12,0.0004
2026-05-09 19:16:38,33,"Arakere, Bengaluru",20,0.12,0.0004
2026-05-09 19:16:38,33,"Arakere, Bengaluru",20,0.12,0.0004
2026-05-09 19:16:25,31,"Arakere, Bengaluru",19,0.12,0.0003
2026-05-09 19:16:13,28,"Arakere, Bengaluru",17,0.12,0.0003
2026-05-09 19:16:01,30,"Arakere, Bengaluru",18,0.12,0.0003
2026-05-09 19:15:49,28,"Arakere, Bengaluru",17,0.12,0.0003
2026-05-09 19:15:37,30,"Arakere, Bengaluru",18,0.12,0.0003
2026-05-09 19:15:25,28,"Arakere, Bengaluru",17,0.12,0.0003
2026-05-09 19:15:13,28,"Arakere, Bengaluru",17,0.12,0.0003
2026-05-09 19:15:01,30,"Arakere, Bengaluru",18,0.12,0.0003
2026-05-09 19:14:49,28,"Arakere, Bengaluru",17,0.12,0.0003
2026-05-09 19:14:37,26,"Arakere, Bengaluru",16,0.12,0.0002
2026-05-09 19:14:25,30,"Arakere, Bengaluru",18,0.12,0.0003
2026-05-09 19:14:13,28,"Arakere, Bengaluru",17,0.12,0.0003
2026-05-09 19:14:01,30,"Arakere, Bengaluru",18,0.12,0.0003
2026-05-09 19:13:49,30,"Arakere, Bengaluru",18,0.12,0.0003
2026-05-09 19:13:37,31,"Arakere, Bengaluru",19,0.12,0.0003
2026-05-09 19:13:25,30,"Arakere, Bengaluru",18,0.12,0.0003
2026-05-09 19:13:14,30,"Arakere, Bengaluru",18,0.12,0.0003
2026-05-09 19:13:01,33,"Arakere, Bengaluru",20,0.12,0.0004
2026-05-09 19:12:49,35,"Arakere, Bengaluru",21,0.12,0.0004
2026-05-09 19:12:37,33,"Arakere, Bengaluru",20,0.12,0.0004
2026-05-09 19:12:25,33,"Arakere, Bengaluru",20,0.12,0.0004
2026-05-09 19:12:13,33,"Arakere, Bengaluru",20,0.12,0.0004
2026-05-09 19:12:01,31,"Arakere, Bengaluru",19,0.12,0.0003
2026-05-09 19:11:49,33,"Arakere, Bengaluru",20,0.12,0.0004
2026-05-09 19:11:37,33,"Arakere, Bengaluru",20,0.12,0.0004
2026-05-09 19:11:26,33,"Arakere, Bengaluru",20,0.12,0.0004
2026-05-09 19:11:26,33,"Arakere, Bengaluru",20,0.12,0.0004
2026-05-09 19:11:26,33,"Arakere, Bengaluru",20,0.12,0.0004
2026-05-09 19:11:26,33,"Arakere, Bengaluru",20,0.12,0.0004
2026-05-09 19:11:26,33,"Arakere, Bengaluru",20,0.12,0.0004
2026-05-09 19:11:13,33,"Arakere, Bengaluru",20,0.12,0.0004
2026-05-09 19:11:01,33,"Arakere, Bengaluru",20,0.12,0.0004
2026-05-09 19:10:49,33,"Arakere, Bengaluru",20,0.12,0.0004
2026-05-09 19:10:37,31,"Arakere, Bengaluru",19,0.12,0.0003
2026-05-09 19:10:25,33,"Arakere, Bengaluru",20,0.12,0.0004
2026-05-09 19:10:13,35,"Arakere, Bengaluru",21,0.12,0.0004
2026-05-09 19:10:01,36,"Arakere, Bengaluru",22,0.12,0.0005
2026-05-09 19:09:49,35,"Arakere, Bengaluru",21,0.12,0.0004
2026-05-09 19:09:37,40,"Arakere, Bengaluru",24,0.12,0.0005
2026-05-09 19:09:25,40,"Arakere, Bengaluru",24,0.12,0.0005
2026-05-09 19:09:13,36,"Arakere, Bengaluru",22,0.12,0.0005
2026-05-09 19:09:01,43,"Arakere, Bengaluru",26,0.12,0.0006
2026-05-09 19:08:49,41,"Arakere, Bengaluru",25,0.12,0.0006
2026-05-09 19:08:37,35,"Arakere, Bengaluru",21,0.12,0.0004
2026-05-09 19:08:25,35,"Arakere, Bengaluru",21,0.12,0.0004
2026-05-09 19:08:13,33,"Arakere, Bengaluru",20,0.12,0.0004
2026-05-09 19:08:01,35,"Arakere, Bengaluru",21,0.12,0.0004
2026-05-09 19:07:49,35,"Arakere, Bengaluru",21,0.12,0.0004
2026-05-09 19:07:37,36,"Arakere, Bengaluru",22,0.12,0.0005
2026-05-09 19:07:25,36,"Arakere, Bengaluru",22,0.12,0.0005
2026-05-09 19:07:13,38,"Arakere, Bengaluru",23,0.12,0.0005
2026-05-09 19:07:02,40,"Arakere, Bengaluru",24,0.12,0.0005
2026-05-09 19:06:49,46,"Arakere, Bengaluru",28,0.12,0.0007
2026-05-09 19:06:38,51,"Arakere, Bengaluru",31,0.12,0.0008
2026-05-09 19:06:25,43,"Arakere, Bengaluru",26,0.12,0.0006
2026-05-09 19:06:14,48,"Arakere, Bengaluru",29,0.12,0.0007
2026-05-09 19:06:14,48,"Arakere, Bengaluru",29,0.12,0.0007
2026-05-09 19:06:14,48,"Arakere, Bengaluru",29,0.12,0.0007
2026-05-09 19:06:14,48,"Arakere, Bengaluru",29,0.12,0.0007
2026-05-09 19:06:01,45,"Arakere, Bengaluru",27,0.12,0.0006
2026-05-09 19:05:50,35,"Arakere, Bengaluru",21,0.12,0.0004
2026-05-09 19:05:38,33,"Arakere, Bengaluru",20,0.12,0.0004
2026-05-09 19:05:26,38,"Arakere, Bengaluru",23,0.12,0.0005
2026-05-09 19:05:14,38,"Arakere, Bengaluru",23,0.12,0.0005
2026-05-09 19:05:02,36,"Arakere, Bengaluru",22,0.12,0.0005
2026-05-09 19:04:50,38,"Arakere, Bengaluru",23,0.12,0.0005
2026-05-09 19:04:38,38,"Arakere, Bengaluru",23,0.12,0.0005
2026-05-09 19:04:26,36,"Arakere, Bengaluru",22,0.12,0.0005
2026-05-09 19:04:14,38,"Arakere, Bengaluru",23,0.12,0.0005
2026-05-09 19:04:02,36,"Arakere, Bengaluru",22,0.12,0.0005
2026-05-09 19:03:50,36,"Arakere, Bengaluru",22,0.12,0.0005
2026-05-09 19:03:38,38,"Arakere, Bengaluru",23,0.12,0.0005
2026-05-09 19:03:26,38,"Arakere, Bengaluru",23,0.12,0.0005
2026-05-09 19:03:14,38,"Arakere, Bengaluru",23,0.12,0.0005
2026-05-09 19:03:02,38,"Arakere, Bengaluru",23,0.12,0.0005
2026-05-09 19:02:50,40,"Arakere, Bengaluru",24,0.12,0.0005
2026-05-09 19:02:38,40,"Arakere, Bengaluru",24,0.12,0.0005
2026-05-09 19:02:26,41,"Arakere, Bengaluru",25,0.12,0.0006
2026-05-09 19:02:14,40,"Arakere, Bengaluru",24,0.12,0.0005
2026-05-09 19:02:02,36,"Arakere, Bengaluru",22,0.12,0.0005
2026-05-09 19:01:50,38,"Arakere, Bengaluru",23,0.12,0.0005
2026-05-09 19:01:38,38,"Arakere, Bengaluru",23,0.12,0.0005
2026-05-09 19:01:26,36,"Arakere, Bengaluru",22,0.12,0.0005
2026-05-09 19:01:14,36,"Arakere, Bengaluru",22,0.12,0.0005
2026-05-09 19:01:02,36,"Arakere, Bengaluru",22,0.12,0.0005
2026-05-09 19:01:02,40,"Arakere, Bengaluru",24,0.12,0.0005
2026-05-09 19:00:50,36,"Arakere, Bengaluru",22,0.12,0.0005
2026-05-09 19:00:38,38,"Arakere, Bengaluru",23,0.12,0.0005
2026-05-09 19:00:26,36,"Arakere, Bengaluru",22,0.12,0.0005
2026-05-09 19:00:14,38,"Arakere, Bengaluru",23,0.12,0.0005
2026-05-09 19:00:02,38,"Arakere, Bengaluru",23,0.12,0.0005
2026-05-09 18:59:50,36,"Arakere, Bengaluru",22,0.12,0.0005
2026-05-09 18:59:38,35,"Arakere, Bengaluru",21,0.12,0.0004
2026-05-09 18:59:26,35,"Arakere, Bengaluru",21,0.12,0.0004
2026-05-09 18:59:14,33,"Arakere, Bengaluru",20,0.12,0.0004
2026-05-09 18:59:02,35,"Arakere, Bengaluru",21,0.12,0.0004
2026-05-09 18:58:50,33,"Arakere, Bengaluru",20,0.12,0.0004
2026-05-09 18:58:38,33,"Arakere, Bengaluru",20,0.12,0.0004
2026-05-09 18:58:26,41,"Arakere, Bengaluru",25,0.12,0.0006
2026-05-09 18:58:14,41,"Arakere, Bengaluru",25,0.12,0.0006
2026-05-09 18:58:02,41,"Arakere, Bengaluru",25,0.12,0.0006
2026-05-09 18:57:50,45,"Arakere, Bengaluru",27,0.12,0.0006
2026-05-09 18:57:38,45,"Arakere, Bengaluru",27,0.12,0.0006
2026-05-09 18:57:26,43,"Arakere, Bengaluru",26,0.12,0.0006
2026-05-09 18:57:14,45,"Arakere, Bengaluru",27,0.12,0.0006
2026-05-09 18:57:02,43,"Arakere, Bengaluru",26,0.12,0.0006
2026-05-09 18:56:50,43,"Arakere, Bengaluru",26,0.12,0.0006
2026-05-09 18:56:38,43,"Arakere, Bengaluru",26,0.12,0.0006
2026-05-09 18:56:26,48,"Arakere, Bengaluru",29,0.12,0.0007
2026-05-09 18:56:14,52,"Arakere, Bengaluru",32,0.12,0.0008
2026-05-09 18:56:02,56,"Arakere, Bengaluru",34,0.12,0.0009
2026-05-09 18:55:50,56,"Arakere, Bengaluru",34,0.12,0.0009
2026-05-09 18:55:38,56,"Arakere, Bengaluru",34,0.12,0.0009
2026-05-09 18:55:38,56,"Arakere, Bengaluru",34,0.12,0.0009
2026-05-09 18:55:38,56,"Arakere, Bengaluru",34,0.12,0.0009
2026-05-09 18:55:38,56,"Arakere, Bengaluru",34,0.12,0.0009
2026-05-09 18:55:38,56,"Arakere, Bengaluru",34,0.12,0.0009
2026-05-09 18:55:26,57,"Arakere, Bengaluru",35,0.12,0.0009
2026-05-09 18:55:14,52,"Arakere, Bengaluru",32,0.12,0.0008
2026-05-09 18:55:02,52,"Arakere, Bengaluru",32,0.12,0.0008
2026-05-09 18:54:50,56,"Arakere, Bengaluru",34,0.12,0.0009
2026-05-09 18:54:38,56,"Arakere, Bengaluru",34,0.12,0.0009
2026-05-09 18:54:26,57,"Arakere, Bengaluru",35,0.12,0.0009
2026-05-09 18:54:14,52,"Arakere, Bengaluru",32,0.12,0.0008
2026-05-09 18:54:02,48,"Arakere, Bengaluru",29,0.12,0.0007
2026-05-09 18:53:50,50,"Arakere, Bengaluru",30,0.12,0.0008
2026-05-09 18:53:38,48,"Arakere, Bengaluru",29,0.12,0.0007
2026-05-09 18:53:26,50,"Arakere, Bengaluru",30,0.13,0.0008
2026-05-09 18:53:14,51,"Arakere, Bengaluru",31,0.13,0.0008
2026-05-09 18:53:02,50,"Arakere, Bengaluru",30,0.13,0.0008
2026-05-09 18:52:50,46,"Arakere, Bengaluru",28,0.13,0.0007
2026-05-09 18:52:38,48,"Arakere, Bengaluru",29,0.13,0.0007
2026-05-09 18:52:26,48,"Arakere, Bengaluru",29,0.12,0.0007
2026-05-09 18:52:14,51,"Arakere, Bengaluru",31,0.12,0.0008
2026-05-09 18:52:02,48,"Arakere, Bengaluru",29,0.12,0.0007
2026-05-09 18:51:50,48,"Arakere, Bengaluru",29,0.12,0.0007
2026-05-09 18:51:38,48,"Arakere, Bengaluru",29,0.12,0.0007
2026-05-09 18:51:26,50,"Arakere, Bengaluru",30,0.12,0.0008
2026-05-09 18:51:14,51,"Arakere, Bengaluru",31,0.12,0.0008
2026-05-09 18:51:02,50,"Arakere, Bengaluru",30,0.12,0.0008
2026-05-09 18:50:50,46,"Arakere, Bengaluru",28,0.12,0.0007
2026-05-09 18:50:38,46,"Arakere, Bengaluru",28,0.12,0.0007
2026-05-09 18:50:28,45,"Arakere, Bengaluru",27,0.12,0.0006
2026-05-09 18:50:26,45,"Arakere, Bengaluru",27,0.12,0.0006
2026-05-09 18:50:26,45,"Arakere, Bengaluru",27,0.12,0.0006
2026-05-09 18:50:26,45,"Arakere, Bengaluru",27,0.12,0.0006
2026-05-09 18:50:14,48,"Arakere, Bengaluru",29,0.12,0.0007
2026-05-09 18:50:02,46,"Arakere, Bengaluru",28,0.12,0.0007
2026-05-09 18:49:50,46,"Arakere, Bengaluru",28,0.12,0.0007
2026-05-09 18:49:38,48,"Arakere, Bengaluru",29,0.12,0.0007
2026-05-09 18:49:26,50,"Arakere, Bengaluru",30,0.12,0.0008
2026-05-09 18:49:14,48,"Arakere, Bengaluru",29,0.12,0.0007
2026-05-09 18:49:02,48,"Arakere, Bengaluru",29,0.12,0.0007
2026-05-09 18:48:50,48,"Arakere, Bengaluru",29,0.12,0.0007
2026-05-09 18:48:38,50,"Arakere, Bengaluru",30,0.12,0.0008
2026-05-09 18:48:26,50,"Arakere, Bengaluru",30,0.12,0.0008
2026-05-09 18:48:14,50,"Arakere, Bengaluru",30,0.12,0.0008
2026-05-09 18:48:02,48,"Arakere, Bengaluru",29,0.12,0.0007
2026-05-09 18:47:50,50,"Arakere, Bengaluru",30,0.12,0.0008
2026-05-09 18:47:38,48,"Arakere, Bengaluru",29,0.12,0.0007
2026-05-09 18:47:26,48,"Arakere, Bengaluru",29,0.12,0.0007
2026-05-09 18:47:14,45,"Arakere, Bengaluru",27,0.12,0.0006
2026-05-09 18:47:02,46,"Arakere, Bengaluru",28,0.12,0.0007
2026-05-09 18:46:50,45,"Arakere, Bengaluru",27,0.12,0.0006
2026-05-09 18:46:38,45,"Arakere, Bengaluru",27,0.12,0.0006
2026-05-09 18:46:26,45,"Arakere, Bengaluru",27,0.12,0.0006
2026-05-09 18:46:14,45,"Arakere, Bengaluru",27,0.12,0.0006
2026-05-09 18:46:02,41,"Arakere, Bengaluru",25,0.12,0.0006
2026-05-09 18:45:50,45,"Arakere, Bengaluru",27,0.12,0.0006
2026-05-09 18:45:38,50,"Arakere, Bengaluru",30,0.12,0.0008
2026-05-09 18:45:26,48,"Arakere, Bengaluru",29,0.12,0.0007
2026-05-09 18:45:16,46,"Arakere, Bengaluru",28,0.12,0.0007
2026-05-09 18:45:14,46,"Arakere, Bengaluru",28,0.12,0.0007
2026-05-09 18:45:14,46,"Arakere, Bengaluru",28,0.12,0.0007
2026-05-09 18:45:14,46,"Arakere, Bengaluru",28,0.12,0.0007
2026-05-09 18:45:02,50,"Arakere, Bengaluru",30,0.12,0.0008
2026-05-09 18:44:50,48,"Arakere, Bengaluru",29,0.12,0.0007
2026-05-09 18:44:38,48,"Arakere, Bengaluru",29,0.12,0.0007
2026-05-09 18:44:26,50,"Arakere, Bengaluru",30,0.12,0.0008
2026-05-09 18:44:14,50,"Arakere, Bengaluru",30,0.12,0.0008
2026-05-09 18:44:02,50,"Arakere, Bengaluru",30,0.12,0.0008
2026-05-09 18:43:50,48,"Arakere, Bengaluru",29,0.12,0.0007
2026-05-09 18:43:38,52,"Arakere, Bengaluru",32,0.12,0.0008
2026-05-09 18:43:26,51,"Arakere, Bengaluru",31,0.13,0.0008
2026-05-09 18:43:14,54,"Arakere, Bengaluru",33,0.13,0.0009
2026-05-09 18:43:02,52,"Arakere, Bengaluru",32,0.13,0.0008
2026-05-09 18:42:50,51,"Arakere, Bengaluru",31,0.13,0.0008
2026-05-09 18:42:38,51,"Arakere, Bengaluru",31,0.13,0.0008
2026-05-09 18:42:26,51,"Arakere, Bengaluru",31,0.13,0.0008
2026-05-09 18:42:14,52,"Arakere, Bengaluru",32,0.13,0.0008
2026-05-09 18:42:02,56,"Arakere, Bengaluru",34,0.13,0.0009
2026-05-09 18:41:50,57,"Arakere, Bengaluru",35,0.13,0.0009
2026-05-09 18:41:38,57,"Arakere, Bengaluru",35,0.13,0.0009
2026-05-09 18:41:26,57,"Arakere, Bengaluru",35,0.12,0.0009
2026-05-09 18:41:14,59,"Arakere, Bengaluru",36,0.12,0.0010
2026-05-09 18:41:02,56,"Arakere, Bengaluru",34,0.12,0.0009
2026-05-09 18:40:50,59,"Arakere, Bengaluru",36,0.12,0.0010
2026-05-09 18:40:38,57,"Arakere, Bengaluru",35,0.12,0.0009
2026-05-09 18:40:26,54,"Arakere, Bengaluru",33,0.12,0.0009
2026-05-09 18:40:14,54,"Arakere, Bengaluru",33,0.12,0.0009
2026-05-09 18:40:02,52,"Arakere, Bengaluru",32,0.12,0.0008
2026-05-09 18:39:50,54,"Arakere, Bengaluru",33,0.12,0.0009
2026-05-09 18:39:38,56,"Arakere, Bengaluru",34,0.12,0.0009
2026-05-09 18:39:26,54,"Arakere, Bengaluru",33,0.13,0.0009
2026-05-09 18:39:14,52,"Arakere, Bengaluru",32,0.13,0.0008
2026-05-09 18:39:02,54,"Arakere, Bengaluru",33,0.13,0.0009
2026-05-09 18:38:50,56,"Arakere, Bengaluru",34,0.13,0.0009
2026-05-09 18:38:38,56,"Arakere, Bengaluru",34,0.13,0.0009
2026-05-09 18:38:26,54,"Arakere, Bengaluru",33,0.13,0.0009
2026-05-09 18:38:14,54,"Arakere, Bengaluru",33,0.13,0.0009
2026-05-09 18:38:02,54,"Arakere, Bengaluru",33,0.13,0.0009
2026-05-09 18:37:50,54,"Arakere, Bengaluru",33,0.13,0.0009
2026-05-09 18:37:38,57,"Arakere, Bengaluru",35,0.13,0.0009
2026-05-09 18:37:26,56,"Arakere, Bengaluru",34,0.13,0.0009
2026-05-09 18:37:14,57,"Arakere, Bengaluru",35,0.13,0.0009
2026-05-09 18:37:02,57,"Arakere, Bengaluru",35,0.13,0.0009
2026-05-09 18:36:50,57,"Arakere, Bengaluru",35,0.13,0.0009
2026-05-09 18:36:38,56,"Arakere, Bengaluru",34,0.13,0.0009
2026-05-09 18:36:26,56,"Arakere, Bengaluru",34,0.13,0.0009
2026-05-09 18:36:14,56,"Arakere, Bengaluru",34,0.13,0.0009
2026-05-09 18:36:02,56,"Arakere, Bengaluru",34,0.13,0.0009
2026-05-09 18:35:50,56,"Arakere, Bengaluru",34,0.13,0.0009
2026-05-09 18:35:38,57,"Arakere, Bengaluru",35,0.13,0.0009
2026-05-09 18:35:26,56,"Arakere, Bengaluru",34,0.13,0.0009
2026-05-09 18:35:14,54,"Arakere, Bengaluru",33,0.13,0.0009
2026-05-09 18:35:03,54,"Arakere, Bengaluru",33,0.13,0.0009
2026-05-09 18:35:03,54,"Arakere, Bengaluru",33,0.13,0.0009
2026-05-09 18:35:03,54,"Arakere, Bengaluru",33,0.13,0.0009
2026-05-09 18:35:02,54,"Arakere, Bengaluru",33,0.13,0.0009
2026-05-09 18:34:50,54,"Arakere, Bengaluru",33,0.13,0.0009
2026-05-09 18:34:38,56,"Arakere, Bengaluru",34,0.13,0.0009
2026-05-09 18:34:26,54,"Arakere, Bengaluru",33,0.13,0.0009
2026-05-09 18:34:14,54,"Arakere, Bengaluru",33,0.13,0.0009
2026-05-09 18:34:01,57,"Arakere, Bengaluru",35,0.13,0.0009
2026-05-09 18:33:50,56,"Arakere, Bengaluru",34,0.13,0.0009
2026-05-09 18:33:38,56,"Arakere, Bengaluru",34,0.13,0.0009
2026-05-09 18:33:26,56,"Arakere, Bengaluru",34,0.13,0.0009
2026-05-09 18:33:14,54,"Arakere, Bengaluru",33,0.13,0.0009
2026-05-09 18:33:02,56,"Arakere, Bengaluru",34,0.13,0.0009
2026-05-09 18:32:50,56,"Arakere, Bengaluru",34,0.13,0.0009
2026-05-09 18:32:38,56,"Arakere, Bengaluru",34,0.13,0.0009
2026-05-09 18:32:26,54,"Arakere, Bengaluru",33,0.12,0.0009
2026-05-09 18:32:14,57,"Arakere, Bengaluru",35,0.12,0.0009
2026-05-09 18:32:02,59,"Arakere, Bengaluru",36,0.12,0.0010
2026-05-09 18:31:50,61,"Arakere, Bengaluru",37,0.12,0.0010
2026-05-09 18:31:38,62,"Arakere, Bengaluru",38,0.12,0.0011
2026-05-09 18:31:26,61,"Arakere, Bengaluru",37,0.13,0.0010
2026-05-09 18:31:14,62,"Arakere, Bengaluru",38,0.13,0.0011
2026-05-09 18:31:02,67,"Arakere, Bengaluru",41,0.13,0.0012
2026-05-09 18:30:50,59,"Arakere, Bengaluru",36,0.13,0.0010
2026-05-09 18:30:38,59,"Arakere, Bengaluru",36,0.13,0.0010
2026-05-09 18:30:26,59,"Arakere, Bengaluru",36,0.13,0.0010
2026-05-09 18:30:14,59,"Arakere, Bengaluru",36,0.13,0.0010
2026-05-09 18:30:02,57,"Arakere, Bengaluru",35,0.13,0.0009
2026-05-09 18:29:51,57,"Arakere, Bengaluru",35,0.13,0.0009
2026-05-09 18:29:50,57,"Arakere, Bengaluru",35,0.13,0.0009
2026-05-09 18:29:38,62,"Arakere, Bengaluru",38,0.13,0.0011
2026-05-09 18:29:26,57,"Arakere, Bengaluru",35,0.13,0.0009
2026-05-09 18:29:14,59,"Arakere, Bengaluru",36,0.13,0.0010
2026-05-09 18:29:02,57,"Arakere, Bengaluru",35,0.13,0.0009
2026-05-09 18:28:50,52,"Arakere, Bengaluru",32,0.13,0.0008
2026-05-09 18:28:38,57,"Arakere, Bengaluru",35,0.13,0.0009
2026-05-09 18:28:26,57,"Arakere, Bengaluru",35,0.12,0.0009
2026-05-09 18:28:14,57,"Arakere, Bengaluru",35,0.12,0.0009
2026-05-09 18:28:02,57,"Arakere, Bengaluru",35,0.12,0.0009
2026-05-09 18:27:50,57,"Arakere, Bengaluru",35,0.12,0.0009
2026-05-09 18:27:38,54,"Arakere, Bengaluru",33,0.12,0.0009
2026-05-09 18:27:26,54,"Arakere, Bengaluru",33,0.12,0.0009
2026-05-09 18:27:14,54,"Arakere, Bengaluru",33,0.12,0.0009
2026-05-09 18:27:02,52,"Arakere, Bengaluru",32,0.12,0.0008
2026-05-09 18:26:50,52,"Arakere, Bengaluru",32,0.12,0.0008
2026-05-09 18:26:38,54,"Arakere, Bengaluru",33,0.12,0.0009
2026-05-09 18:26:26,52,"Arakere, Bengaluru",32,0.13,0.0008
2026-05-09 18:26:14,52,"Arakere, Bengaluru",32,0.13,0.0008
2026-05-09 18:26:02,52,"Arakere, Bengaluru",32,0.13,0.0008
2026-05-09 18:25:50,54,"Arakere, Bengaluru",33,0.13,0.0009
2026-05-09 18:25:38,54,"Arakere, Bengaluru",33,0.13,0.0009
2026-05-09 18:25:26,54,"Arakere, Bengaluru",33,0.13,0.0009
2026-05-09 18:25:14,52,"Arakere, Bengaluru",32,0.13,0.0008
2026-05-09 18:25:02,52,"Arakere, Bengaluru",32,0.13,0.0008
2026-05-09 18:24:50,52,"Arakere, Bengaluru",32,0.13,0.0008
2026-05-09 18:24:39,56,"Arakere, Bengaluru",34,0.13,0.0009
2026-05-09 18:24:39,56,"Arakere, Bengaluru",34,0.13,0.0009
2026-05-09 18:24:39,56,"Arakere, Bengaluru",34,0.13,0.0009
2026-05-09 18:24:38,56,"Arakere, Bengaluru",34,0.13,0.0009
2026-05-09 18:24:26,52,"Arakere, Bengaluru",32,0.13,0.0008
2026-05-09 18:24:14,56,"Arakere, Bengaluru",34,0.13,0.0009
2026-05-09 18:24:02,54,"Arakere, Bengaluru",33,0.13,0.0009
2026-05-09 18:23:50,54,"Arakere, Bengaluru",33,0.13,0.0009
2026-05-09 18:23:38,56,"Arakere, Bengaluru",34,0.13,0.0009
2026-05-09 18:23:26,57,"Arakere, Bengaluru",35,0.12,0.0009
2026-05-09 18:23:14,57,"Arakere, Bengaluru",35,0.12,0.0009
2026-05-09 18:23:02,57,"Arakere, Bengaluru",35,0.12,0.0009
2026-05-09 18:22:50,57,"Arakere, Bengaluru",35,0.12,0.0009
2026-05-09 18:22:38,57,"Arakere, Bengaluru",35,0.12,0.0009
2026-05-09 18:22:26,56,"Arakere, Bengaluru",34,0.12,0.0009
2026-05-09 18:22:14,57,"Arakere, Bengaluru",35,0.12,0.0009
2026-05-09 18:22:02,57,"Arakere, Bengaluru",35,0.12,0.0009
2026-05-09 18:21:50,57,"Arakere, Bengaluru",35,0.12,0.0009
2026-05-09 18:21:38,57,"Arakere, Bengaluru",35,0.12,0.0009
2026-05-09 18:21:26,57,"Arakere, Bengaluru",35,0.13,0.0009
2026-05-09 18:21:14,57,"Arakere, Bengaluru",35,0.13,0.0009
2026-05-09 18:21:02,57,"Arakere, Bengaluru",35,0.13,0.0009
2026-05-09 18:20:50,57,"Arakere, Bengaluru",35,0.13,0.0009
2026-05-09 18:20:38,61,"Arakere, Bengaluru",37,0.13,0.0010
2026-05-09 18:20:26,59,"Arakere, Bengaluru",36,0.13,0.0010
2026-05-09 18:20:14,59,"Arakere, Bengaluru",36,0.13,0.0010
2026-05-09 18:20:02,57,"Arakere, Bengaluru",35,0.13,0.0009
2026-05-09 18:19:50,57,"Arakere, Bengaluru",35,0.13,0.0009
2026-05-09 18:19:38,59,"Arakere, Bengaluru",36,0.13,0.0010
2026-05-09 18:19:27,57,"Arakere, Bengaluru",35,0.12,0.0009
2026-05-09 18:19:27,57,"Arakere, Bengaluru",35,0.12,0.0009
2026-05-09 18:19:27,57,"Arakere, Bengaluru",35,0.12,0.0009
2026-05-09 18:19:26,57,"Arakere, Bengaluru",35,0.12,0.0009
2026-05-09 18:19:14,62,"Arakere, Bengaluru",38,0.12,0.0011
2026-05-09 18:19:02,67,"Arakere, Bengaluru",41,0.12,0.0012
2026-05-09 18:18:50,71,"Arakere, Bengaluru",43,0.12,0.0013
2026-05-09 18:18:38,76,"Arakere, Bengaluru",46,0.12,0.0014
2026-05-09 18:18:29,66,"Arakere, Bengaluru",40,0.12,0.0011
2026-05-09 18:18:17,57,"Arakere, Bengaluru",35,0.13,0.0009
2026-05-09 18:18:05,61,"Arakere, Bengaluru",37,0.13,0.0010
2026-05-09 18:17:53,64,"Arakere, Bengaluru",39,0.13,0.0011
2026-05-09 18:17:41,67,"Arakere, Bengaluru",41,0.13,0.0012
2026-05-09 18:17:29,67,"Arakere, Bengaluru",41,0.13,0.0012
2026-05-09 18:17:17,69,"Arakere, Bengaluru",42,0.13,0.0012
2026-05-09 18:17:05,67,"Arakere, Bengaluru",41,0.13,0.0012
2026-05-09 18:16:53,64,"Arakere, Bengaluru",39,0.13,0.0011
2026-05-09 18:16:41,61,"Arakere, Bengaluru",37,0.13,0.0010
2026-05-09 18:16:29,62,"Arakere, Bengaluru",38,0.13,0.0011
2026-05-09 18:16:17,64,"Arakere, Bengaluru",39,0.13,0.0011
2026-05-09 18:16:05,62,"Arakere, Bengaluru",38,0.13,0.0011
2026-05-09 18:15:53,59,"Arakere, Bengaluru",36,0.13,0.0010
2026-05-09 18:15:41,64,"Arakere, Bengaluru",39,0.13,0.0011
2026-05-09 18:15:29,59,"Arakere, Bengaluru",36,0.13,0.0010
2026-05-09 18:15:17,57,"Arakere, Bengaluru",35,0.13,0.0009
2026-05-09 18:15:05,56,"Arakere, Bengaluru",34,0.13,0.0009
2026-05-09 18:14:53,52,"Arakere, Bengaluru",32,0.13,0.0008
2026-05-09 18:14:41,52,"Arakere, Bengaluru",32,0.13,0.0008
2026-05-09 18:14:29,52,"Arakere, Bengaluru",32,0.13,0.0008
2026-05-09 18:14:18,51,"Arakere, Bengaluru",31,0.13,0.0008
2026-05-09 18:14:18,51,"Arakere, Bengaluru",31,0.13,0.0008
2026-05-09 18:14:18,51,"Arakere, Bengaluru",31,0.13,0.0008
2026-05-09 18:14:17,51,"Arakere, Bengaluru",31,0.13,0.0008
2026-05-09 18:14:05,48,"Arakere, Bengaluru",29,0.13,0.0007
2026-05-09 18:13:53,50,"Arakere, Bengaluru",30,0.13,0.0008
2026-05-09 18:13:41,52,"Arakere, Bengaluru",32,0.13,0.0008
2026-05-09 18:13:29,51,"Arakere, Bengaluru",31,0.13,0.0008
2026-05-09 18:13:17,51,"Arakere, Bengaluru",31,0.13,0.0008
2026-05-09 18:13:05,50,"Arakere, Bengaluru",30,0.13,0.0008
2026-05-09 18:12:53,51,"Arakere, Bengaluru",31,0.13,0.0008
2026-05-09 18:12:41,51,"Arakere, Bengaluru",31,0.13,0.0008
2026-05-09 18:12:29,51,"Arakere, Bengaluru",31,0.13,0.0008
2026-05-09 18:12:17,51,"Arakere, Bengaluru",31,0.13,0.0008
2026-05-09 18:12:05,54,"Arakere, Bengaluru",33,0.13,0.0009
2026-05-09 18:11:53,51,"Arakere, Bengaluru",31,0.13,0.0008
2026-05-09 18:11:41,52,"Arakere, Bengaluru",32,0.13,0.0008
2026-05-09 18:11:29,52,"Arakere, Bengaluru",32,0.13,0.0008
2026-05-09 18:11:17,52,"Arakere, Bengaluru",32,0.13,0.0008
2026-05-09 18:11:05,52,"Arakere, Bengaluru",32,0.13,0.0008
2026-05-09 18:10:53,51,"Arakere, Bengaluru",31,0.13,0.0008
2026-05-09 18:10:41,54,"Arakere, Bengaluru",33,0.13,0.0009
2026-05-09 18:10:29,52,"Arakere, Bengaluru",32,0.13,0.0008
2026-05-09 18:10:17,50,"Arakere, Bengaluru",30,0.13,0.0008
2026-05-09 18:10:05,50,"Arakere, Bengaluru",30,0.13,0.0008
2026-05-09 18:09:53,52,"Arakere, Bengaluru",32,0.13,0.0008
2026-05-09 18:09:41,51,"Arakere, Bengaluru",31,0.13,0.0008
2026-05-09 18:09:29,51,"Arakere, Bengaluru",31,0.13,0.0008
2026-05-09 18:09:17,52,"Arakere, Bengaluru",32,0.12,0.0008
2026-05-09 18:09:05,51,"Arakere, Bengaluru",31,0.12,0.0008
2026-05-09 18:09:05,51,"Arakere, Bengaluru",31,0.12,0.0008
2026-05-09 18:09:05,51,"Arakere, Bengaluru",31,0.12,0.0008
2026-05-09 18:09:05,51,"Arakere, Bengaluru",31,0.12,0.0008
2026-05-09 18:08:53,51,"Arakere, Bengaluru",31,0.12,0.0008
2026-05-09 18:08:41,51,"Arakere, Bengaluru",31,0.12,0.0008
2026-05-09 18:08:29,51,"Arakere, Bengaluru",31,0.12,0.0008
2026-05-09 18:08:17,50,"Arakere, Bengaluru",30,0.13,0.0008
2026-05-09 18:08:05,51,"Arakere, Bengaluru",31,0.13,0.0008
2026-05-09 18:07:53,52,"Arakere, Bengaluru",32,0.13,0.0008
2026-05-09 18:07:41,54,"Arakere, Bengaluru",33,0.13,0.0009
2026-05-09 18:07:29,54,"Arakere, Bengaluru",33,0.13,0.0009
2026-05-09 18:07:17,54,"Arakere, Bengaluru",33,0.13,0.0009
2026-05-09 18:07:05,56,"Arakere, Bengaluru",34,0.13,0.0009
2026-05-09 18:06:53,56,"Arakere, Bengaluru",34,0.13,0.0009
2026-05-09 18:06:41,59,"Arakere, Bengaluru",36,0.13,0.0010
2026-05-09 18:06:29,59,"Arakere, Bengaluru",36,0.13,0.0010
2026-05-09 18:06:17,56,"Arakere, Bengaluru",34,0.13,0.0009
2026-05-09 18:06:05,54,"Arakere, Bengaluru",33,0.13,0.0009
2026-05-09 18:05:53,54,"Arakere, Bengaluru",33,0.13,0.0009
2026-05-09 18:05:41,54,"Arakere, Bengaluru",33,0.13,0.0009
2026-05-09 18:05:29,51,"Arakere, Bengaluru",31,0.13,0.0008
2026-05-09 18:05:17,52,"Arakere, Bengaluru",32,0.12,0.0008
2026-05-09 18:05:05,54,"Arakere, Bengaluru",33,0.12,0.0009
2026-05-09 18:04:53,52,"Arakere, Bengaluru",32,0.12,0.0008
2026-05-09 18:04:41,51,"Arakere, Bengaluru",31,0.12,0.0008
2026-05-09 18:04:29,52,"Arakere, Bengaluru",32,0.12,0.0008
2026-05-09 18:04:17,51,"Arakere, Bengaluru",31,0.12,0.0008
2026-05-09 18:04:05,52,"Arakere, Bengaluru",32,0.12,0.0008
2026-05-09 18:03:54,54,"Arakere, Bengaluru",33,0.12,0.0009
2026-05-09 18:03:54,54,"Arakere, Bengaluru",33,0.12,0.0009
2026-05-09 18:03:54,54,"Arakere, Bengaluru",33,0.12,0.0009
2026-05-09 18:03:54,54,"Arakere, Bengaluru",33,0.12,0.0009
2026-05-09 18:03:53,54,"Arakere, Bengaluru",33,0.12,0.0009
2026-05-09 18:03:41,54,"Arakere, Bengaluru",33,0.12,0.0009
2026-05-09 18:03:29,51,"Arakere, Bengaluru",31,0.12,0.0008
2026-05-09 18:03:17,48,"Arakere, Bengaluru",29,0.13,0.0007
2026-05-09 18:03:05,50,"Arakere, Bengaluru",30,0.13,0.0008
2026-05-09 18:02:53,51,"Arakere, Bengaluru",31,0.13,0.0008
2026-05-09 18:02:41,52,"Arakere, Bengaluru",32,0.13,0.0008
2026-05-09 18:02:29,52,"Arakere, Bengaluru",32,0.13,0.0008
2026-05-09 18:02:17,52,"Arakere, Bengaluru",32,0.13,0.0008
2026-05-09 18:02:05,51,"Arakere, Bengaluru",31,0.13,0.0008
2026-05-09 18:01:53,51,"Arakere, Bengaluru",31,0.13,0.0008
2026-05-09 18:01:41,52,"Arakere, Bengaluru",32,0.13,0.0008
2026-05-09 18:01:29,52,"Arakere, Bengaluru",32,0.13,0.0008
2026-05-09 18:01:17,51,"Arakere, Bengaluru",31,0.12,0.0008
2026-05-09 18:01:05,52,"Arakere, Bengaluru",32,0.12,0.0008
2026-05-09 18:00:53,50,"Arakere, Bengaluru",30,0.12,0.0008
2026-05-09 18:00:41,50,"Arakere, Bengaluru",30,0.12,0.0008
2026-05-09 18:00:29,52,"Arakere, Bengaluru",32,0.12,0.0008
2026-05-09 18:00:17,52,"Arakere, Bengaluru",32,0.12,0.0008
2026-05-09 18:00:05,54,"Arakere, Bengaluru",33,0.12,0.0009
2026-05-09 17:59:53,52,"Arakere, Bengaluru",32,0.12,0.0008
2026-05-09 17:59:41,51,"Arakere, Bengaluru",31,0.12,0.0008
2026-05-09 17:59:29,52,"Arakere, Bengaluru",32,0.12,0.0008
2026-05-09 17:59:17,52,"Arakere, Bengaluru",32,0.12,0.0008
2026-05-09 17:59:05,52,"Arakere, Bengaluru",32,0.12,0.0008
2026-05-09 17:58:53,54,"Arakere, Bengaluru",33,0.12,0.0009
2026-05-09 17:58:42,52,"Arakere, Bengaluru",32,0.12,0.0008
2026-05-09 17:58:42,52,"Arakere, Bengaluru",32,0.12,0.0008
2026-05-09 17:58:42,52,"Arakere, Bengaluru",32,0.12,0.0008
2026-05-09 17:58:41,52,"Arakere, Bengaluru",32,0.12,0.0008
2026-05-09 17:58:29,52,"Arakere, Bengaluru",32,0.12,0.0008
2026-05-09 17:58:17,56,"Arakere, Bengaluru",34,0.12,0.0009
2026-05-09 17:58:05,52,"Arakere, Bengaluru",32,0.12,0.0008
2026-05-09 17:57:53,52,"Arakere, Bengaluru",32,0.12,0.0008
2026-05-09 17:57:41,51,"Arakere, Bengaluru",31,0.12,0.0008
2026-05-09 17:57:29,54,"Arakere, Bengaluru",33,0.12,0.0009
2026-05-09 17:57:17,52,"Arakere, Bengaluru",32,0.12,0.0008
2026-05-09 17:57:05,52,"Arakere, Bengaluru",32,0.12,0.0008
2026-05-09 17:56:53,52,"Arakere, Bengaluru",32,0.12,0.0008
2026-05-09 17:56:41,52,"Arakere, Bengaluru",32,0.12,0.0008
2026-05-09 17:56:29,51,"Arakere, Bengaluru",31,0.12,0.0008
2026-05-09 17:56:17,54,"Arakere, Bengaluru",33,0.12,0.0009
2026-05-09 17:56:05,54,"Arakere, Bengaluru",33,0.12,0.0009
2026-05-09 17:55:53,52,"Arakere, Bengaluru",32,0.12,0.0008
2026-05-09 17:55:41,54,"Arakere, Bengaluru",33,0.12,0.0009
2026-05-09 17:55:29,54,"Arakere, Bengaluru",33,0.12,0.0009
2026-05-09 17:55:17,54,"Arakere, Bengaluru",33,0.12,0.0009
2026-05-09 17:55:05,52,"Arakere, Bengaluru",32,0.12,0.0008
2026-05-09 17:54:53,52,"Arakere, Bengaluru",32,0.12,0.0008
2026-05-09 17:54:41,52,"Arakere, Bengaluru",32,0.12,0.0008
2026-05-09 17:54:29,54,"Arakere, Bengaluru",33,0.12,0.0009
2026-05-09 17:54:17,52,"Arakere, Bengaluru",32,0.12,0.0008
2026-05-09 17:54:05,56,"Arakere, Bengaluru",34,0.12,0.0009
2026-05-09 17:53:53,56,"Arakere, Bengaluru",34,0.12,0.0009
2026-05-09 17:53:41,52,"Arakere, Bengaluru",32,0.12,0.0008
2026-05-09 17:53:30,52,"Arakere, Bengaluru",32,0.12,0.0008
2026-05-09 17:53:30,52,"Arakere, Bengaluru",32,0.12,0.0008
2026-05-09 17:53:29,52,"Arakere, Bengaluru",32,0.12,0.0008
2026-05-09 17:53:17,54,"Arakere, Bengaluru",33,0.13,0.0009
2026-05-09 17:53:05,52,"Arakere, Bengaluru",32,0.13,0.0008
2026-05-09 17:52:53,52,"Arakere, Bengaluru",32,0.13,0.0008
2026-05-09 17:52:41,54,"Arakere, Bengaluru",33,0.13,0.0009
2026-05-09 17:52:29,54,"Arakere, Bengaluru",33,0.13,0.0009
2026-05-09 17:52:17,54,"Arakere, Bengaluru",33,0.12,0.0009
2026-05-09 17:52:05,56,"Arakere, Bengaluru",34,0.12,0.0009
2026-05-09 17:51:53,56,"Arakere, Bengaluru",34,0.12,0.0009
2026-05-09 17:51:41,57,"Arakere, Bengaluru",35,0.12,0.0009
2026-05-09 17:51:29,52,"Arakere, Bengaluru",32,0.12,0.0008
2026-05-09 17:51:17,52,"Arakere, Bengaluru",32,0.12,0.0008
2026-05-09 17:51:05,54,"Arakere, Bengaluru",33,0.12,0.0009
2026-05-09 17:50:53,54,"Arakere, Bengaluru",33,0.12,0.0009
2026-05-09 17:50:41,54,"Arakere, Bengaluru",33,0.12,0.0009
2026-05-09 17:50:29,57,"Arakere, Bengaluru",35,0.12,0.0009
2026-05-09 17:50:17,57,"Arakere, Bengaluru",35,0.12,0.0009
2026-05-09 17:50:05,54,"Arakere, Bengaluru",33,0.12,0.0009
2026-05-09 17:49:53,57,"Arakere, Bengaluru",35,0.12,0.0009
2026-05-09 17:49:41,57,"Arakere, Bengaluru",35,0.12,0.0009
2026-05-09 17:49:29,56,"Arakere, Bengaluru",34,0.12,0.0009
2026-05-09 17:49:17,57,"Arakere, Bengaluru",35,0.12,0.0009
2026-05-09 17:49:05,56,"Arakere, Bengaluru",34,0.12,0.0009
2026-05-09 17:48:53,57,"Arakere, Bengaluru",35,0.12,0.0009
2026-05-09 17:48:41,57,"Arakere, Bengaluru",35,0.12,0.0009
2026-05-09 17:48:29,56,"Arakere, Bengaluru",34,0.12,0.0009
2026-05-09 17:48:18,54,"Arakere, Bengaluru",33,0.12,0.0009
2026-05-09 17:48:18,54,"Arakere, Bengaluru",33,0.12,0.0009
2026-05-09 17:48:18,54,"Arakere, Bengaluru",33,0.12,0.0009
2026-05-09 17:48:18,54,"Arakere, Bengaluru",33,0.12,0.0009
2026-05-09 17:48:17,54,"Arakere, Bengaluru",33,0.12,0.0009
2026-05-09 17:48:05,51,"Arakere, Bengaluru",31,0.12,0.0008
2026-05-09 17:47:53,52,"Arakere, Bengaluru",32,0.12,0.0008
2026-05-09 17:47:41,51,"Arakere, Bengaluru",31,0.12,0.0008
2026-05-09 17:47:29,51,"Arakere, Bengaluru",31,0.12,0.0008
2026-05-09 17:47:17,52,"Arakere, Bengaluru",32,0.12,0.0008
2026-05-09 17:47:05,54,"Arakere, Bengaluru",33,0.12,0.0009
2026-05-09 17:46:53,52,"Arakere, Bengaluru",32,0.12,0.0008
2026-05-09 17:46:41,52,"Arakere, Bengaluru",32,0.12,0.0008
2026-05-09 17:46:29,56,"Arakere, Bengaluru",34,0.12,0.0009
2026-05-09 17:46:17,56,"Arakere, Bengaluru",34,0.12,0.0009
2026-05-09 17:46:05,57,"Arakere, Bengaluru",35,0.12,0.0009
2026-05-09 17:45:53,54,"Arakere, Bengaluru",33,0.12,0.0009
2026-05-09 17:45:41,51,"Arakere, Bengaluru",31,0.12,0.0008
2026-05-09 17:45:29,52,"Arakere, Bengaluru",32,0.12,0.0008
2026-05-09 17:45:17,54,"Arakere, Bengaluru",33,0.12,0.0009
2026-05-09 17:45:05,52,"Arakere, Bengaluru",32,0.12,0.0008
2026-05-09 17:44:53,52,"Arakere, Bengaluru",32,0.12,0.0008
2026-05-09 17:44:41,52,"Arakere, Bengaluru",32,0.12,0.0008
2026-05-09 17:44:29,52,"Arakere, Bengaluru",32,0.12,0.0008
2026-05-09 17:44:17,52,"Arakere, Bengaluru",32,0.12,0.0008
2026-05-09 17:44:05,51,"Arakere, Bengaluru",31,0.12,0.0008
2026-05-09 17:43:53,51,"Arakere, Bengaluru",31,0.12,0.0008
2026-05-09 17:43:41,52,"Arakere, Bengaluru",32,0.12,0.0008
2026-05-09 17:43:29,51,"Arakere, Bengaluru",31,0.12,0.0008
2026-05-09 17:43:17,50,"Arakere, Bengaluru",30,0.12,0.0008
2026-05-09 17:43:06,51,"Arakere, Bengaluru",31,0.12,0.0008
2026-05-09 17:43:05,51,"Arakere, Bengaluru",31,0.12,0.0008
2026-05-09 17:42:53,51,"Arakere, Bengaluru",31,0.12,0.0008
2026-05-09 17:42:41,50,"Arakere, Bengaluru",30,0.12,0.0008
2026-05-09 17:42:29,51,"Arakere, Bengaluru",31,0.12,0.0008
2026-05-09 17:42:17,50,"Arakere, Bengaluru",30,0.12,0.0008
2026-05-09 17:42:05,51,"Arakere, Bengaluru",31,0.12,0.0008
2026-05-09 17:41:53,48,"Arakere, Bengaluru",29,0.12,0.0007
2026-05-09 17:41:41,51,"Arakere, Bengaluru",31,0.12,0.0008
2026-05-09 17:41:29,51,"Arakere, Bengaluru",31,0.12,0.0008
2026-05-09 17:41:17,51,"Arakere, Bengaluru",31,0.12,0.0008
2026-05-09 17:41:05,51,"Arakere, Bengaluru",31,0.12,0.0008
2026-05-09 17:40:53,48,"Arakere, Bengaluru",29,0.12,0.0007
2026-05-09 17:40:41,50,"Arakere, Bengaluru",30,0.12,0.0008
2026-05-09 17:40:29,48,"Arakere, Bengaluru",29,0.12,0.0007
2026-05-09 17:40:17,50,"Arakere, Bengaluru",30,0.12,0.0008
2026-05-09 17:40:05,51,"Arakere, Bengaluru",31,0.12,0.0008
2026-05-09 17:39:53,52,"Arakere, Bengaluru",32,0.12,0.0008
2026-05-09 17:39:41,51,"Arakere, Bengaluru",31,0.12,0.0008
2026-05-09 17:39:29,52,"Arakere, Bengaluru",32,0.12,0.0008
2026-05-09 17:39:17,51,"Arakere, Bengaluru",31,0.12,0.0008
2026-05-09 17:39:05,50,"Arakere, Bengaluru",30,0.12,0.0008
2026-05-09 17:38:53,48,"Arakere, Bengaluru",29,0.12,0.0007
2026-05-09 17:38:41,48,"Arakere, Bengaluru",29,0.12,0.0007
2026-05-09 17:38:29,48,"Arakere, Bengaluru",29,0.12,0.0007
2026-05-09 17:38:17,48,"Arakere, Bengaluru",29,0.12,0.0007
2026-05-09 17:38:05,46,"Arakere, Bengaluru",28,0.12,0.0007
2026-05-09 17:37:54,45,"Arakere, Bengaluru",27,0.12,0.0006
2026-05-09 17:37:54,45,"Arakere, Bengaluru",27,0.12,0.0006
2026-05-09 17:37:54,45,"Arakere, Bengaluru",27,0.12,0.0006
2026-05-09 17:37:53,45,"Arakere, Bengaluru",27,0.12,0.0006
2026-05-09 17:37:41,43,"Arakere, Bengaluru",26,0.12,0.0006
2026-05-09 17:37:29,46,"Arakere, Bengaluru",28,0.12,0.0007
2026-05-09 17:37:17,48,"Arakere, Bengaluru",29,0.12,0.0007
2026-05-09 17:37:05,46,"Arakere, Bengaluru",28,0.12,0.0007
2026-05-09 17:36:53,45,"Arakere, Bengaluru",27,0.12,0.0006
2026-05-09 17:36:41,45,"Arakere, Bengaluru",27,0.12,0.0006
2026-05-09 17:36:29,48,"Arakere, Bengaluru",29,0.12,0.0007
2026-05-09 17:36:17,48,"Arakere, Bengaluru",29,0.12,0.0007
2026-05-09 17:36:05,50,"Arakere, Bengaluru",30,0.12,0.0008
2026-05-09 17:35:53,46,"Arakere, Bengaluru",28,0.12,0.0007
2026-05-09 17:35:41,45,"Arakere, Bengaluru",27,0.12,0.0006
2026-05-09 17:35:29,46,"Arakere, Bengaluru",28,0.12,0.0007
2026-05-09 17:35:17,48,"Arakere, Bengaluru",29,0.12,0.0007
2026-05-09 17:35:05,46,"Arakere, Bengaluru",28,0.12,0.0007
2026-05-09 17:34:53,48,"Arakere, Bengaluru",29,0.12,0.0007
2026-05-09 17:34:41,48,"Arakere, Bengaluru",29,0.12,0.0007
2026-05-09 17:34:29,46,"Arakere, Bengaluru",28,0.12,0.0007
2026-05-09 17:34:17,45,"Arakere, Bengaluru",27,0.12,0.0006
2026-05-09 17:34:05,45,"Arakere, Bengaluru",27,0.12,0.0006
2026-05-09 17:33:53,45,"Arakere, Bengaluru",27,0.12,0.0006
2026-05-09 17:33:41,46,"Arakere, Bengaluru",28,0.12,0.0007
2026-05-09 17:33:29,45,"Arakere, Bengaluru",27,0.12,0.0006
2026-05-09 17:33:17,45,"Arakere, Bengaluru",27,0.12,0.0006
2026-05-09 17:33:05,41,"Arakere, Bengaluru",25,0.12,0.0006
2026-05-09 17:32:53,43,"Arakere, Bengaluru",26,0.12,0.0006
2026-05-09 17:32:42,41,"Arakere, Bengaluru",25,0.12,0.0006
2026-05-09 17:32:42,41,"Arakere, Bengaluru",25,0.12,0.0006
2026-05-09 17:32:42,41,"Arakere, Bengaluru",25,0.12,0.0006
2026-05-09 17:32:41,41,"Arakere, Bengaluru",25,0.12,0.0006
2026-05-09 17:32:29,43,"Arakere, Bengaluru",26,0.12,0.0006
2026-05-09 17:32:17,43,"Arakere, Bengaluru",26,0.12,0.0006
2026-05-09 17:32:05,43,"Arakere, Bengaluru",26,0.12,0.0006
2026-05-09 17:31:53,41,"Arakere, Bengaluru",25,0.12,0.0006
2026-05-09 17:31:41,40,"Arakere, Bengaluru",24,0.12,0.0005
2026-05-09 17:31:29,45,"Arakere, Bengaluru",27,0.12,0.0006
2026-05-09 17:31:17,45,"Arakere, Bengaluru",27,0.12,0.0006
2026-05-09 17:31:05,43,"Arakere, Bengaluru",26,0.12,0.0006
2026-05-09 17:30:53,45,"Arakere, Bengaluru",27,0.12,0.0006
2026-05-09 17:30:41,46,"Arakere, Bengaluru",28,0.12,0.0007
2026-05-09 17:30:29,43,"Arakere, Bengaluru",26,0.12,0.0006
2026-05-09 17:30:17,43,"Arakere, Bengaluru",26,0.12,0.0006
2026-05-09 17:30:05,43,"Arakere, Bengaluru",26,0.12,0.0006
2026-05-09 17:29:53,41,"Arakere, Bengaluru",25,0.12,0.0006
2026-05-09 17:29:41,41,"Arakere, Bengaluru",25,0.12,0.0006
2026-05-09 17:29:29,41,"Arakere, Bengaluru",25,0.12,0.0006
2026-05-09 17:29:17,41,"Arakere, Bengaluru",25,0.12,0.0006
2026-05-09 17:29:05,36,"Arakere, Bengaluru",22,0.12,0.0005
2026-05-09 17:28:53,38,"Arakere, Bengaluru",23,0.12,0.0005
2026-05-09 17:28:41,36,"Arakere, Bengaluru",22,0.12,0.0005
2026-05-09 17:28:29,38,"Arakere, Bengaluru",23,0.12,0.0005
2026-05-09 17:28:17,36,"Arakere, Bengaluru",22,0.11,0.0005
2026-05-09 17:28:05,30,"Arakere, Bengaluru",18,0.11,0.0003
2026-05-09 17:27:53,26,"Arakere, Bengaluru",16,0.11,0.0002
2026-05-09 17:27:41,24,"Arakere, Bengaluru",9,0.11,0.0000
2026-05-09 17:27:29,24,"Arakere, Bengaluru",11,0.11,0.0000
2026-05-09 17:27:29,24,"Arakere, Bengaluru",11,0.11,0.0000
2026-05-09 17:27:29,24,"Arakere, Bengaluru",11,0.11,0.0000
2026-05-09 17:27:29,24,"Arakere, Bengaluru",11,0.11,0.0000
2026-05-09 17:27:17,24,"Arakere, Bengaluru",11,0.12,0.0000
2026-05-09 17:27:05,24,"Arakere, Bengaluru",9,0.12,0.0000
2026-05-09 17:26:53,24,"Arakere, Bengaluru",10,0.12,0.0000
2026-05-09 17:26:41,24,"Arakere, Bengaluru",8,0.12,0.0000
2026-05-09 17:26:29,24,"Arakere, Bengaluru",8,0.12,0.0000
2026-05-09 17:26:17,24,"Arakere, Bengaluru",7,0.12,0.0000
2026-05-09 17:26:05,24,"Arakere, Bengaluru",7,0.12,0.0000
2026-05-09 17:25:53,24,"Arakere, Bengaluru",9,0.12,0.0000
2026-05-09 17:25:41,24,"Arakere, Bengaluru",11,0.12,0.0000
2026-05-09 17:25:29,24,"Arakere, Bengaluru",9,0.12,0.0000
2026-05-09 17:25:17,24,"Arakere, Bengaluru",8,0.12,0.0000
2026-05-09 17:25:05,24,"Arakere, Bengaluru",10,0.12,0.0000
2026-05-09 17:24:53,24,"Arakere, Bengaluru",9,0.12,0.0000
2026-05-09 17:24:41,24,"Arakere, Bengaluru",7,0.12,0.0000
2026-05-09 17:24:29,24,"Arakere, Bengaluru",9,0.12,0.0000
2026-05-09 17:24:17,24,"Arakere, Bengaluru",8,0.11,0.0000
2026-05-09 17:24:05,24,"Arakere, Bengaluru",11,0.11,0.0000
2026-05-09 17:23:53,24,"Arakere, Bengaluru",10,0.11,0.0000
2026-05-09 17:23:41,24,"Arakere, Bengaluru",9,0.11,0.0000
2026-05-09 17:23:29,24,"Arakere, Bengaluru",7,0.11,0.0000
2026-05-09 17:23:17,24,"Arakere, Bengaluru",8,0.11,0.0000
2026-05-09 17:23:05,24,"Arakere, Bengaluru",10,0.11,0.0000
2026-05-09 17:22:53,24,"Arakere, Bengaluru",9,0.11,0.0000
2026-05-09 17:22:41,24,"Arakere, Bengaluru",9,0.11,0.0000
2026-05-09 17:22:29,24,"Arakere, Bengaluru",9,0.11,0.0000
2026-05-09 17:22:18,24,"Arakere, Bengaluru",8,0.12,0.0000
2026-05-09 17:22:18,24,"Arakere, Bengaluru",8,0.12,0.0000
2026-05-09 17:22:18,24,"Arakere, Bengaluru",8,0.12,0.0000
2026-05-09 17:22:17,24,"Arakere, Bengaluru",8,0.12,0.0000
2026-05-09 17:22:05,24,"Arakere, Bengaluru",6,0.12,0.0000
2026-05-09 17:21:53,24,"Arakere, Bengaluru",8,0.12,0.0000
2026-05-09 17:21:41,24,"Arakere, Bengaluru",7,0.12,0.0000
2026-05-09 17:21:29,24,"Arakere, Bengaluru",9,0.12,0.0000
2026-05-09 17:21:17,24,"Arakere, Bengaluru",8,0.11,0.0000
2026-05-09 17:21:05,24,"Arakere, Bengaluru",9,0.11,0.0000
2026-05-09 17:20:53,24,"Arakere, Bengaluru",7,0.11,0.0000
2026-05-09 17:20:41,24,"Arakere, Bengaluru",8,0.11,0.0000
2026-05-09 17:20:29,24,"Arakere, Bengaluru",7,0.11,0.0000
2026-05-09 17:20:17,24,"Arakere, Bengaluru",11,0.11,0.0000
2026-05-09 17:20:05,24,"Arakere, Bengaluru",11,0.11,0.0000
2026-05-09 17:19:53,24,"Arakere, Bengaluru",10,0.11,0.0000
2026-05-09 17:19:41,24,"Arakere, Bengaluru",9,0.11,0.0000
2026-05-09 17:19:29,24,"Arakere, Bengaluru",8,0.11,0.0000
2026-05-09 17:19:17,24,"Arakere, Bengaluru",8,0.11,0.0000
2026-05-09 17:19:05,24,"Arakere, Bengaluru",9,0.11,0.0000
2026-05-09 17:18:53,24,"Arakere, Bengaluru",11,0.11,0.0000
2026-05-09 17:18:41,24,"Arakere, Bengaluru",8,0.11,0.0000
2026-05-09 17:18:29,24,"Arakere, Bengaluru",10,0.11,0.0000
2026-05-09 17:18:17,24,"Arakere, Bengaluru",10,0.12,0.0000
2026-05-09 17:18:05,24,"Arakere, Bengaluru",9,0.12,0.0000
2026-05-09 17:17:53,24,"Arakere, Bengaluru",9,0.12,0.0000
2026-05-09 17:17:41,24,"Arakere, Bengaluru",8,0.12,0.0000
2026-05-09 17:17:29,24,"Arakere, Bengaluru",10,0.12,0.0000
2026-05-09 17:17:17,24,"Arakere, Bengaluru",7,0.12,0.0000
2026-05-09 17:17:05,24,"Arakere, Bengaluru",10,0.12,0.0000
2026-05-09 17:16:53,24,"Arakere, Bengaluru",12,0.12,0.0001
2026-05-09 17:16:41,24,"Arakere, Bengaluru",11,0.12,0.0000
2026-05-09 17:16:29,24,"Arakere, Bengaluru",11,0.12,0.0000
2026-05-09 17:16:17,24,"Arakere, Bengaluru",11,0.11,0.0000
2026-05-09 17:16:05,24,"Arakere, Bengaluru",10,0.11,0.0000
2026-05-09 17:15:53,24,"Arakere, Bengaluru",8,0.11,0.0000
2026-05-09 17:15:41,24,"Arakere, Bengaluru",10,0.11,0.0000
2026-05-09 17:15:29,24,"Arakere, Bengaluru",10,0.11,0.0000
2026-05-09 17:15:17,23,"Arakere, Bengaluru",9,0.11,0.0000
2026-05-09 17:15:05,23,"Arakere, Bengaluru",10,0.11,0.0000
2026-05-09 17:14:53,23,"Arakere, Bengaluru",12,0.11,0.0001
2026-05-09 17:14:41,23,"Arakere, Bengaluru",10,0.11,0.0000
2026-05-09 17:14:29,23,"Arakere, Bengaluru",11,0.11,0.0000
2026-05-09 17:14:17,24,"Arakere, Bengaluru",10,0.12,0.0000
2026-05-09 17:14:05,24,"Arakere, Bengaluru",9,0.12,0.0000
2026-05-09 17:13:53,24,"Arakere, Bengaluru",10,0.12,0.0000
2026-05-09 17:13:41,24,"Arakere, Bengaluru",10,0.12,0.0000
2026-05-09 17:13:29,24,"Arakere, Bengaluru",10,0.12,0.0000
2026-05-09 17:13:17,24,"Arakere, Bengaluru",10,0.12,0.0000
2026-05-09 17:13:05,24,"Arakere, Bengaluru",11,0.12,0.0000
2026-05-09 17:12:53,25,"Arakere, Bengaluru",15,0.12,0.0002
2026-05-09 17:12:41,24,"Arakere, Bengaluru",14,0.12,0.0002
2026-05-09 17:12:29,26,"Arakere, Bengaluru",16,0.12,0.0002
2026-05-09 17:12:19,36,"Arakere, Bengaluru",22,0.11,0.0005
2026-05-09 17:12:12,46,"Arakere, Bengaluru",28,0.11,0.0007
2026-05-09 17:12:07,56,"Arakere, Bengaluru",34,0.11,0.0009
2026-05-09 17:12:01,66,"Arakere, Bengaluru",40,0.11,0.0011
2026-05-09 17:12:01,66,"Arakere, Bengaluru",40,0.11,0.0011
2026-05-09 17:12:01,66,"Arakere, Bengaluru",40,0.11,0.0011
2026-05-09 12:11:19,35,"Arakere, Bengaluru",6,0.14,0.0000
2026-05-09 12:11:03,35,"Arakere, Bengaluru",6,0.14,0.0000
2026-05-09 12:10:52,35,"Arakere, Bengaluru",7,0.14,0.0000
2026-05-09 12:10:39,35,"Arakere, Bengaluru",7,0.14,0.0000
2026-05-09 12:10:27,35,"Arakere, Bengaluru",6,0.14,0.0000
2026-05-09 12:10:15,35,"Arakere, Bengaluru",6,0.14,0.0000
2026-05-09 12:10:03,35,"Arakere, Bengaluru",6,0.14,0.0000
2026-05-09 12:09:51,35,"Arakere, Bengaluru",7,0.14,0.0000
2026-05-09 12:09:39,35,"Arakere, Bengaluru",7,0.14,0.0000
2026-05-09 12:09:27,35,"Arakere, Bengaluru",5,0.14,0.0000
2026-05-09 12:09:15,35,"Arakere, Bengaluru",6,0.14,0.0000
2026-05-09 12:09:03,35,"Arakere, Bengaluru",5,0.14,0.0000
2026-05-09 12:08:51,35,"Arakere, Bengaluru",6,0.14,0.0000
2026-05-09 12:08:39,35,"Arakere, Bengaluru",6,0.14,0.0000
2026-05-09 12:08:27,35,"Arakere, Bengaluru",6,0.14,0.0000
2026-05-09 12:08:15,35,"Arakere, Bengaluru",6,0.14,0.0000
2026-05-09 12:08:03,35,"Arakere, Bengaluru",6,0.14,0.0000
2026-05-09 12:07:51,35,"Arakere, Bengaluru",6,0.14,0.0000
2026-05-09 12:07:39,35,"Arakere, Bengaluru",7,0.14,0.0000
2026-05-09 12:07:27,35,"Arakere, Bengaluru",5,0.14,0.0000
2026-05-09 12:07:15,35,"Arakere, Bengaluru",6,0.14,0.0000
2026-05-09 12:07:03,35,"Arakere, Bengaluru",5,0.14,0.0000
2026-05-09 12:06:51,35,"Arakere, Bengaluru",6,0.14,0.0000
2026-05-09 12:06:40,35,"Arakere, Bengaluru",6,0.14,0.0000
2026-05-09 12:06:40,35,"Arakere, Bengaluru",6,0.14,0.0000
2026-05-09 12:06:40,35,"Arakere, Bengaluru",6,0.14,0.0000
2026-05-09 12:06:39,35,"Arakere, Bengaluru",6,0.14,0.0000
2026-05-09 12:06:27,35,"Arakere, Bengaluru",7,0.14,0.0000
2026-05-09 12:06:15,35,"Arakere, Bengaluru",8,0.14,0.0000
2026-05-09 12:06:03,35,"Arakere, Bengaluru",5,0.14,0.0000
2026-05-09 12:05:51,35,"Arakere, Bengaluru",5,0.14,0.0000
2026-05-09 12:05:39,35,"Arakere, Bengaluru",8,0.14,0.0000
2026-05-09 12:05:27,35,"Arakere, Bengaluru",7,0.14,0.0000
2026-05-09 12:05:15,35,"Arakere, Bengaluru",8,0.14,0.0000
2026-05-09 12:05:03,35,"Arakere, Bengaluru",6,0.14,0.0000
2026-05-09 12:04:51,35,"Arakere, Bengaluru",5,0.14,0.0000
2026-05-09 12:04:39,35,"Arakere, Bengaluru",5,0.14,0.0000
2026-05-09 12:04:27,35,"Arakere, Bengaluru",5,0.14,0.0000
2026-05-09 12:04:15,35,"Arakere, Bengaluru",7,0.14,0.0000
2026-05-09 12:04:03,35,"Arakere, Bengaluru",6,0.14,0.0000
2026-05-09 12:03:51,35,"Arakere, Bengaluru",7,0.14,0.0000
2026-05-09 12:03:39,35,"Arakere, Bengaluru",7,0.14,0.0000
2026-05-09 12:03:27,35,"Arakere, Bengaluru",5,0.14,0.0000
2026-05-09 12:03:15,35,"Arakere, Bengaluru",6,0.15,0.0000
2026-05-09 12:03:03,35,"Arakere, Bengaluru",6,0.15,0.0000
2026-05-09 12:02:51,35,"Arakere, Bengaluru",6,0.15,0.0000
2026-05-09 12:02:39,35,"Arakere, Bengaluru",4,0.15,0.0000
2026-05-09 12:02:27,35,"Arakere, Bengaluru",7,0.15,0.0000
2026-05-09 12:02:15,35,"Arakere, Bengaluru",7,0.14,0.0000
2026-05-09 12:02:03,35,"Arakere, Bengaluru",5,0.14,0.0000
2026-05-09 12:01:51,35,"Arakere, Bengaluru",5,0.14,0.0000
2026-05-09 12:01:39,35,"Arakere, Bengaluru",6,0.14,0.0000
2026-05-09 12:01:27,35,"Arakere, Bengaluru",6,0.14,0.0000
2026-05-09 12:01:27,35,"Arakere, Bengaluru",6,0.14,0.0000
2026-05-09 12:01:27,35,"Arakere, Bengaluru",6,0.14,0.0000
2026-05-09 12:01:27,35,"Arakere, Bengaluru",6,0.14,0.0000
2026-05-09 12:01:15,35,"Arakere, Bengaluru",7,0.15,0.0000
2026-05-09 12:01:03,35,"Arakere, Bengaluru",8,0.15,0.0000
2026-05-09 12:00:51,35,"Arakere, Bengaluru",7,0.15,0.0000
2026-05-09 12:00:39,35,"Arakere, Bengaluru",7,0.15,0.0000
2026-05-09 12:00:27,35,"Arakere, Bengaluru",6,0.15,0.0000
2026-05-09 12:00:15,35,"Arakere, Bengaluru",6,0.15,0.0000
2026-05-09 12:00:03,35,"Arakere, Bengaluru",6,0.15,0.0000
2026-05-09 11:59:51,35,"Arakere, Bengaluru",7,0.15,0.0000
2026-05-09 11:59:39,35,"Arakere, Bengaluru",5,0.15,0.0000
2026-05-09 11:59:27,35,"Arakere, Bengaluru",7,0.15,0.0000
2026-05-09 11:59:15,35,"Arakere, Bengaluru",7,0.15,0.0000
2026-05-09 11:59:03,35,"Arakere, Bengaluru",7,0.15,0.0000
2026-05-09 11:58:51,35,"Arakere, Bengaluru",6,0.15,0.0000
2026-05-09 11:58:39,35,"Arakere, Bengaluru",6,0.15,0.0000
2026-05-09 11:58:27,35,"Arakere, Bengaluru",5,0.15,0.0000
2026-05-09 11:58:15,36,"Arakere, Bengaluru",6,0.15,0.0000
2026-05-09 11:58:03,36,"Arakere, Bengaluru",5,0.15,0.0000
2026-05-09 11:57:51,36,"Arakere, Bengaluru",5,0.15,0.0000
2026-05-09 11:57:39,36,"Arakere, Bengaluru",6,0.15,0.0000
2026-05-09 11:57:27,36,"Arakere, Bengaluru",6,0.15,0.0000
2026-05-09 11:57:15,36,"Arakere, Bengaluru",6,0.15,0.0000
2026-05-09 11:57:03,36,"Arakere, Bengaluru",5,0.15,0.0000
2026-05-09 11:56:51,36,"Arakere, Bengaluru",6,0.15,0.0000
2026-05-09 11:56:39,36,"Arakere, Bengaluru",8,0.15,0.0000
2026-05-09 11:56:27,36,"Arakere, Bengaluru",6,0.15,0.0000
2026-05-09 11:56:16,37,"Arakere, Bengaluru",6,0.16,0.0000
2026-05-09 11:56:16,37,"Arakere, Bengaluru",6,0.16,0.0000
2026-05-09 11:56:16,37,"Arakere, Bengaluru",6,0.16,0.0000
2026-05-09 11:56:15,37,"Arakere, Bengaluru",6,0.16,0.0000
2026-05-09 11:56:03,37,"Arakere, Bengaluru",7,0.16,0.0000
2026-05-09 11:55:51,37,"Arakere, Bengaluru",6,0.16,0.0000
2026-05-09 11:55:39,37,"Arakere, Bengaluru",6,0.16,0.0000
2026-05-09 11:55:27,37,"Arakere, Bengaluru",8,0.16,0.0000
2026-05-09 11:55:15,38,"Arakere, Bengaluru",5,0.16,0.0000
2026-05-09 11:55:03,38,"Arakere, Bengaluru",7,0.16,0.0000
2026-05-09 11:54:51,38,"Arakere, Bengaluru",10,0.16,0.0000
2026-05-09 11:54:39,38,"Arakere, Bengaluru",15,0.16,0.0002
2026-05-09 11:54:27,41,"Arakere, Bengaluru",25,0.16,0.0006
2026-05-09 11:54:16,54,"Arakere, Bengaluru",33,0.17,0.0009
2026-05-09 11:54:04,52,"Arakere, Bengaluru",32,0.17,0.0008
2026-05-09 11:54:01,41,"Arakere, Bengaluru",25,0.17,0.0006
2026-05-09 11:53:49,38,"Arakere, Bengaluru",5,0.17,0.0000
2026-05-09 11:53:37,38,"Arakere, Bengaluru",6,0.17,0.0000
2026-05-09 11:53:25,38,"Arakere, Bengaluru",6,0.17,0.0000
2026-05-09 11:53:13,39,"Arakere, Bengaluru",6,0.18,0.0000
2026-05-09 11:53:01,39,"Arakere, Bengaluru",6,0.18,0.0000
2026-05-09 11:52:49,39,"Arakere, Bengaluru",5,0.18,0.0000
2026-05-09 11:52:37,39,"Arakere, Bengaluru",5,0.18,0.0000
2026-05-09 11:52:25,39,"Arakere, Bengaluru",7,0.18,0.0000
2026-05-09 11:52:13,39,"Arakere, Bengaluru",5,0.18,0.0000
2026-05-09 11:52:01,39,"Arakere, Bengaluru",6,0.18,0.0000
2026-05-09 11:51:49,39,"Arakere, Bengaluru",6,0.18,0.0000
2026-05-09 11:51:37,39,"Arakere, Bengaluru",8,0.18,0.0000
2026-05-09 11:51:25,39,"Arakere, Bengaluru",5,0.18,0.0000
2026-05-09 11:51:13,38,"Arakere, Bengaluru",5,0.18,0.0000
2026-05-09 11:51:13,38,"Arakere, Bengaluru",5,0.18,0.0000
2026-05-09 11:51:13,38,"Arakere, Bengaluru",5,0.18,0.0000
2026-05-09 11:51:13,38,"Arakere, Bengaluru",5,0.18,0.0000
2026-05-09 11:51:01,38,"Arakere, Bengaluru",6,0.18,0.0000
2026-05-09 11:50:49,38,"Arakere, Bengaluru",6,0.18,0.0000
2026-05-09 11:50:37,38,"Arakere, Bengaluru",7,0.18,0.0000
2026-05-09 11:50:25,38,"Arakere, Bengaluru",4,0.18,0.0000
2026-05-09 11:50:13,39,"Arakere, Bengaluru",5,0.2,0.0000
2026-05-09 11:50:01,39,"Arakere, Bengaluru",5,0.2,0.0000
2026-05-09 11:49:49,39,"Arakere, Bengaluru",4,0.2,0.0000
2026-05-09 11:49:37,39,"Arakere, Bengaluru",7,0.2,0.0000
2026-05-09 11:49:25,39,"Arakere, Bengaluru",7,0.2,0.0000
2026-05-09 11:49:13,40,"Arakere, Bengaluru",7,0.21,0.0000
2026-05-09 11:49:01,40,"Arakere, Bengaluru",8,0.21,0.0000
2026-05-09 11:48:49,40,"Arakere, Bengaluru",7,0.21,0.0000
2026-05-09 11:48:37,40,"Arakere, Bengaluru",6,0.21,0.0000
2026-05-09 11:48:25,40,"Arakere, Bengaluru",7,0.21,0.0000
2026-05-09 11:48:13,41,"Arakere, Bengaluru",6,0.22,0.0000
2026-05-09 11:48:01,41,"Arakere, Bengaluru",7,0.22,0.0000
2026-05-09 11:47:49,41,"Arakere, Bengaluru",8,0.22,0.0000
2026-05-09 11:47:37,41,"Arakere, Bengaluru",8,0.22,0.0000
2026-05-09 11:47:25,41,"Arakere, Bengaluru",7,0.22,0.0000
2026-05-09 11:47:13,11,"Arakere, Bengaluru",7,0.0,0.0000
2026-05-09 11:47:01,10,"Arakere, Bengaluru",6,0.0,0.0000
2026-05-09 11:46:49,10,"Arakere, Bengaluru",6,0.0,0.0000
2026-05-09 11:46:37,10,"Arakere, Bengaluru",6,0.0,0.0000
2026-05-09 11:46:26,11,"Arakere, Bengaluru",7,0.0,0.0000
2026-05-09 11:46:15,15,"Arakere, Bengaluru",9,0.0,0.0000
2026-05-09 11:46:11,21,"Arakere, Bengaluru",13,0.0,0.0001
2026-05-09 11:46:11,21,"Arakere, Bengaluru",13,0.0,0.0001
2026-05-09 05:16:35,36,"Arakere, Bengaluru",19,0.18,0.0003
2026-05-09 05:16:24,36,"Arakere, Bengaluru",20,0.18,0.0004
2026-05-09 05:16:11,36,"Arakere, Bengaluru",21,0.18,0.0004
2026-05-09 05:15:59,37,"Arakere, Bengaluru",20,0.18,0.0004
2026-05-09 05:15:47,37,"Arakere, Bengaluru",21,0.18,0.0004
2026-05-09 05:15:35,37,"Arakere, Bengaluru",19,0.18,0.0003
2026-05-09 05:15:23,37,"Arakere, Bengaluru",20,0.18,0.0004
2026-05-09 05:15:11,37,"Arakere, Bengaluru",21,0.18,0.0004
2026-05-09 05:14:59,37,"Arakere, Bengaluru",21,0.18,0.0004
2026-05-09 05:14:47,37,"Arakere, Bengaluru",21,0.18,0.0004
2026-05-09 05:14:35,37,"Arakere, Bengaluru",18,0.18,0.0003
2026-05-09 05:14:24,37,"Arakere, Bengaluru",18,0.18,0.0003
2026-05-09 05:14:24,37,"Arakere, Bengaluru",18,0.18,0.0003
2026-05-09 05:14:24,37,"Arakere, Bengaluru",18,0.18,0.0003
2026-05-09 05:14:11,37,"Arakere, Bengaluru",18,0.18,0.0003
2026-05-09 05:13:59,37,"Arakere, Bengaluru",19,0.18,0.0003
2026-05-09 05:13:47,37,"Arakere, Bengaluru",17,0.18,0.0003
2026-05-09 05:13:35,37,"Arakere, Bengaluru",18,0.18,0.0003
2026-05-09 05:13:23,37,"Arakere, Bengaluru",17,0.18,0.0003
2026-05-09 05:13:11,37,"Arakere, Bengaluru",19,0.18,0.0003
2026-05-09 05:12:59,36,"Arakere, Bengaluru",18,0.18,0.0003
2026-05-09 05:12:47,36,"Arakere, Bengaluru",19,0.18,0.0003
2026-05-09 05:12:35,36,"Arakere, Bengaluru",17,0.18,0.0003
2026-05-09 05:12:23,36,"Arakere, Bengaluru",18,0.18,0.0003
2026-05-09 05:12:11,36,"Arakere, Bengaluru",17,0.18,0.0003
2026-05-09 05:11:59,37,"Arakere, Bengaluru",16,0.18,0.0002
2026-05-09 05:11:47,37,"Arakere, Bengaluru",18,0.18,0.0003
2026-05-09 05:11:35,37,"Arakere, Bengaluru",18,0.18,0.0003
2026-05-09 05:11:23,37,"Arakere, Bengaluru",18,0.18,0.0003
2026-05-09 05:11:11,37,"Arakere, Bengaluru",17,0.18,0.0003
2026-05-09 05:10:59,37,"Arakere, Bengaluru",17,0.18,0.0003
2026-05-09 05:10:47,37,"Arakere, Bengaluru",16,0.18,0.0002
2026-05-09 05:10:35,37,"Arakere, Bengaluru",18,0.18,0.0003
2026-05-09 05:10:23,37,"Arakere, Bengaluru",18,0.18,0.0003
2026-05-09 05:10:11,37,"Arakere, Bengaluru",18,0.18,0.0003
2026-05-09 05:09:59,37,"Arakere, Bengaluru",18,0.18,0.0003
2026-05-09 05:09:47,37,"Arakere, Bengaluru",18,0.18,0.0003
2026-05-09 05:09:35,37,"Arakere, Bengaluru",18,0.18,0.0003
2026-05-09 05:09:23,37,"Arakere, Bengaluru",18,0.18,0.0003
2026-05-09 05:09:12,37,"Arakere, Bengaluru",17,0.18,0.0003
2026-05-09 05:09:12,37,"Arakere, Bengaluru",17,0.18,0.0003
2026-05-09 05:09:12,37,"Arakere, Bengaluru",17,0.18,0.0003
2026-05-09 05:08:59,37,"Arakere, Bengaluru",18,0.18,0.0003
2026-05-09 05:08:47,37,"Arakere, Bengaluru",18,0.18,0.0003
2026-05-09 05:08:35,37,"Arakere, Bengaluru",18,0.18,0.0003
2026-05-09 05:08:23,37,"Arakere, Bengaluru",18,0.18,0.0003
2026-05-09 05:08:11,37,"Arakere, Bengaluru",16,0.18,0.0002
2026-05-09 05:07:59,36,"Arakere, Bengaluru",15,0.18,0.0002
2026-05-09 05:07:47,36,"Arakere, Bengaluru",13,0.18,0.0001
2026-05-09 05:07:35,36,"Arakere, Bengaluru",15,0.18,0.0002
2026-05-09 05:07:23,36,"Arakere, Bengaluru",13,0.18,0.0001
2026-05-09 05:07:11,36,"Arakere, Bengaluru",16,0.18,0.0002
2026-05-09 05:06:59,36,"Arakere, Bengaluru",15,0.18,0.0002
2026-05-09 05:06:47,36,"Arakere, Bengaluru",15,0.18,0.0002
2026-05-09 05:06:35,36,"Arakere, Bengaluru",16,0.18,0.0002
2026-05-09 05:06:23,36,"Arakere, Bengaluru",16,0.18,0.0002
2026-05-09 05:06:11,36,"Arakere, Bengaluru",17,0.18,0.0003
2026-05-09 05:05:59,37,"Arakere, Bengaluru",16,0.18,0.0002
2026-05-09 05:05:47,37,"Arakere, Bengaluru",17,0.18,0.0003
2026-05-09 05:05:35,37,"Arakere, Bengaluru",16,0.18,0.0002
2026-05-09 05:05:23,37,"Arakere, Bengaluru",16,0.18,0.0002
2026-05-09 05:05:11,37,"Arakere, Bengaluru",15,0.18,0.0002
2026-05-09 05:04:59,37,"Arakere, Bengaluru",15,0.18,0.0002
2026-05-09 05:04:47,37,"Arakere, Bengaluru",12,0.18,0.0001
2026-05-09 05:04:35,37,"Arakere, Bengaluru",14,0.18,0.0002
2026-05-09 05:04:23,37,"Arakere, Bengaluru",16,0.18,0.0002
2026-05-09 05:04:11,37,"Arakere, Bengaluru",16,0.18,0.0002
2026-05-09 05:04:00,37,"Arakere, Bengaluru",16,0.18,0.0002
2026-05-09 05:04:00,37,"Arakere, Bengaluru",16,0.18,0.0002
2026-05-09 05:04:00,37,"Arakere, Bengaluru",16,0.18,0.0002
2026-05-09 05:03:47,37,"Arakere, Bengaluru",16,0.18,0.0002
2026-05-09 05:03:36,37,"Arakere, Bengaluru",15,0.18,0.0002
2026-05-09 05:03:23,37,"Arakere, Bengaluru",15,0.18,0.0002
2026-05-09 05:03:11,37,"Arakere, Bengaluru",14,0.18,0.0002
2026-05-09 05:02:59,36,"Arakere, Bengaluru",10,0.18,0.0000
2026-05-09 05:02:47,36,"Arakere, Bengaluru",11,0.18,0.0000
2026-05-09 05:02:35,36,"Arakere, Bengaluru",12,0.18,0.0001
2026-05-09 05:02:23,36,"Arakere, Bengaluru",13,0.18,0.0001
2026-05-09 05:02:11,36,"Arakere, Bengaluru",14,0.18,0.0002
2026-05-09 05:02:00,37,"Arakere, Bengaluru",14,0.18,0.0002
2026-05-09 05:01:47,37,"Arakere, Bengaluru",15,0.18,0.0002
2026-05-09 05:01:35,37,"Arakere, Bengaluru",15,0.18,0.0002
2026-05-09 05:01:24,37,"Arakere, Bengaluru",16,0.18,0.0002
2026-05-09 05:01:11,37,"Arakere, Bengaluru",19,0.18,0.0003
2026-05-09 05:00:59,37,"Arakere, Bengaluru",17,0.18,0.0003
2026-05-09 05:00:47,37,"Arakere, Bengaluru",17,0.18,0.0003
2026-05-09 05:00:35,37,"Arakere, Bengaluru",17,0.18,0.0003
2026-05-09 05:00:23,37,"Arakere, Bengaluru",15,0.18,0.0002
2026-05-09 05:00:11,37,"Arakere, Bengaluru",16,0.18,0.0002
2026-05-09 04:59:59,37,"Arakere, Bengaluru",16,0.18,0.0002
2026-05-09 04:59:47,37,"Arakere, Bengaluru",15,0.18,0.0002
2026-05-09 04:59:35,37,"Arakere, Bengaluru",16,0.18,0.0002
2026-05-09 04:59:23,37,"Arakere, Bengaluru",17,0.18,0.0003
2026-05-09 04:59:11,37,"Arakere, Bengaluru",15,0.18,0.0002
2026-05-09 04:58:59,36,"Arakere, Bengaluru",16,0.18,0.0002
2026-05-09 04:58:48,36,"Arakere, Bengaluru",13,0.18,0.0001
2026-05-09 04:58:48,36,"Arakere, Bengaluru",13,0.18,0.0001
2026-05-09 04:58:48,36,"Arakere, Bengaluru",13,0.18,0.0001
2026-05-09 04:58:35,36,"Arakere, Bengaluru",11,0.18,0.0000
2026-05-09 04:58:23,36,"Arakere, Bengaluru",12,0.18,0.0001
2026-05-09 04:58:11,36,"Arakere, Bengaluru",14,0.18,0.0002
2026-05-09 04:57:59,37,"Arakere, Bengaluru",14,0.18,0.0002
2026-05-09 04:57:46,37,"Arakere, Bengaluru",14,0.18,0.0002
2026-05-09 04:57:35,37,"Arakere, Bengaluru",13,0.18,0.0001
2026-05-09 04:57:23,37,"Arakere, Bengaluru",12,0.18,0.0001
2026-05-09 04:57:11,37,"Arakere, Bengaluru",12,0.18,0.0001
2026-05-09 04:56:59,37,"Arakere, Bengaluru",13,0.19,0.0001
2026-05-09 04:56:47,37,"Arakere, Bengaluru",11,0.19,0.0000
2026-05-09 04:56:35,37,"Arakere, Bengaluru",12,0.19,0.0001
2026-05-09 04:56:23,37,"Arakere, Bengaluru",14,0.19,0.0002
2026-05-09 04:56:11,37,"Arakere, Bengaluru",14,0.19,0.0002
2026-05-09 04:55:59,37,"Arakere, Bengaluru",14,0.18,0.0002
2026-05-09 04:55:47,37,"Arakere, Bengaluru",14,0.18,0.0002
2026-05-09 04:55:34,37,"Arakere, Bengaluru",16,0.18,0.0002
2026-05-09 04:55:22,37,"Arakere, Bengaluru",16,0.18,0.0002
2026-05-09 04:55:10,37,"Arakere, Bengaluru",15,0.18,0.0002
2026-05-09 04:54:58,37,"Arakere, Bengaluru",14,0.18,0.0002
2026-05-09 04:54:47,37,"Arakere, Bengaluru",13,0.18,0.0001
2026-05-09 04:54:34,37,"Arakere, Bengaluru",14,0.18,0.0002
2026-05-09 04:54:23,37,"Arakere, Bengaluru",15,0.18,0.0002
2026-05-09 04:54:12,37,"Arakere, Bengaluru",15,0.18,0.0002
2026-05-09 04:53:58,36,"Arakere, Bengaluru",14,0.18,0.0002
2026-05-09 04:53:47,36,"Arakere, Bengaluru",15,0.18,0.0002
2026-05-09 04:53:36,36,"Arakere, Bengaluru",16,0.18,0.0002
2026-05-09 04:53:36,36,"Arakere, Bengaluru",16,0.18,0.0002
2026-05-09 04:53:36,36,"Arakere, Bengaluru",16,0.18,0.0002
2026-05-09 04:53:22,36,"Arakere, Bengaluru",16,0.18,0.0002
2026-05-09 04:53:10,36,"Arakere, Bengaluru",16,0.18,0.0002
2026-05-09 04:52:58,37,"Arakere, Bengaluru",15,0.18,0.0002
2026-05-09 04:52:46,37,"Arakere, Bengaluru",15,0.18,0.0002
2026-05-09 04:52:34,37,"Arakere, Bengaluru",16,0.18,0.0002
2026-05-09 04:52:22,37,"Arakere, Bengaluru",15,0.18,0.0002
2026-05-09 04:52:10,37,"Arakere, Bengaluru",16,0.18,0.0002
2026-05-09 04:51:58,37,"Arakere, Bengaluru",16,0.18,0.0002
2026-05-09 04:51:46,37,"Arakere, Bengaluru",16,0.18,0.0002
2026-05-09 04:51:36,37,"Arakere, Bengaluru",15,0.18,0.0002
2026-05-09 04:51:22,37,"Arakere, Bengaluru",15,0.18,0.0002
2026-05-09 04:51:10,37,"Arakere, Bengaluru",14,0.18,0.0002
2026-05-09 04:50:58,37,"Arakere, Bengaluru",15,0.18,0.0002
2026-05-09 04:50:46,37,"Arakere, Bengaluru",15,0.18,0.0002
2026-05-09 04:50:34,37,"Arakere, Bengaluru",13,0.18,0.0001
2026-05-09 04:50:22,37,"Arakere, Bengaluru",16,0.18,0.0002
2026-05-09 04:50:10,37,"Arakere, Bengaluru",15,0.18,0.0002
2026-05-09 04:49:58,37,"Arakere, Bengaluru",16,0.18,0.0002
2026-05-09 04:49:46,37,"Arakere, Bengaluru",15,0.18,0.0002
2026-05-09 04:49:34,37,"Arakere, Bengaluru",14,0.18,0.0002
2026-05-09 04:49:22,37,"Arakere, Bengaluru",13,0.18,0.0001
2026-05-09 04:49:10,37,"Arakere, Bengaluru",14,0.18,0.0002
2026-05-09 04:48:58,36,"Arakere, Bengaluru",13,0.18,0.0001
2026-05-09 04:48:46,36,"Arakere, Bengaluru",14,0.18,0.0002
2026-05-09 04:48:34,36,"Arakere, Bengaluru",13,0.18,0.0001
2026-05-09 04:48:24,36,"Arakere, Bengaluru",15,0.18,0.0002
2026-05-09 04:48:24,36,"Arakere, Bengaluru",15,0.18,0.0002
2026-05-09 04:48:24,36,"Arakere, Bengaluru",15,0.18,0.0002
2026-05-09 04:48:10,36,"Arakere, Bengaluru",14,0.18,0.0002
2026-05-09 04:47:58,37,"Arakere, Bengaluru",16,0.18,0.0002
2026-05-09 04:47:46,37,"Arakere, Bengaluru",16,0.18,0.0002
2026-05-09 04:47:34,37,"Arakere, Bengaluru",14,0.18,0.0002
2026-05-09 04:47:22,37,"Arakere, Bengaluru",13,0.18,0.0001
2026-05-09 04:47:10,37,"Arakere, Bengaluru",13,0.18,0.0001
2026-05-09 04:46:58,37,"Arakere, Bengaluru",11,0.18,0.0000
2026-05-09 04:46:46,37,"Arakere, Bengaluru",13,0.18,0.0001
2026-05-09 04:46:34,37,"Arakere, Bengaluru",12,0.18,0.0001
2026-05-09 04:46:22,37,"Arakere, Bengaluru",12,0.18,0.0001
2026-05-09 04:46:10,37,"Arakere, Bengaluru",12,0.18,0.0001
2026-05-09 04:45:58,36,"Arakere, Bengaluru",12,0.18,0.0001
2026-05-09 04:45:46,36,"Arakere, Bengaluru",12,0.18,0.0001
2026-05-09 04:45:34,36,"Arakere, Bengaluru",14,0.18,0.0002
2026-05-09 04:45:22,36,"Arakere, Bengaluru",14,0.18,0.0002
2026-05-09 04:45:10,36,"Arakere, Bengaluru",13,0.18,0.0001
2026-05-09 04:44:58,36,"Arakere, Bengaluru",14,0.18,0.0002
2026-05-09 04:44:46,36,"Arakere, Bengaluru",12,0.18,0.0001
2026-05-09 04:44:34,36,"Arakere, Bengaluru",11,0.18,0.0000
2026-05-09 04:44:22,36,"Arakere, Bengaluru",14,0.18,0.0002
2026-05-09 04:44:10,36,"Arakere, Bengaluru",13,0.18,0.0001
2026-05-09 04:43:58,36,"Arakere, Bengaluru",13,0.18,0.0001
2026-05-09 04:43:46,36,"Arakere, Bengaluru",13,0.18,0.0001
2026-05-09 04:43:36,36,"Arakere, Bengaluru",14,0.18,0.0002
2026-05-09 04:43:22,36,"Arakere, Bengaluru",14,0.18,0.0002
2026-05-09 04:43:12,36,"Arakere, Bengaluru",12,0.18,0.0001
2026-05-09 04:43:12,36,"Arakere, Bengaluru",12,0.18,0.0001
2026-05-09 04:43:12,36,"Arakere, Bengaluru",12,0.18,0.0001
2026-05-09 04:43:01,36,"Arakere, Bengaluru",10,0.18,0.0000
2026-05-09 04:42:46,36,"Arakere, Bengaluru",10,0.18,0.0000
2026-05-09 04:42:34,36,"Arakere, Bengaluru",11,0.18,0.0000
2026-05-09 04:42:22,36,"Arakere, Bengaluru",11,0.18,0.0000
2026-05-09 04:42:10,36,"Arakere, Bengaluru",11,0.18,0.0000
2026-05-09 04:42:02,37,"Arakere, Bengaluru",11,0.18,0.0000
2026-05-09 04:41:46,37,"Arakere, Bengaluru",12,0.18,0.0001
2026-05-09 04:41:34,37,"Arakere, Bengaluru",13,0.18,0.0001
2026-05-09 04:41:22,37,"Arakere, Bengaluru",12,0.18,0.0001
2026-05-09 04:41:10,37,"Arakere, Bengaluru",10,0.18,0.0000
2026-05-09 04:41:01,36,"Arakere, Bengaluru",11,0.18,0.0000
2026-05-09 04:40:46,36,"Arakere, Bengaluru",11,0.18,0.0000
2026-05-09 04:40:34,36,"Arakere, Bengaluru",13,0.18,0.0001
2026-05-09 04:40:22,36,"Arakere, Bengaluru",13,0.18,0.0001
2026-05-09 04:40:10,36,"Arakere, Bengaluru",14,0.18,0.0002
2026-05-09 04:40:02,36,"Arakere, Bengaluru",12,0.17,0.0001
2026-05-09 04:39:46,36,"Arakere, Bengaluru",11,0.17,0.0000
2026-05-09 04:39:34,36,"Arakere, Bengaluru",10,0.17,0.0000
2026-05-09 04:39:22,36,"Arakere, Bengaluru",10,0.17,0.0000
2026-05-09 04:39:10,36,"Arakere, Bengaluru",12,0.17,0.0001
2026-05-09 04:39:02,36,"Arakere, Bengaluru",14,0.18,0.0002
2026-05-09 04:38:46,36,"Arakere, Bengaluru",10,0.18,0.0000
2026-05-09 04:38:34,36,"Arakere, Bengaluru",11,0.18,0.0000
2026-05-09 04:38:22,36,"Arakere, Bengaluru",10,0.18,0.0000
2026-05-09 04:38:15,36,"Arakere, Bengaluru",14,0.18,0.0002
2026-05-09 04:38:04,36,"Arakere, Bengaluru",11,0.18,0.0000
2026-05-09 04:38:04,36,"Arakere, Bengaluru",11,0.18,0.0000
2026-05-09 04:38:04,36,"Arakere, Bengaluru",11,0.18,0.0000
2026-05-09 04:38:02,36,"Arakere, Bengaluru",11,0.18,0.0000
2026-05-09 04:37:46,36,"Arakere, Bengaluru",12,0.18,0.0001
2026-05-09 04:37:34,36,"Arakere, Bengaluru",13,0.18,0.0001
2026-05-09 04:37:22,36,"Arakere, Bengaluru",14,0.18,0.0002
2026-05-09 04:37:10,36,"Arakere, Bengaluru",13,0.18,0.0001
2026-05-09 04:37:02,36,"Arakere, Bengaluru",13,0.18,0.0001
2026-05-09 04:36:46,36,"Arakere, Bengaluru",14,0.18,0.0002
2026-05-09 04:36:34,36,"Arakere, Bengaluru",14,0.18,0.0002
2026-05-09 04:36:22,36,"Arakere, Bengaluru",15,0.18,0.0002
2026-05-09 04:36:10,36,"Arakere, Bengaluru",15,0.18,0.0002
2026-05-09 04:36:01,36,"Arakere, Bengaluru",15,0.18,0.0002
2026-05-09 04:35:46,36,"Arakere, Bengaluru",14,0.18,0.0002
2026-05-09 04:35:34,36,"Arakere, Bengaluru",12,0.18,0.0001
2026-05-09 04:35:22,36,"Arakere, Bengaluru",10,0.18,0.0000
2026-05-09 04:35:10,36,"Arakere, Bengaluru",12,0.18,0.0001
2026-05-09 04:35:01,36,"Arakere, Bengaluru",11,0.18,0.0000
2026-05-09 04:34:46,36,"Arakere, Bengaluru",12,0.18,0.0001
2026-05-09 04:34:34,36,"Arakere, Bengaluru",11,0.18,0.0000
2026-05-09 04:34:22,36,"Arakere, Bengaluru",11,0.18,0.0000
2026-05-09 04:34:10,36,"Arakere, Bengaluru",11,0.18,0.0000
2026-05-09 04:34:01,36,"Arakere, Bengaluru",12,0.18,0.0001
2026-05-09 04:33:46,36,"Arakere, Bengaluru",10,0.18,0.0000
2026-05-09 04:33:34,36,"Arakere, Bengaluru",9,0.18,0.0000
2026-05-09 04:33:22,36,"Arakere, Bengaluru",11,0.18,0.0000
2026-05-09 04:33:10,36,"Arakere, Bengaluru",11,0.18,0.0000
2026-05-09 04:33:01,36,"Arakere, Bengaluru",12,0.18,0.0001
2026-05-09 04:32:48,36,"Arakere, Bengaluru",11,0.18,0.0000
2026-05-09 04:32:48,36,"Arakere, Bengaluru",11,0.18,0.0000
2026-05-09 04:32:48,36,"Arakere, Bengaluru",11,0.18,0.0000
2026-05-09 04:32:34,36,"Arakere, Bengaluru",11,0.18,0.0000
2026-05-09 04:32:22,36,"Arakere, Bengaluru",14,0.18,0.0002
2026-05-09 04:32:10,36,"Arakere, Bengaluru",14,0.18,0.0002
2026-05-09 04:32:01,36,"Arakere, Bengaluru",15,0.18,0.0002
2026-05-09 04:31:46,36,"Arakere, Bengaluru",16,0.18,0.0002
2026-05-09 04:31:34,36,"Arakere, Bengaluru",14,0.18,0.0002
2026-05-09 04:31:22,36,"Arakere, Bengaluru",15,0.18,0.0002
2026-05-09 04:31:10,36,"Arakere, Bengaluru",11,0.18,0.0000
2026-05-09 04:31:01,36,"Arakere, Bengaluru",13,0.17,0.0001
2026-05-09 04:30:46,36,"Arakere, Bengaluru",12,0.17,0.0001
2026-05-09 04:30:34,36,"Arakere, Bengaluru",9,0.17,0.0000
2026-05-09 04:30:22,36,"Arakere, Bengaluru",9,0.17,0.0000
2026-05-09 04:30:10,36,"Arakere, Bengaluru",10,0.17,0.0000
2026-05-09 04:30:01,36,"Arakere, Bengaluru",9,0.17,0.0000
2026-05-09 04:29:46,36,"Arakere, Bengaluru",11,0.17,0.0000
2026-05-09 04:29:34,36,"Arakere, Bengaluru",13,0.17,0.0001
2026-05-09 04:29:22,36,"Arakere, Bengaluru",13,0.17,0.0001
2026-05-09 04:29:10,36,"Arakere, Bengaluru",14,0.17,0.0002
2026-05-09 04:29:01,36,"Arakere, Bengaluru",11,0.18,0.0000
2026-05-09 04:28:46,36,"Arakere, Bengaluru",11,0.18,0.0000
2026-05-09 04:28:34,36,"Arakere, Bengaluru",14,0.18,0.0002
2026-05-09 04:28:22,36,"Arakere, Bengaluru",14,0.18,0.0002
2026-05-09 04:28:10,36,"Arakere, Bengaluru",13,0.18,0.0001
2026-05-09 04:28:01,36,"Arakere, Bengaluru",13,0.18,0.0001
2026-05-09 04:27:48,36,"Arakere, Bengaluru",12,0.18,0.0001
2026-05-09 04:27:36,36,"Arakere, Bengaluru",11,0.18,0.0000
2026-05-09 04:27:36,36,"Arakere, Bengaluru",11,0.18,0.0000
2026-05-09 04:27:36,36,"Arakere, Bengaluru",11,0.18,0.0000
2026-05-09 04:27:22,36,"Arakere, Bengaluru",12,0.18,0.0001
2026-05-09 04:27:10,36,"Arakere, Bengaluru",9,0.18,0.0000
2026-05-09 04:27:01,36,"Arakere, Bengaluru",10,0.18,0.0000
2026-05-09 04:26:46,36,"Arakere, Bengaluru",11,0.18,0.0000
2026-05-09 04:26:34,36,"Arakere, Bengaluru",12,0.18,0.0001
2026-05-09 04:26:22,36,"Arakere, Bengaluru",12,0.18,0.0001
2026-05-09 04:26:10,36,"Arakere, Bengaluru",11,0.18,0.0000
2026-05-09 04:26:01,36,"Arakere, Bengaluru",10,0.18,0.0000
2026-05-09 04:25:46,36,"Arakere, Bengaluru",12,0.18,0.0001
2026-05-09 04:25:34,36,"Arakere, Bengaluru",12,0.18,0.0001
2026-05-09 04:25:22,36,"Arakere, Bengaluru",13,0.18,0.0001
2026-05-09 04:25:10,36,"Arakere, Bengaluru",11,0.18,0.0000
2026-05-09 04:25:01,36,"Arakere, Bengaluru",11,0.18,0.0000
2026-05-09 04:24:46,36,"Arakere, Bengaluru",11,0.18,0.0000
2026-05-09 04:24:34,36,"Arakere, Bengaluru",12,0.18,0.0001
2026-05-09 04:24:22,36,"Arakere, Bengaluru",12,0.18,0.0001
2026-05-09 04:24:10,36,"Arakere, Bengaluru",13,0.18,0.0001
2026-05-09 04:24:01,36,"Arakere, Bengaluru",13,0.18,0.0001
2026-05-09 04:23:46,36,"Arakere, Bengaluru",15,0.18,0.0002
2026-05-09 04:23:34,36,"Arakere, Bengaluru",15,0.18,0.0002
2026-05-09 04:23:22,36,"Arakere, Bengaluru",16,0.18,0.0002
2026-05-09 04:23:10,36,"Arakere, Bengaluru",15,0.18,0.0002
2026-05-09 04:23:01,36,"Arakere, Bengaluru",16,0.18,0.0002
2026-05-09 04:22:46,36,"Arakere, Bengaluru",16,0.18,0.0002
2026-05-09 04:22:34,36,"Arakere, Bengaluru",15,0.18,0.0002
2026-05-09 04:22:24,36,"Arakere, Bengaluru",15,0.18,0.0002
2026-05-09 04:22:24,36,"Arakere, Bengaluru",15,0.18,0.0002
2026-05-09 04:22:24,36,"Arakere, Bengaluru",15,0.18,0.0002
2026-05-09 04:22:10,36,"Arakere, Bengaluru",15,0.18,0.0002
2026-05-09 04:22:01,36,"Arakere, Bengaluru",14,0.18,0.0002
2026-05-09 04:21:48,36,"Arakere, Bengaluru",15,0.18,0.0002
2026-05-09 04:21:34,36,"Arakere, Bengaluru",16,0.18,0.0002
2026-05-09 04:21:22,36,"Arakere, Bengaluru",14,0.18,0.0002
2026-05-09 04:21:10,36,"Arakere, Bengaluru",12,0.18,0.0001
2026-05-09 04:21:01,36,"Arakere, Bengaluru",14,0.18,0.0002
2026-05-09 04:20:46,36,"Arakere, Bengaluru",16,0.18,0.0002
2026-05-09 04:20:34,36,"Arakere, Bengaluru",16,0.18,0.0002
2026-05-09 04:20:22,36,"Arakere, Bengaluru",14,0.18,0.0002
2026-05-09 04:20:10,36,"Arakere, Bengaluru",14,0.18,0.0002
2026-05-09 04:20:01,36,"Arakere, Bengaluru",16,0.18,0.0002
2026-05-09 04:19:48,36,"Arakere, Bengaluru",16,0.18,0.0002
2026-05-09 04:19:34,36,"Arakere, Bengaluru",15,0.18,0.0002
2026-05-09 04:19:22,36,"Arakere, Bengaluru",16,0.18,0.0002
2026-05-09 04:19:10,36,"Arakere, Bengaluru",16,0.18,0.0002
2026-05-09 04:19:01,36,"Arakere, Bengaluru",15,0.18,0.0002
2026-05-09 04:18:46,36,"Arakere, Bengaluru",16,0.18,0.0002
2026-05-09 04:18:34,36,"Arakere, Bengaluru",16,0.18,0.0002
2026-05-09 04:18:22,36,"Arakere, Bengaluru",17,0.18,0.0003
2026-05-09 04:18:10,36,"Arakere, Bengaluru",18,0.18,0.0003
2026-05-09 04:18:01,36,"Arakere, Bengaluru",17,0.18,0.0003
2026-05-09 04:17:46,36,"Arakere, Bengaluru",18,0.18,0.0003
2026-05-09 04:17:34,36,"Arakere, Bengaluru",17,0.18,0.0003
2026-05-09 04:17:22,36,"Arakere, Bengaluru",18,0.18,0.0003
2026-05-09 04:17:12,36,"Arakere, Bengaluru",18,0.18,0.0003
2026-05-09 04:17:12,36,"Arakere, Bengaluru",18,0.18,0.0003
2026-05-09 04:17:12,36,"Arakere, Bengaluru",18,0.18,0.0003
2026-05-09 04:17:12,36,"Arakere, Bengaluru",18,0.18,0.0003
2026-05-09 04:17:01,36,"Arakere, Bengaluru",17,0.17,0.0003
2026-05-09 04:16:46,36,"Arakere, Bengaluru",17,0.17,0.0003
2026-05-09 04:16:34,36,"Arakere, Bengaluru",17,0.17,0.0003
2026-05-09 04:16:22,36,"Arakere, Bengaluru",17,0.17,0.0003
2026-05-09 04:16:10,36,"Arakere, Bengaluru",16,0.17,0.0002
2026-05-09 04:16:01,35,"Arakere, Bengaluru",17,0.17,0.0003
2026-05-09 04:15:46,35,"Arakere, Bengaluru",18,0.17,0.0003
2026-05-09 04:15:34,35,"Arakere, Bengaluru",17,0.17,0.0003
2026-05-09 04:15:22,35,"Arakere, Bengaluru",17,0.17,0.0003
2026-05-09 04:15:10,35,"Arakere, Bengaluru",17,0.17,0.0003
2026-05-09 04:15:01,36,"Arakere, Bengaluru",17,0.17,0.0003
2026-05-09 04:14:46,36,"Arakere, Bengaluru",18,0.17,0.0003
2026-05-09 04:14:34,36,"Arakere, Bengaluru",19,0.17,0.0003
2026-05-09 04:14:22,36,"Arakere, Bengaluru",17,0.17,0.0003
2026-05-09 04:14:10,36,"Arakere, Bengaluru",18,0.17,0.0003
2026-05-09 04:14:01,36,"Arakere, Bengaluru",17,0.18,0.0003
2026-05-09 04:13:46,36,"Arakere, Bengaluru",18,0.18,0.0003
2026-05-09 04:13:34,36,"Arakere, Bengaluru",17,0.18,0.0003
2026-05-09 04:13:22,36,"Arakere, Bengaluru",17,0.18,0.0003
2026-05-09 04:13:10,36,"Arakere, Bengaluru",17,0.18,0.0003
2026-05-09 04:13:01,35,"Arakere, Bengaluru",18,0.17,0.0003
2026-05-09 04:12:46,35,"Arakere, Bengaluru",18,0.17,0.0003
2026-05-09 04:12:34,35,"Arakere, Bengaluru",18,0.17,0.0003
2026-05-09 04:12:24,35,"Arakere, Bengaluru",20,0.17,0.0004
2026-05-09 04:12:16,35,"Arakere, Bengaluru",20,0.17,0.0004
2026-05-09 04:12:04,35,"Arakere, Bengaluru",20,0.17,0.0004
2026-05-09 04:12:04,35,"Arakere, Bengaluru",20,0.17,0.0004
2026-05-09 04:12:04,35,"Arakere, Bengaluru",20,0.17,0.0004
2026-05-09 04:12:04,35,"Arakere, Bengaluru",20,0.17,0.0004
2026-05-09 04:12:04,35,"Arakere, Bengaluru",20,0.17,0.0004
2026-05-09 04:12:01,35,"Arakere, Bengaluru",20,0.17,0.0004
2026-05-09 04:11:46,35,"Arakere, Bengaluru",20,0.17,0.0004
2026-05-09 04:11:34,35,"Arakere, Bengaluru",20,0.17,0.0004
2026-05-09 04:11:22,35,"Arakere, Bengaluru",18,0.17,0.0003
2026-05-09 04:11:10,35,"Arakere, Bengaluru",19,0.17,0.0003
2026-05-09 04:11:01,35,"Arakere, Bengaluru",18,0.17,0.0003
2026-05-09 04:10:46,35,"Arakere, Bengaluru",18,0.17,0.0003
2026-05-09 04:10:36,35,"Arakere, Bengaluru",19,0.17,0.0003
2026-05-09 04:10:22,35,"Arakere, Bengaluru",19,0.17,0.0003
2026-05-09 04:10:10,35,"Arakere, Bengaluru",20,0.17,0.0004
2026-05-09 04:10:01,35,"Arakere, Bengaluru",20,0.17,0.0004
2026-05-09 04:09:46,35,"Arakere, Bengaluru",20,0.17,0.0004
2026-05-09 04:09:34,35,"Arakere, Bengaluru",20,0.17,0.0004
2026-05-09 04:09:22,35,"Arakere, Bengaluru",18,0.17,0.0003
2026-05-09 04:09:10,35,"Arakere, Bengaluru",19,0.17,0.0003
2026-05-09 04:09:01,35,"Arakere, Bengaluru",18,0.17,0.0003
2026-05-09 04:08:46,35,"Arakere, Bengaluru",20,0.17,0.0004
2026-05-09 04:08:34,35,"Arakere, Bengaluru",19,0.17,0.0003
2026-05-09 04:08:22,35,"Arakere, Bengaluru",21,0.17,0.0004
2026-05-09 04:08:10,35,"Arakere, Bengaluru",20,0.17,0.0004
2026-05-09 04:08:01,35,"Arakere, Bengaluru",19,0.17,0.0003
2026-05-09 04:07:46,35,"Arakere, Bengaluru",19,0.17,0.0003
2026-05-09 04:07:34,35,"Arakere, Bengaluru",19,0.17,0.0003
2026-05-09 04:07:22,35,"Arakere, Bengaluru",18,0.17,0.0003
2026-05-09 04:07:10,35,"Arakere, Bengaluru",19,0.17,0.0003
2026-05-09 04:07:01,34,"Arakere, Bengaluru",18,0.17,0.0003
2026-05-09 04:06:48,34,"Arakere, Bengaluru",20,0.17,0.0004
2026-05-09 04:06:48,34,"Arakere, Bengaluru",20,0.17,0.0004
2026-05-09 04:06:48,34,"Arakere, Bengaluru",20,0.17,0.0004
2026-05-09 04:06:48,34,"Arakere, Bengaluru",20,0.17,0.0004
2026-05-09 04:06:34,35,"Arakere, Bengaluru",21,0.17,0.0004
2026-05-09 04:06:22,34,"Arakere, Bengaluru",19,0.17,0.0003
2026-05-09 04:06:10,34,"Arakere, Bengaluru",18,0.17,0.0003
2026-05-09 04:06:01,34,"Arakere, Bengaluru",20,0.17,0.0004
2026-05-09 04:05:46,34,"Arakere, Bengaluru",20,0.17,0.0004
2026-05-09 04:05:34,34,"Arakere, Bengaluru",18,0.17,0.0003
2026-05-09 04:05:22,34,"Arakere, Bengaluru",20,0.17,0.0004
2026-05-09 04:05:10,36,"Arakere, Bengaluru",22,0.17,0.0005
2026-05-09 04:05:01,34,"Arakere, Bengaluru",20,0.17,0.0004
2026-05-09 04:04:48,34,"Arakere, Bengaluru",20,0.17,0.0004
2026-05-09 04:04:34,34,"Arakere, Bengaluru",19,0.17,0.0003
2026-05-09 04:04:22,34,"Arakere, Bengaluru",17,0.17,0.0003
2026-05-09 04:04:10,34,"Arakere, Bengaluru",18,0.17,0.0003
2026-05-09 04:04:01,35,"Arakere, Bengaluru",20,0.17,0.0004
2026-05-09 04:03:46,35,"Arakere, Bengaluru",18,0.17,0.0003
2026-05-09 04:03:34,35,"Arakere, Bengaluru",19,0.17,0.0003
2026-05-09 04:03:22,35,"Arakere, Bengaluru",19,0.17,0.0003
2026-05-09 04:03:10,35,"Arakere, Bengaluru",17,0.17,0.0003
2026-05-09 04:03:01,34,"Arakere, Bengaluru",19,0.17,0.0003
2026-05-09 04:02:46,34,"Arakere, Bengaluru",20,0.17,0.0004
2026-05-09 04:02:34,34,"Arakere, Bengaluru",20,0.17,0.0004
2026-05-09 04:02:22,34,"Arakere, Bengaluru",19,0.17,0.0003
2026-05-09 04:02:10,34,"Arakere, Bengaluru",19,0.17,0.0003
2026-05-09 04:02:01,34,"Arakere, Bengaluru",20,0.17,0.0004
2026-05-09 04:01:46,34,"Arakere, Bengaluru",20,0.17,0.0004
2026-05-09 04:01:35,35,"Arakere, Bengaluru",21,0.17,0.0004
2026-05-09 04:01:35,35,"Arakere, Bengaluru",21,0.17,0.0004
2026-05-09 04:01:35,35,"Arakere, Bengaluru",21,0.17,0.0004
2026-05-09 04:01:35,35,"Arakere, Bengaluru",21,0.17,0.0004
2026-05-09 04:01:22,35,"Arakere, Bengaluru",21,0.17,0.0004
2026-05-09 04:01:10,34,"Arakere, Bengaluru",20,0.17,0.0004
2026-05-09 04:01:01,34,"Arakere, Bengaluru",20,0.17,0.0004
2026-05-09 04:00:46,34,"Arakere, Bengaluru",17,0.17,0.0003
2026-05-09 04:00:34,34,"Arakere, Bengaluru",18,0.17,0.0003
2026-05-09 04:00:22,34,"Arakere, Bengaluru",18,0.17,0.0003
2026-05-09 04:00:10,34,"Arakere, Bengaluru",18,0.17,0.0003
2026-05-09 04:00:01,34,"Arakere, Bengaluru",19,0.17,0.0003
2026-05-09 03:59:46,34,"Arakere, Bengaluru",19,0.17,0.0003
2026-05-09 03:59:34,34,"Arakere, Bengaluru",17,0.17,0.0003
2026-05-09 03:59:22,34,"Arakere, Bengaluru",16,0.17,0.0002
2026-05-09 03:59:10,34,"Arakere, Bengaluru",16,0.17,0.0002
2026-05-09 03:59:01,34,"Arakere, Bengaluru",17,0.17,0.0003
2026-05-09 03:58:46,34,"Arakere, Bengaluru",19,0.17,0.0003
2026-05-09 03:58:36,34,"Arakere, Bengaluru",18,0.17,0.0003
2026-05-09 03:58:22,34,"Arakere, Bengaluru",17,0.17,0.0003
2026-05-09 03:58:13,34,"Arakere, Bengaluru",17,0.17,0.0003
2026-05-09 03:58:01,34,"Arakere, Bengaluru",18,0.17,0.0003
2026-05-09 03:57:46,34,"Arakere, Bengaluru",17,0.17,0.0003
2026-05-09 03:57:34,34,"Arakere, Bengaluru",17,0.17,0.0003
2026-05-09 03:57:22,34,"Arakere, Bengaluru",17,0.17,0.0003
2026-05-09 03:57:10,34,"Arakere, Bengaluru",16,0.17,0.0002
2026-05-09 03:57:01,34,"Arakere, Bengaluru",17,0.17,0.0003
2026-05-09 03:56:46,34,"Arakere, Bengaluru",17,0.17,0.0003
2026-05-09 03:56:35,34,"Arakere, Bengaluru",15,0.17,0.0002
2026-05-09 03:56:25,34,"Arakere, Bengaluru",17,0.17,0.0003
2026-05-09 03:56:25,34,"Arakere, Bengaluru",17,0.17,0.0003
2026-05-09 03:56:25,34,"Arakere, Bengaluru",17,0.17,0.0003
2026-05-09 03:56:25,34,"Arakere, Bengaluru",17,0.17,0.0003
2026-05-09 03:56:10,34,"Arakere, Bengaluru",15,0.17,0.0002
2026-05-09 03:56:01,34,"Arakere, Bengaluru",15,0.17,0.0002
2026-05-09 03:55:46,34,"Arakere, Bengaluru",17,0.17,0.0003
2026-05-09 03:55:34,34,"Arakere, Bengaluru",18,0.17,0.0003
2026-05-09 03:55:22,34,"Arakere, Bengaluru",17,0.17,0.0003
2026-05-09 03:55:10,34,"Arakere, Bengaluru",16,0.17,0.0002
2026-05-09 03:55:01,34,"Arakere, Bengaluru",17,0.17,0.0003
2026-05-09 03:54:46,34,"Arakere, Bengaluru",18,0.17,0.0003
2026-05-09 03:54:34,34,"Arakere, Bengaluru",17,0.17,0.0003
2026-05-09 03:54:22,34,"Arakere, Bengaluru",17,0.17,0.0003
2026-05-09 03:54:10,34,"Arakere, Bengaluru",16,0.17,0.0002
2026-05-09 03:54:01,34,"Arakere, Bengaluru",18,0.17,0.0003
2026-05-09 03:53:46,34,"Arakere, Bengaluru",19,0.17,0.0003
2026-05-09 03:53:34,34,"Arakere, Bengaluru",18,0.17,0.0003
2026-05-09 03:53:22,34,"Arakere, Bengaluru",18,0.17,0.0003
2026-05-09 03:53:10,34,"Arakere, Bengaluru",19,0.17,0.0003
2026-05-09 03:53:01,34,"Arakere, Bengaluru",20,0.17,0.0004
2026-05-09 03:52:46,34,"Arakere, Bengaluru",19,0.17,0.0003
2026-05-09 03:52:34,34,"Arakere, Bengaluru",20,0.17,0.0004
2026-05-09 03:52:22,34,"Arakere, Bengaluru",18,0.17,0.0003
2026-05-09 03:52:11,34,"Arakere, Bengaluru",20,0.17,0.0004
2026-05-09 03:52:01,34,"Arakere, Bengaluru",19,0.17,0.0003
2026-05-09 03:51:46,34,"Arakere, Bengaluru",20,0.17,0.0004
2026-05-09 03:51:34,34,"Arakere, Bengaluru",20,0.17,0.0004
2026-05-09 03:51:22,34,"Arakere, Bengaluru",19,0.17,0.0003
2026-05-09 03:51:11,34,"Arakere, Bengaluru",18,0.17,0.0003
2026-05-09 03:51:11,34,"Arakere, Bengaluru",18,0.17,0.0003
2026-05-09 03:51:11,34,"Arakere, Bengaluru",18,0.17,0.0003
2026-05-09 03:51:01,35,"Arakere, Bengaluru",18,0.17,0.0003
2026-05-09 03:50:46,35,"Arakere, Bengaluru",18,0.17,0.0003
2026-05-09 03:50:34,35,"Arakere, Bengaluru",19,0.17,0.0003
2026-05-09 03:50:22,35,"Arakere, Bengaluru",19,0.17,0.0003
2026-05-09 03:50:10,35,"Arakere, Bengaluru",20,0.17,0.0004
2026-05-09 03:50:01,35,"Arakere, Bengaluru",19,0.17,0.0003
2026-05-09 03:49:46,35,"Arakere, Bengaluru",19,0.17,0.0003
2026-05-09 03:49:34,35,"Arakere, Bengaluru",19,0.17,0.0003
2026-05-09 03:49:22,35,"Arakere, Bengaluru",19,0.17,0.0003
2026-05-09 03:49:11,35,"Arakere, Bengaluru",19,0.17,0.0003
2026-05-09 03:49:01,34,"Arakere, Bengaluru",18,0.17,0.0003
2026-05-09 03:48:46,34,"Arakere, Bengaluru",19,0.17,0.0003
2026-05-09 03:48:34,34,"Arakere, Bengaluru",19,0.17,0.0003
2026-05-09 03:48:22,34,"Arakere, Bengaluru",19,0.17,0.0003
2026-05-09 03:48:10,34,"Arakere, Bengaluru",18,0.17,0.0003
2026-05-09 03:47:58,34,"Arakere, Bengaluru",18,0.17,0.0003
2026-05-09 03:47:46,34,"Arakere, Bengaluru",18,0.17,0.0003
2026-05-09 03:47:34,34,"Arakere, Bengaluru",19,0.17,0.0003
2026-05-09 03:47:22,34,"Arakere, Bengaluru",18,0.17,0.0003
2026-05-09 03:47:10,34,"Arakere, Bengaluru",18,0.17,0.0003
2026-05-09 03:46:58,34,"Arakere, Bengaluru",18,0.17,0.0003
2026-05-09 03:46:46,34,"Arakere, Bengaluru",18,0.17,0.0003
2026-05-09 03:46:34,34,"Arakere, Bengaluru",18,0.17,0.0003
2026-05-09 03:46:22,34,"Arakere, Bengaluru",19,0.17,0.0003
2026-05-09 03:46:12,34,"Arakere, Bengaluru",19,0.17,0.0003
2026-05-09 03:46:03,35,"Arakere, Bengaluru",18,0.17,0.0003
2026-05-09 03:46:03,35,"Arakere, Bengaluru",18,0.17,0.0003
2026-05-09 03:46:03,35,"Arakere, Bengaluru",18,0.17,0.0003
2026-05-09 03:46:01,35,"Arakere, Bengaluru",18,0.17,0.0003
2026-05-09 03:45:46,35,"Arakere, Bengaluru",17,0.17,0.0003
2026-05-09 03:45:34,35,"Arakere, Bengaluru",18,0.17,0.0003
2026-05-09 03:45:22,35,"Arakere, Bengaluru",18,0.17,0.0003
2026-05-09 03:45:10,35,"Arakere, Bengaluru",19,0.17,0.0003
2026-05-09 03:44:58,34,"Arakere, Bengaluru",19,0.17,0.0003
2026-05-09 03:44:46,34,"Arakere, Bengaluru",19,0.17,0.0003
2026-05-09 03:44:34,34,"Arakere, Bengaluru",18,0.17,0.0003
2026-05-09 03:44:22,34,"Arakere, Bengaluru",18,0.17,0.0003
2026-05-09 03:44:10,34,"Arakere, Bengaluru",19,0.17,0.0003
2026-05-09 03:43:58,34,"Arakere, Bengaluru",19,0.17,0.0003
2026-05-09 03:43:46,34,"Arakere, Bengaluru",18,0.17,0.0003
2026-05-09 03:43:34,34,"Arakere, Bengaluru",19,0.17,0.0003
2026-05-09 03:43:22,34,"Arakere, Bengaluru",19,0.17,0.0003
2026-05-09 03:43:10,34,"Arakere, Bengaluru",18,0.17,0.0003
2026-05-09 03:42:58,34,"Arakere, Bengaluru",19,0.17,0.0003
2026-05-09 03:42:46,34,"Arakere, Bengaluru",19,0.17,0.0003
2026-05-09 03:42:34,34,"Arakere, Bengaluru",18,0.17,0.0003
2026-05-09 03:42:22,34,"Arakere, Bengaluru",20,0.17,0.0004
2026-05-09 03:42:10,34,"Arakere, Bengaluru",20,0.17,0.0004
2026-05-09 03:41:58,34,"Arakere, Bengaluru",18,0.17,0.0003
2026-05-09 03:41:46,34,"Arakere, Bengaluru",19,0.17,0.0003
2026-05-09 03:41:34,34,"Arakere, Bengaluru",19,0.17,0.0003
2026-05-09 03:41:22,34,"Arakere, Bengaluru",20,0.17,0.0004
2026-05-09 03:41:10,34,"Arakere, Bengaluru",18,0.17,0.0003
2026-05-09 03:40:58,34,"Arakere, Bengaluru",18,0.17,0.0003
2026-05-09 03:40:47,34,"Arakere, Bengaluru",19,0.17,0.0003
2026-05-09 03:40:47,34,"Arakere, Bengaluru",19,0.17,0.0003
2026-05-09 03:40:47,34,"Arakere, Bengaluru",19,0.17,0.0003
2026-05-09 03:40:34,34,"Arakere, Bengaluru",18,0.17,0.0003
2026-05-09 03:40:22,34,"Arakere, Bengaluru",20,0.17,0.0004
2026-05-09 03:40:10,34,"Arakere, Bengaluru",17,0.17,0.0003
2026-05-09 03:39:58,34,"Arakere, Bengaluru",18,0.17,0.0003
2026-05-09 03:39:46,34,"Arakere, Bengaluru",18,0.17,0.0003
2026-05-09 03:39:34,34,"Arakere, Bengaluru",18,0.17,0.0003
2026-05-09 03:39:22,34,"Arakere, Bengaluru",17,0.17,0.0003
2026-05-09 03:39:10,34,"Arakere, Bengaluru",19,0.17,0.0003
2026-05-09 03:38:58,34,"Arakere, Bengaluru",19,0.17,0.0003
2026-05-09 03:38:46,34,"Arakere, Bengaluru",17,0.17,0.0003
2026-05-09 03:38:35,34,"Arakere, Bengaluru",17,0.17,0.0003
2026-05-09 03:38:22,34,"Arakere, Bengaluru",17,0.17,0.0003
2026-05-09 03:38:10,34,"Arakere, Bengaluru",18,0.17,0.0003
2026-05-09 03:37:58,34,"Arakere, Bengaluru",17,0.17,0.0003
2026-05-09 03:37:46,34,"Arakere, Bengaluru",17,0.17,0.0003
2026-05-09 03:37:34,34,"Arakere, Bengaluru",17,0.17,0.0003
2026-05-09 03:37:22,34,"Arakere, Bengaluru",19,0.17,0.0003
2026-05-09 03:37:10,34,"Arakere, Bengaluru",18,0.17,0.0003
2026-05-09 03:36:58,34,"Arakere, Bengaluru",18,0.17,0.0003
2026-05-09 03:36:46,34,"Arakere, Bengaluru",19,0.17,0.0003
2026-05-09 03:36:34,34,"Arakere, Bengaluru",18,0.17,0.0003
2026-05-09 03:36:22,34,"Arakere, Bengaluru",18,0.17,0.0003
2026-05-09 03:36:10,34,"Arakere, Bengaluru",18,0.17,0.0003
2026-05-09 03:35:58,34,"Arakere, Bengaluru",17,0.17,0.0003
2026-05-09 03:35:46,34,"Arakere, Bengaluru",16,0.17,0.0002
2026-05-09 03:35:35,34,"Arakere, Bengaluru",16,0.17,0.0002
2026-05-09 03:35:35,34,"Arakere, Bengaluru",16,0.17,0.0002
2026-05-09 03:35:35,34,"Arakere, Bengaluru",16,0.17,0.0002
2026-05-09 03:35:22,34,"Arakere, Bengaluru",17,0.17,0.0003
2026-05-09 03:35:10,34,"Arakere, Bengaluru",18,0.17,0.0003
2026-05-09 03:34:58,34,"Arakere, Bengaluru",16,0.17,0.0002
2026-05-09 03:34:46,34,"Arakere, Bengaluru",17,0.17,0.0003
2026-05-09 03:34:34,34,"Arakere, Bengaluru",16,0.17,0.0002
2026-05-09 03:34:22,34,"Arakere, Bengaluru",17,0.17,0.0003
2026-05-09 03:34:10,34,"Arakere, Bengaluru",18,0.17,0.0003
2026-05-09 03:33:58,34,"Arakere, Bengaluru",17,0.17,0.0003
2026-05-09 03:33:46,34,"Arakere, Bengaluru",17,0.17,0.0003
2026-05-09 03:33:34,34,"Arakere, Bengaluru",17,0.17,0.0003
2026-05-09 03:33:22,34,"Arakere, Bengaluru",18,0.17,0.0003
2026-05-09 03:33:10,34,"Arakere, Bengaluru",18,0.17,0.0003
2026-05-09 03:32:58,34,"Arakere, Bengaluru",18,0.17,0.0003
2026-05-09 03:32:46,34,"Arakere, Bengaluru",18,0.17,0.0003
2026-05-09 03:32:34,34,"Arakere, Bengaluru",17,0.17,0.0003
2026-05-09 03:32:22,34,"Arakere, Bengaluru",17,0.17,0.0003
2026-05-09 03:32:10,34,"Arakere, Bengaluru",17,0.17,0.0003
2026-05-09 03:31:58,34,"Arakere, Bengaluru",15,0.17,0.0002
2026-05-09 03:31:46,34,"Arakere, Bengaluru",16,0.17,0.0002
2026-05-09 03:31:34,34,"Arakere, Bengaluru",18,0.17,0.0003
2026-05-09 03:31:22,34,"Arakere, Bengaluru",17,0.17,0.0003
2026-05-09 03:31:10,34,"Arakere, Bengaluru",18,0.17,0.0003
2026-05-09 03:30:58,34,"Arakere, Bengaluru",17,0.17,0.0003
2026-05-09 03:30:46,34,"Arakere, Bengaluru",18,0.17,0.0003
2026-05-09 03:30:33,34,"Arakere, Bengaluru",18,0.17,0.0003
2026-05-09 03:30:23,34,"Arakere, Bengaluru",18,0.17,0.0003
2026-05-09 03:30:23,34,"Arakere, Bengaluru",18,0.17,0.0003
2026-05-09 03:30:23,34,"Arakere, Bengaluru",18,0.17,0.0003
2026-05-09 03:30:10,34,"Arakere, Bengaluru",18,0.17,0.0003
2026-05-09 03:29:58,34,"Arakere, Bengaluru",15,0.17,0.0002
2026-05-09 03:29:49,34,"Arakere, Bengaluru",16,0.17,0.0002
2026-05-09 03:29:34,34,"Arakere, Bengaluru",17,0.17,0.0003
2026-05-09 03:29:22,34,"Arakere, Bengaluru",17,0.17,0.0003
2026-05-09 03:29:09,34,"Arakere, Bengaluru",18,0.17,0.0003
2026-05-09 03:28:57,34,"Arakere, Bengaluru",19,0.17,0.0003
2026-05-09 03:28:46,34,"Arakere, Bengaluru",18,0.17,0.0003
2026-05-09 03:28:33,34,"Arakere, Bengaluru",19,0.17,0.0003
2026-05-09 03:28:22,34,"Arakere, Bengaluru",18,0.17,0.0003
2026-05-09 03:28:10,34,"Arakere, Bengaluru",18,0.17,0.0003
2026-05-09 03:27:58,34,"Arakere, Bengaluru",19,0.17,0.0003
2026-05-09 03:27:45,34,"Arakere, Bengaluru",19,0.17,0.0003
2026-05-09 03:27:34,34,"Arakere, Bengaluru",18,0.17,0.0003
2026-05-09 03:27:22,34,"Arakere, Bengaluru",18,0.17,0.0003
2026-05-09 03:27:09,34,"Arakere, Bengaluru",18,0.17,0.0003
2026-05-09 03:26:57,34,"Arakere, Bengaluru",18,0.17,0.0003
2026-05-09 03:26:45,34,"Arakere, Bengaluru",19,0.17,0.0003
2026-05-09 03:26:33,34,"Arakere, Bengaluru",18,0.17,0.0003
2026-05-09 03:26:22,34,"Arakere, Bengaluru",18,0.17,0.0003
2026-05-09 03:26:10,34,"Arakere, Bengaluru",17,0.17,0.0003
2026-05-09 03:25:58,34,"Arakere, Bengaluru",17,0.17,0.0003
2026-05-09 03:25:45,34,"Arakere, Bengaluru",19,0.17,0.0003
2026-05-09 03:25:33,34,"Arakere, Bengaluru",18,0.17,0.0003
2026-05-09 03:25:21,34,"Arakere, Bengaluru",18,0.17,0.0003
2026-05-09 03:25:13,34,"Arakere, Bengaluru",18,0.17,0.0003
2026-05-09 03:25:13,34,"Arakere, Bengaluru",18,0.17,0.0003
2026-05-09 03:25:13,34,"Arakere, Bengaluru",18,0.17,0.0003
2026-05-09 03:24:58,34,"Arakere, Bengaluru",18,0.17,0.0003
2026-05-09 03:24:45,34,"Arakere, Bengaluru",16,0.17,0.0002
2026-05-09 03:24:33,34,"Arakere, Bengaluru",17,0.17,0.0003
2026-05-09 03:24:21,34,"Arakere, Bengaluru",18,0.17,0.0003
2026-05-09 03:24:11,34,"Arakere, Bengaluru",20,0.17,0.0004
2026-05-09 03:23:57,34,"Arakere, Bengaluru",19,0.17,0.0003
2026-05-09 03:23:45,34,"Arakere, Bengaluru",19,0.17,0.0003
2026-05-09 03:23:33,34,"Arakere, Bengaluru",18,0.17,0.0003
2026-05-09 03:23:21,34,"Arakere, Bengaluru",19,0.17,0.0003
2026-05-09 03:23:09,34,"Arakere, Bengaluru",19,0.17,0.0003
2026-05-09 03:22:57,34,"Arakere, Bengaluru",18,0.17,0.0003
2026-05-09 03:22:45,34,"Arakere, Bengaluru",20,0.17,0.0004
2026-05-09 03:22:33,34,"Arakere, Bengaluru",19,0.17,0.0003
2026-05-09 03:22:21,34,"Arakere, Bengaluru",18,0.17,0.0003
2026-05-09 03:22:09,34,"Arakere, Bengaluru",18,0.17,0.0003
2026-05-09 03:21:57,34,"Arakere, Bengaluru",18,0.17,0.0003
2026-05-09 03:21:47,34,"Arakere, Bengaluru",17,0.17,0.0003
2026-05-09 03:21:33,34,"Arakere, Bengaluru",18,0.17,0.0003
2026-05-09 03:21:21,34,"Arakere, Bengaluru",18,0.17,0.0003
2026-05-09 03:21:09,34,"Arakere, Bengaluru",18,0.17,0.0003
2026-05-09 03:20:57,34,"Arakere, Bengaluru",17,0.17,0.0003
2026-05-09 03:20:45,34,"Arakere, Bengaluru",16,0.17,0.0002
2026-05-09 03:20:33,34,"Arakere, Bengaluru",18,0.17,0.0003
2026-05-09 03:20:21,34,"Arakere, Bengaluru",19,0.17,0.0003
2026-05-09 03:20:11,34,"Arakere, Bengaluru",18,0.17,0.0003
2026-05-09 03:20:11,34,"Arakere, Bengaluru",18,0.17,0.0003
2026-05-09 03:20:11,34,"Arakere, Bengaluru",18,0.17,0.0003
2026-05-09 03:19:57,33,"Arakere, Bengaluru",18,0.16,0.0003
2026-05-09 03:19:45,33,"Arakere, Bengaluru",19,0.16,0.0003
2026-05-09 03:19:33,33,"Arakere, Bengaluru",17,0.16,0.0003
2026-05-09 03:19:21,33,"Arakere, Bengaluru",17,0.16,0.0003
2026-05-09 03:19:13,33,"Arakere, Bengaluru",18,0.16,0.0003
2026-05-09 03:18:59,33,"Arakere, Bengaluru",18,0.17,0.0003
2026-05-09 03:18:47,33,"Arakere, Bengaluru",19,0.17,0.0003
2026-05-09 03:18:36,33,"Arakere, Bengaluru",17,0.17,0.0003
2026-05-09 03:18:22,33,"Arakere, Bengaluru",17,0.17,0.0003
2026-05-09 03:18:09,33,"Arakere, Bengaluru",16,0.17,0.0002
2026-05-09 03:17:57,34,"Arakere, Bengaluru",18,0.17,0.0003
2026-05-09 03:17:45,34,"Arakere, Bengaluru",18,0.17,0.0003
2026-05-09 03:17:33,34,"Arakere, Bengaluru",18,0.17,0.0003
2026-05-09 03:17:21,34,"Arakere, Bengaluru",17,0.17,0.0003
2026-05-09 03:17:09,34,"Arakere, Bengaluru",17,0.17,0.0003
2026-05-09 03:16:57,33,"Arakere, Bengaluru",18,0.17,0.0003
2026-05-09 03:16:45,33,"Arakere, Bengaluru",18,0.17,0.0003
2026-05-09 03:16:33,33,"Arakere, Bengaluru",18,0.17,0.0003
2026-05-09 03:16:21,33,"Arakere, Bengaluru",19,0.17,0.0003
2026-05-09 03:16:09,33,"Arakere, Bengaluru",19,0.17,0.0003
2026-05-09 03:15:57,33,"Arakere, Bengaluru",19,0.16,0.0003
2026-05-09 03:15:45,33,"Arakere, Bengaluru",19,0.16,0.0003
2026-05-09 03:15:36,33,"Arakere, Bengaluru",18,0.16,0.0003
2026-05-09 03:15:21,33,"Arakere, Bengaluru",17,0.16,0.0003
2026-05-09 03:15:09,33,"Arakere, Bengaluru",15,0.16,0.0002
2026-05-09 03:14:59,33,"Arakere, Bengaluru",15,0.16,0.0002
2026-05-09 03:14:59,33,"Arakere, Bengaluru",15,0.16,0.0002
2026-05-09 03:14:59,33,"Arakere, Bengaluru",15,0.16,0.0002
2026-05-09 03:14:45,33,"Arakere, Bengaluru",16,0.16,0.0002
2026-05-09 03:14:33,33,"Arakere, Bengaluru",17,0.16,0.0003
2026-05-09 03:14:21,33,"Arakere, Bengaluru",17,0.16,0.0003
2026-05-09 03:14:09,33,"Arakere, Bengaluru",17,0.16,0.0003
2026-05-09 03:13:57,33,"Arakere, Bengaluru",16,0.16,0.0002
2026-05-09 03:13:45,33,"Arakere, Bengaluru",16,0.16,0.0002
2026-05-09 03:13:33,33,"Arakere, Bengaluru",17,0.16,0.0003
2026-05-09 03:13:21,33,"Arakere, Bengaluru",17,0.16,0.0003
2026-05-09 03:13:09,33,"Arakere, Bengaluru",16,0.16,0.0002
2026-05-09 03:12:57,33,"Arakere, Bengaluru",14,0.17,0.0002
2026-05-09 03:12:45,33,"Arakere, Bengaluru",17,0.17,0.0003
2026-05-09 03:12:33,33,"Arakere, Bengaluru",17,0.17,0.0003
2026-05-09 03:12:21,33,"Arakere, Bengaluru",17,0.17,0.0003
2026-05-09 03:12:09,33,"Arakere, Bengaluru",17,0.17,0.0003
2026-05-09 03:11:57,33,"Arakere, Bengaluru",17,0.16,0.0003
2026-05-09 03:11:45,33,"Arakere, Bengaluru",17,0.16,0.0003
2026-05-09 03:11:33,33,"Arakere, Bengaluru",16,0.16,0.0002
2026-05-09 03:11:21,33,"Arakere, Bengaluru",15,0.16,0.0002
2026-05-09 03:11:09,33,"Arakere, Bengaluru",16,0.16,0.0002
2026-05-09 03:10:57,33,"Arakere, Bengaluru",15,0.16,0.0002
2026-05-09 03:10:45,33,"Arakere, Bengaluru",17,0.16,0.0003
2026-05-09 03:10:33,33,"Arakere, Bengaluru",16,0.16,0.0002
2026-05-09 03:10:21,33,"Arakere, Bengaluru",17,0.16,0.0003
2026-05-09 03:10:09,33,"Arakere, Bengaluru",16,0.16,0.0002
2026-05-09 03:10:01,33,"Arakere, Bengaluru",15,0.16,0.0002
2026-05-09 03:09:47,33,"Arakere, Bengaluru",13,0.16,0.0001
2026-05-09 03:09:47,33,"Arakere, Bengaluru",13,0.16,0.0001
2026-05-09 03:09:47,33,"Arakere, Bengaluru",13,0.16,0.0001
2026-05-09 03:09:47,33,"Arakere, Bengaluru",13,0.16,0.0001
2026-05-09 03:09:47,33,"Arakere, Bengaluru",13,0.16,0.0001
2026-05-09 03:09:33,33,"Arakere, Bengaluru",14,0.16,0.0002
2026-05-09 03:09:21,33,"Arakere, Bengaluru",16,0.16,0.0002
2026-05-09 03:09:09,33,"Arakere, Bengaluru",16,0.16,0.0002
2026-05-09 03:08:57,33,"Arakere, Bengaluru",14,0.16,0.0002
2026-05-09 03:08:47,33,"Arakere, Bengaluru",16,0.16,0.0002
2026-05-09 03:08:33,33,"Arakere, Bengaluru",15,0.16,0.0002
2026-05-09 03:08:21,33,"Arakere, Bengaluru",17,0.16,0.0003
2026-05-09 03:08:11,33,"Arakere, Bengaluru",18,0.16,0.0003
2026-05-09 03:07:57,33,"Arakere, Bengaluru",18,0.16,0.0003
2026-05-09 03:07:45,33,"Arakere, Bengaluru",18,0.16,0.0003
2026-05-09 03:07:33,33,"Arakere, Bengaluru",18,0.16,0.0003
2026-05-09 03:07:21,33,"Arakere, Bengaluru",18,0.16,0.0003
2026-05-09 03:07:09,33,"Arakere, Bengaluru",17,0.16,0.0003
2026-05-09 03:06:57,32,"Arakere, Bengaluru",17,0.16,0.0003
2026-05-09 03:06:45,32,"Arakere, Bengaluru",15,0.16,0.0002
2026-05-09 03:06:33,32,"Arakere, Bengaluru",15,0.16,0.0002
2026-05-09 03:06:21,32,"Arakere, Bengaluru",14,0.16,0.0002
2026-05-09 03:06:09,32,"Arakere, Bengaluru",16,0.16,0.0002
2026-05-09 03:05:57,32,"Arakere, Bengaluru",16,0.16,0.0002
2026-05-09 03:05:45,32,"Arakere, Bengaluru",18,0.16,0.0003
2026-05-09 03:05:33,32,"Arakere, Bengaluru",17,0.16,0.0003
2026-05-09 03:05:21,32,"Arakere, Bengaluru",16,0.16,0.0002
2026-05-09 03:05:09,32,"Arakere, Bengaluru",15,0.16,0.0002
2026-05-09 03:04:57,32,"Arakere, Bengaluru",14,0.16,0.0002
2026-05-09 03:04:45,32,"Arakere, Bengaluru",13,0.16,0.0001
2026-05-09 03:04:35,32,"Arakere, Bengaluru",15,0.16,0.0002
2026-05-09 03:04:35,32,"Arakere, Bengaluru",15,0.16,0.0002
2026-05-09 03:04:35,32,"Arakere, Bengaluru",15,0.16,0.0002
2026-05-09 03:04:21,32,"Arakere, Bengaluru",16,0.16,0.0002
2026-05-09 03:04:09,32,"Arakere, Bengaluru",16,0.16,0.0002
2026-05-09 03:03:57,32,"Arakere, Bengaluru",16,0.16,0.0002
2026-05-09 03:03:45,32,"Arakere, Bengaluru",17,0.16,0.0003
2026-05-09 03:03:33,32,"Arakere, Bengaluru",16,0.16,0.0002
2026-05-09 03:03:21,32,"Arakere, Bengaluru",17,0.16,0.0003
2026-05-09 03:03:09,32,"Arakere, Bengaluru",16,0.16,0.0002
2026-05-09 03:02:57,32,"Arakere, Bengaluru",16,0.16,0.0002
2026-05-09 03:02:45,32,"Arakere, Bengaluru",17,0.16,0.0003
2026-05-09 03:02:33,32,"Arakere, Bengaluru",17,0.16,0.0003
2026-05-09 03:02:21,32,"Arakere, Bengaluru",18,0.16,0.0003
2026-05-09 03:02:09,32,"Arakere, Bengaluru",18,0.16,0.0003
2026-05-09 03:01:57,31,"Arakere, Bengaluru",17,0.16,0.0003
2026-05-09 03:01:45,31,"Arakere, Bengaluru",17,0.16,0.0003
2026-05-09 03:01:33,31,"Arakere, Bengaluru",18,0.16,0.0003
2026-05-09 03:01:21,31,"Arakere, Bengaluru",19,0.16,0.0003
2026-05-09 03:01:09,31,"Arakere, Bengaluru",16,0.16,0.0002
2026-05-09 03:00:57,31,"Arakere, Bengaluru",16,0.16,0.0002
2026-05-09 03:00:33,31,"Arakere, Bengaluru",18,0.16,0.0003
2026-05-09 03:00:21,31,"Arakere, Bengaluru",18,0.16,0.0003
2026-05-09 03:00:09,31,"Arakere, Bengaluru",19,0.16,0.0003
2026-05-09 02:59:57,31,"Arakere, Bengaluru",17,0.16,0.0003
2026-05-09 02:59:45,31,"Arakere, Bengaluru",17,0.16,0.0003
2026-05-09 02:59:33,31,"Arakere, Bengaluru",17,0.16,0.0003
2026-05-09 02:59:23,31,"Arakere, Bengaluru",17,0.16,0.0003
2026-05-09 02:59:23,31,"Arakere, Bengaluru",17,0.16,0.0003
2026-05-09 02:59:23,31,"Arakere, Bengaluru",17,0.16,0.0003
2026-05-09 02:59:23,31,"Arakere, Bengaluru",17,0.16,0.0003
2026-05-09 02:59:23,31,"Arakere, Bengaluru",17,0.16,0.0003
2026-05-09 02:58:59,30,"Arakere, Bengaluru",16,0.15,0.0002
2026-05-09 02:58:45,30,"Arakere, Bengaluru",17,0.15,0.0003
2026-05-09 02:58:33,30,"Arakere, Bengaluru",15,0.15,0.0002
2026-05-09 02:58:21,30,"Arakere, Bengaluru",17,0.15,0.0003
2026-05-09 02:58:11,30,"Arakere, Bengaluru",18,0.15,0.0003
2026-05-09 02:57:57,29,"Arakere, Bengaluru",17,0.15,0.0003
2026-05-09 02:57:45,29,"Arakere, Bengaluru",17,0.15,0.0003
2026-05-09 02:57:33,29,"Arakere, Bengaluru",17,0.15,0.0003
2026-05-09 02:57:21,30,"Arakere, Bengaluru",18,0.15,0.0003
2026-05-09 02:57:11,31,"Arakere, Bengaluru",19,0.15,0.0003
2026-05-09 02:56:57,30,"Arakere, Bengaluru",18,0.14,0.0003
2026-05-09 02:56:45,30,"Arakere, Bengaluru",18,0.14,0.0003
2026-05-09 02:56:33,30,"Arakere, Bengaluru",18,0.14,0.0003
2026-05-09 02:56:21,30,"Arakere, Bengaluru",18,0.14,0.0003
2026-05-09 02:56:09,30,"Arakere, Bengaluru",18,0.14,0.0003
2026-05-09 02:55:57,30,"Arakere, Bengaluru",18,0.14,0.0003
2026-05-09 02:55:45,30,"Arakere, Bengaluru",18,0.14,0.0003
2026-05-09 02:55:33,31,"Arakere, Bengaluru",19,0.14,0.0003
2026-05-09 02:55:21,33,"Arakere, Bengaluru",20,0.14,0.0004
2026-05-09 02:55:11,31,"Arakere, Bengaluru",19,0.14,0.0003
2026-05-09 02:54:57,31,"Arakere, Bengaluru",19,0.14,0.0003
2026-05-09 02:54:45,31,"Arakere, Bengaluru",19,0.14,0.0003
2026-05-09 02:54:33,31,"Arakere, Bengaluru",19,0.14,0.0003
2026-05-09 02:54:24,30,"Arakere, Bengaluru",18,0.14,0.0003
2026-05-09 02:54:15,31,"Arakere, Bengaluru",19,0.14,0.0003
2026-05-09 02:54:03,31,"Arakere, Bengaluru",19,0.14,0.0003
2026-05-09 02:54:03,31,"Arakere, Bengaluru",19,0.14,0.0003
2026-05-09 02:54:03,31,"Arakere, Bengaluru",19,0.14,0.0003
2026-05-09 02:54:01,31,"Arakere, Bengaluru",19,0.14,0.0003
2026-05-09 02:53:51,31,"Arakere, Bengaluru",19,0.14,0.0003
2026-05-09 02:53:36,28,"Arakere, Bengaluru",17,0.14,0.0003
2026-05-09 02:53:21,28,"Arakere, Bengaluru",17,0.14,0.0003
2026-05-09 02:53:09,31,"Arakere, Bengaluru",19,0.14,0.0003
2026-05-09 02:52:57,31,"Arakere, Bengaluru",19,0.14,0.0003
2026-05-09 02:52:45,33,"Arakere, Bengaluru",20,0.14,0.0004
2026-05-09 02:52:33,31,"Arakere, Bengaluru",19,0.14,0.0003
2026-05-09 02:52:21,31,"Arakere, Bengaluru",19,0.14,0.0003
2026-05-09 02:52:09,35,"Arakere, Bengaluru",21,0.14,0.0004
2026-05-09 02:51:59,33,"Arakere, Bengaluru",20,0.14,0.0004
2026-05-09 02:51:45,33,"Arakere, Bengaluru",20,0.14,0.0004
2026-05-09 02:51:33,31,"Arakere, Bengaluru",19,0.14,0.0003
2026-05-09 02:51:21,35,"Arakere, Bengaluru",21,0.14,0.0004
2026-05-09 02:51:09,35,"Arakere, Bengaluru",21,0.14,0.0004
2026-05-09 02:50:58,35,"Arakere, Bengaluru",21,0.15,0.0004
2026-05-09 02:50:45,38,"Arakere, Bengaluru",23,0.15,0.0005
2026-05-09 02:50:33,46,"Arakere, Bengaluru",28,0.15,0.0007
2026-05-09 02:50:21,54,"Arakere, Bengaluru",33,0.15,0.0009
2026-05-09 02:50:09,59,"Arakere, Bengaluru",36,0.15,0.0010
2026-05-09 02:49:58,56,"Arakere, Bengaluru",34,0.15,0.0009
2026-05-09 02:49:52,46,"Arakere, Bengaluru",28,0.15,0.0007
2026-05-09 02:49:42,36,"Arakere, Bengaluru",22,0.15,0.0005
2026-05-09 02:49:30,36,"Arakere, Bengaluru",22,0.15,0.0005
2026-05-09 02:49:21,33,"Arakere, Bengaluru",20,0.15,0.0004
2026-05-09 02:49:06,31,"Arakere, Bengaluru",19,0.15,0.0003
2026-05-09 02:48:56,33,"Arakere, Bengaluru",20,0.15,0.0004
2026-05-09 02:48:56,33,"Arakere, Bengaluru",20,0.15,0.0004
2026-05-09 02:48:56,33,"Arakere, Bengaluru",20,0.15,0.0004
2026-05-09 02:48:56,33,"Arakere, Bengaluru",20,0.15,0.0004
2026-05-09 02:48:42,29,"Arakere, Bengaluru",17,0.15,0.0003
2026-05-09 02:48:30,30,"Arakere, Bengaluru",18,0.15,0.0003
2026-05-09 02:48:18,31,"Arakere, Bengaluru",19,0.15,0.0003
2026-05-09 02:48:06,33,"Arakere, Bengaluru",20,0.15,0.0004
2026-05-09 02:47:57,33,"Arakere, Bengaluru",20,0.15,0.0004
2026-05-09 02:47:42,33,"Arakere, Bengaluru",20,0.15,0.0004
2026-05-09 02:47:30,35,"Arakere, Bengaluru",21,0.15,0.0004
2026-05-09 02:47:18,33,"Arakere, Bengaluru",20,0.15,0.0004
2026-05-09 02:47:06,35,"Arakere, Bengaluru",21,0.15,0.0004
2026-05-09 02:46:54,33,"Arakere, Bengaluru",20,0.15,0.0004
2026-05-09 02:46:42,35,"Arakere, Bengaluru",21,0.15,0.0004
2026-05-09 02:46:30,33,"Arakere, Bengaluru",20,0.15,0.0004
2026-05-09 02:46:18,33,"Arakere, Bengaluru",20,0.15,0.0004
2026-05-09 02:46:06,33,"Arakere, Bengaluru",20,0.15,0.0004
2026-05-09 02:45:54,30,"Arakere, Bengaluru",18,0.15,0.0003
2026-05-09 02:45:42,30,"Arakere, Bengaluru",18,0.15,0.0003
2026-05-09 02:45:30,30,"Arakere, Bengaluru",18,0.15,0.0003
2026-05-09 02:45:18,33,"Arakere, Bengaluru",20,0.15,0.0004
2026-05-09 02:45:06,31,"Arakere, Bengaluru",19,0.15,0.0003
2026-05-09 02:44:54,33,"Arakere, Bengaluru",20,0.15,0.0004
2026-05-09 02:44:42,31,"Arakere, Bengaluru",19,0.15,0.0003
2026-05-09 02:44:30,31,"Arakere, Bengaluru",19,0.15,0.0003
2026-05-09 02:44:18,31,"Arakere, Bengaluru",19,0.15,0.0003
2026-05-09 02:44:06,29,"Arakere, Bengaluru",17,0.15,0.0003
2026-05-09 02:43:54,30,"Arakere, Bengaluru",18,0.15,0.0003
2026-05-09 02:43:44,35,"Arakere, Bengaluru",21,0.15,0.0004
2026-05-09 02:43:44,35,"Arakere, Bengaluru",21,0.15,0.0004
2026-05-09 02:43:44,35,"Arakere, Bengaluru",21,0.15,0.0004
2026-05-09 02:43:30,31,"Arakere, Bengaluru",19,0.15,0.0003
2026-05-09 02:43:18,33,"Arakere, Bengaluru",20,0.15,0.0004
2026-05-09 02:43:06,33,"Arakere, Bengaluru",20,0.15,0.0004
2026-05-09 02:42:54,33,"Arakere, Bengaluru",20,0.15,0.0004
2026-05-09 02:42:42,31,"Arakere, Bengaluru",19,0.15,0.0003
2026-05-09 02:42:30,31,"Arakere, Bengaluru",19,0.15,0.0003
2026-05-09 02:42:18,30,"Arakere, Bengaluru",18,0.15,0.0003
2026-05-09 02:42:06,30,"Arakere, Bengaluru",18,0.15,0.0003
2026-05-09 02:41:54,33,"Arakere, Bengaluru",20,0.15,0.0004
2026-05-09 02:41:42,31,"Arakere, Bengaluru",19,0.15,0.0003
2026-05-09 02:41:30,31,"Arakere, Bengaluru",19,0.15,0.0003
2026-05-09 02:41:18,31,"Arakere, Bengaluru",19,0.15,0.0003
2026-05-09 02:41:06,31,"Arakere, Bengaluru",19,0.15,0.0003
2026-05-09 02:40:54,35,"Arakere, Bengaluru",21,0.15,0.0004
2026-05-09 02:40:42,35,"Arakere, Bengaluru",21,0.15,0.0004
2026-05-09 02:40:30,33,"Arakere, Bengaluru",20,0.15,0.0004
2026-05-09 02:40:18,33,"Arakere, Bengaluru",20,0.15,0.0004
2026-05-09 02:40:06,33,"Arakere, Bengaluru",20,0.15,0.0004
2026-05-09 02:39:54,33,"Arakere, Bengaluru",20,0.15,0.0004
2026-05-09 02:39:42,31,"Arakere, Bengaluru",19,0.15,0.0003
2026-05-09 02:39:30,33,"Arakere, Bengaluru",20,0.15,0.0004
2026-05-09 02:39:18,33,"Arakere, Bengaluru",20,0.15,0.0004
2026-05-09 02:39:06,33,"Arakere, Bengaluru",20,0.15,0.0004
2026-05-09 02:38:54,35,"Arakere, Bengaluru",21,0.15,0.0004
2026-05-09 02:38:42,40,"Arakere, Bengaluru",24,0.15,0.0005
2026-05-09 02:38:34,50,"Arakere, Bengaluru",30,0.15,0.0008
2026-05-09 02:38:34,50,"Arakere, Bengaluru",30,0.15,0.0008
2026-05-09 02:38:34,50,"Arakere, Bengaluru",30,0.15,0.0008
2026-05-09 02:38:34,50,"Arakere, Bengaluru",30,0.15,0.0008
2026-05-09 02:38:21,51,"Arakere, Bengaluru",31,0.15,0.0008
2026-05-09 02:38:09,45,"Arakere, Bengaluru",27,0.15,0.0006
2026-05-09 02:38:05,35,"Arakere, Bengaluru",21,0.15,0.0004
2026-05-09 02:37:53,31,"Arakere, Bengaluru",19,0.15,0.0003
2026-05-09 02:37:41,35,"Arakere, Bengaluru",21,0.15,0.0004
2026-05-09 02:37:29,33,"Arakere, Bengaluru",20,0.15,0.0004
2026-05-09 02:37:17,31,"Arakere, Bengaluru",19,0.15,0.0003
2026-05-09 02:37:05,31,"Arakere, Bengaluru",19,0.15,0.0003
2026-05-09 02:36:53,33,"Arakere, Bengaluru",20,0.15,0.0004
2026-05-09 02:36:41,33,"Arakere, Bengaluru",20,0.15,0.0004
2026-05-09 02:36:29,35,"Arakere, Bengaluru",21,0.15,0.0004
2026-05-09 02:36:17,33,"Arakere, Bengaluru",20,0.15,0.0004
2026-05-09 02:36:05,35,"Arakere, Bengaluru",21,0.15,0.0004
2026-05-09 02:35:53,31,"Arakere, Bengaluru",19,0.15,0.0003
2026-05-09 02:35:41,33,"Arakere, Bengaluru",20,0.15,0.0004
2026-05-09 02:35:29,33,"Arakere, Bengaluru",20,0.15,0.0004
2026-05-09 02:35:17,33,"Arakere, Bengaluru",20,0.15,0.0004
2026-05-09 02:35:05,31,"Arakere, Bengaluru",19,0.15,0.0003
2026-05-09 02:34:53,31,"Arakere, Bengaluru",19,0.15,0.0003
2026-05-09 02:34:41,35,"Arakere, Bengaluru",21,0.15,0.0004
2026-05-09 02:34:29,31,"Arakere, Bengaluru",19,0.15,0.0003
2026-05-09 02:34:17,30,"Arakere, Bengaluru",18,0.15,0.0003
2026-05-09 02:34:05,30,"Arakere, Bengaluru",18,0.15,0.0003
2026-05-09 02:33:53,33,"Arakere, Bengaluru",20,0.15,0.0004
2026-05-09 02:33:41,35,"Arakere, Bengaluru",21,0.15,0.0004
2026-05-09 02:33:30,33,"Arakere, Bengaluru",20,0.15,0.0004
2026-05-09 02:33:30,33,"Arakere, Bengaluru",20,0.15,0.0004
2026-05-09 02:33:30,33,"Arakere, Bengaluru",20,0.15,0.0004
2026-05-09 02:33:30,33,"Arakere, Bengaluru",20,0.15,0.0004
2026-05-09 02:33:17,33,"Arakere, Bengaluru",20,0.15,0.0004
2026-05-09 02:33:05,33,"Arakere, Bengaluru",20,0.15,0.0004
2026-05-09 02:32:53,33,"Arakere, Bengaluru",20,0.15,0.0004
2026-05-09 02:32:41,31,"Arakere, Bengaluru",19,0.15,0.0003
2026-05-09 02:32:29,33,"Arakere, Bengaluru",20,0.15,0.0004
2026-05-09 02:32:17,31,"Arakere, Bengaluru",19,0.15,0.0003
2026-05-09 02:32:05,33,"Arakere, Bengaluru",20,0.15,0.0004
2026-05-09 02:31:54,30,"Arakere, Bengaluru",18,0.15,0.0003
2026-05-09 02:31:41,30,"Arakere, Bengaluru",18,0.15,0.0003
2026-05-09 02:31:29,31,"Arakere, Bengaluru",19,0.15,0.0003
2026-05-09 02:31:17,33,"Arakere, Bengaluru",20,0.15,0.0004
2026-05-09 02:31:05,33,"Arakere, Bengaluru",20,0.15,0.0004
2026-05-09 02:30:53,31,"Arakere, Bengaluru",19,0.15,0.0003
2026-05-09 02:30:41,31,"Arakere, Bengaluru",19,0.15,0.0003
2026-05-09 02:30:29,33,"Arakere, Bengaluru",20,0.15,0.0004
2026-05-09 02:30:17,36,"Arakere, Bengaluru",22,0.15,0.0005
2026-05-09 02:30:05,31,"Arakere, Bengaluru",19,0.15,0.0003
2026-05-09 02:29:53,31,"Arakere, Bengaluru",19,0.15,0.0003
2026-05-09 02:29:41,31,"Arakere, Bengaluru",19,0.15,0.0003
2026-05-09 02:29:29,35,"Arakere, Bengaluru",21,0.15,0.0004
2026-05-09 02:29:17,35,"Arakere, Bengaluru",21,0.15,0.0004
2026-05-09 02:29:05,35,"Arakere, Bengaluru",21,0.15,0.0004
2026-05-09 02:28:53,35,"Arakere, Bengaluru",21,0.15,0.0004
2026-05-09 02:28:41,35,"Arakere, Bengaluru",21,0.15,0.0004
2026-05-09 02:28:29,33,"Arakere, Bengaluru",20,0.15,0.0004
2026-05-09 02:28:18,33,"Arakere, Bengaluru",20,0.15,0.0004
2026-05-09 02:28:18,33,"Arakere, Bengaluru",20,0.15,0.0004
2026-05-09 02:28:18,33,"Arakere, Bengaluru",20,0.15,0.0004
2026-05-09 02:28:18,33,"Arakere, Bengaluru",20,0.15,0.0004
2026-05-09 02:28:05,36,"Arakere, Bengaluru",22,0.15,0.0005
2026-05-09 02:27:53,38,"Arakere, Bengaluru",23,0.15,0.0005
2026-05-09 02:27:41,38,"Arakere, Bengaluru",23,0.15,0.0005
2026-05-09 02:27:29,33,"Arakere, Bengaluru",20,0.15,0.0004
2026-05-09 02:27:17,31,"Arakere, Bengaluru",19,0.15,0.0003
2026-05-09 02:27:05,30,"Arakere, Bengaluru",18,0.15,0.0003
2026-05-09 02:26:53,33,"Arakere, Bengaluru",20,0.15,0.0004
2026-05-09 02:26:41,30,"Arakere, Bengaluru",18,0.15,0.0003
2026-05-09 02:26:29,31,"Arakere, Bengaluru",19,0.15,0.0003
2026-05-09 02:26:17,31,"Arakere, Bengaluru",19,0.15,0.0003
2026-05-09 02:26:05,31,"Arakere, Bengaluru",19,0.15,0.0003
2026-05-09 02:25:53,31,"Arakere, Bengaluru",19,0.15,0.0003
2026-05-09 02:25:41,30,"Arakere, Bengaluru",18,0.15,0.0003
2026-05-09 02:25:29,30,"Arakere, Bengaluru",18,0.15,0.0003
2026-05-09 02:25:17,30,"Arakere, Bengaluru",18,0.15,0.0003
2026-05-09 02:25:05,35,"Arakere, Bengaluru",21,0.15,0.0004
2026-05-09 02:24:53,33,"Arakere, Bengaluru",20,0.15,0.0004
2026-05-09 02:24:41,33,"Arakere, Bengaluru",20,0.15,0.0004
2026-05-09 02:24:29,33,"Arakere, Bengaluru",20,0.15,0.0004
2026-05-09 02:24:17,33,"Arakere, Bengaluru",20,0.15,0.0004
2026-05-09 02:24:05,31,"Arakere, Bengaluru",19,0.15,0.0003
2026-05-09 02:23:53,31,"Arakere, Bengaluru",19,0.15,0.0003
2026-05-09 02:23:41,30,"Arakere, Bengaluru",18,0.15,0.0003
2026-05-09 02:23:29,30,"Arakere, Bengaluru",18,0.15,0.0003
2026-05-09 02:23:17,30,"Arakere, Bengaluru",17,0.15,0.0003
2026-05-09 02:23:07,30,"Arakere, Bengaluru",17,0.15,0.0003
2026-05-09 02:23:07,30,"Arakere, Bengaluru",17,0.15,0.0003
2026-05-09 02:23:07,30,"Arakere, Bengaluru",17,0.15,0.0003
2026-05-09 02:22:53,31,"Arakere, Bengaluru",19,0.15,0.0003
2026-05-09 02:22:41,30,"Arakere, Bengaluru",18,0.15,0.0003
2026-05-09 02:22:29,33,"Arakere, Bengaluru",20,0.15,0.0004
2026-05-09 02:22:18,31,"Arakere, Bengaluru",19,0.15,0.0003
2026-05-09 02:22:05,30,"Arakere, Bengaluru",18,0.15,0.0003
2026-05-09 02:21:53,31,"Arakere, Bengaluru",19,0.15,0.0003
2026-05-09 02:21:41,31,"Arakere, Bengaluru",19,0.15,0.0003
2026-05-09 02:21:29,31,"Arakere, Bengaluru",19,0.15,0.0003
2026-05-09 02:21:17,33,"Arakere, Bengaluru",20,0.15,0.0004
2026-05-09 02:21:05,31,"Arakere, Bengaluru",19,0.15,0.0003
2026-05-09 02:20:53,33,"Arakere, Bengaluru",20,0.15,0.0004
2026-05-09 02:20:41,33,"Arakere, Bengaluru",20,0.15,0.0004
2026-05-09 02:20:29,31,"Arakere, Bengaluru",19,0.15,0.0003
2026-05-09 02:20:17,35,"Arakere, Bengaluru",21,0.15,0.0004
2026-05-09 02:20:05,35,"Arakere, Bengaluru",21,0.15,0.0004
2026-05-09 02:19:53,33,"Arakere, Bengaluru",20,0.15,0.0004
2026-05-09 02:19:41,35,"Arakere, Bengaluru",21,0.15,0.0004
2026-05-09 02:19:29,35,"Arakere, Bengaluru",21,0.15,0.0004
2026-05-09 02:19:17,36,"Arakere, Bengaluru",22,0.15,0.0005
2026-05-09 02:19:05,35,"Arakere, Bengaluru",21,0.15,0.0004
2026-05-09 02:18:53,36,"Arakere, Bengaluru",22,0.15,0.0005
2026-05-09 02:18:41,36,"Arakere, Bengaluru",22,0.15,0.0005
2026-05-09 02:18:29,35,"Arakere, Bengaluru",21,0.15,0.0004
2026-05-09 02:18:17,33,"Arakere, Bengaluru",20,0.15,0.0004
2026-05-09 02:18:05,30,"Arakere, Bengaluru",18,0.15,0.0003
2026-05-09 02:17:55,31,"Arakere, Bengaluru",19,0.15,0.0003
2026-05-09 02:17:55,31,"Arakere, Bengaluru",19,0.15,0.0003
2026-05-09 02:17:55,31,"Arakere, Bengaluru",19,0.15,0.0003
2026-05-09 02:17:55,31,"Arakere, Bengaluru",19,0.15,0.0003
2026-05-09 02:17:41,35,"Arakere, Bengaluru",21,0.15,0.0004
2026-05-09 02:17:29,31,"Arakere, Bengaluru",19,0.15,0.0003
2026-05-09 02:17:17,33,"Arakere, Bengaluru",20,0.15,0.0004
2026-05-09 02:17:05,35,"Arakere, Bengaluru",21,0.15,0.0004
2026-05-09 02:16:53,35,"Arakere, Bengaluru",21,0.15,0.0004
2026-05-09 02:16:41,36,"Arakere, Bengaluru",22,0.15,0.0005
2026-05-09 02:16:29,36,"Arakere, Bengaluru",22,0.15,0.0005
2026-05-09 02:16:17,33,"Arakere, Bengaluru",20,0.15,0.0004
2026-05-09 02:16:05,36,"Arakere, Bengaluru",22,0.15,0.0005
2026-05-09 02:15:53,38,"Arakere, Bengaluru",23,0.15,0.0005
2026-05-09 02:15:41,35,"Arakere, Bengaluru",21,0.15,0.0004
2026-05-09 02:15:29,31,"Arakere, Bengaluru",19,0.15,0.0003
2026-05-09 02:15:17,31,"Arakere, Bengaluru",19,0.15,0.0003
2026-05-09 02:15:05,35,"Arakere, Bengaluru",21,0.15,0.0004
2026-05-09 02:14:53,36,"Arakere, Bengaluru",22,0.15,0.0005
2026-05-09 02:14:41,35,"Arakere, Bengaluru",21,0.15,0.0004
2026-05-09 02:14:29,38,"Arakere, Bengaluru",23,0.15,0.0005
2026-05-09 02:14:17,35,"Arakere, Bengaluru",21,0.15,0.0004
2026-05-09 02:14:05,36,"Arakere, Bengaluru",22,0.15,0.0005
2026-05-09 02:13:53,38,"Arakere, Bengaluru",23,0.15,0.0005
2026-05-09 02:13:41,38,"Arakere, Bengaluru",23,0.15,0.0005
2026-05-09 02:13:29,35,"Arakere, Bengaluru",21,0.15,0.0004
2026-05-09 02:13:17,38,"Arakere, Bengaluru",23,0.15,0.0005
2026-05-09 02:13:05,36,"Arakere, Bengaluru",22,0.15,0.0005
2026-05-09 02:12:53,38,"Arakere, Bengaluru",23,0.15,0.0005
2026-05-09 02:12:42,36,"Arakere, Bengaluru",22,0.15,0.0005
2026-05-09 02:12:42,36,"Arakere, Bengaluru",22,0.15,0.0005
2026-05-09 02:12:42,36,"Arakere, Bengaluru",22,0.15,0.0005
2026-05-09 02:12:29,36,"Arakere, Bengaluru",22,0.15,0.0005
2026-05-09 02:12:17,35,"Arakere, Bengaluru",21,0.15,0.0004
2026-05-09 02:12:05,36,"Arakere, Bengaluru",22,0.15,0.0005
2026-05-09 02:11:53,35,"Arakere, Bengaluru",21,0.15,0.0004
2026-05-09 02:11:41,36,"Arakere, Bengaluru",22,0.15,0.0005
2026-05-09 02:11:29,40,"Arakere, Bengaluru",24,0.15,0.0005
2026-05-09 02:11:17,36,"Arakere, Bengaluru",22,0.15,0.0005
2026-05-09 02:11:05,35,"Arakere, Bengaluru",21,0.15,0.0004
2026-05-09 02:10:53,38,"Arakere, Bengaluru",23,0.15,0.0005
2026-05-09 02:10:41,38,"Arakere, Bengaluru",23,0.15,0.0005
2026-05-09 02:10:29,38,"Arakere, Bengaluru",23,0.15,0.0005
2026-05-09 02:10:17,35,"Arakere, Bengaluru",21,0.15,0.0004
2026-05-09 02:10:05,36,"Arakere, Bengaluru",22,0.15,0.0005
2026-05-09 02:09:53,40,"Arakere, Bengaluru",24,0.15,0.0005
2026-05-09 02:09:41,48,"Arakere, Bengaluru",29,0.15,0.0007
2026-05-09 02:09:29,51,"Arakere, Bengaluru",31,0.15,0.0008
2026-05-09 02:09:24,41,"Arakere, Bengaluru",25,0.15,0.0006
2026-05-09 02:09:15,31,"Arakere, Bengaluru",19,0.15,0.0003
2026-05-09 02:09:00,31,"Arakere, Bengaluru",19,0.15,0.0003
2026-05-09 02:08:48,30,"Arakere, Bengaluru",18,0.15,0.0003
2026-05-09 02:08:36,33,"Arakere, Bengaluru",20,0.15,0.0004
2026-05-09 02:08:12,35,"Arakere, Bengaluru",21,0.15,0.0004
2026-05-09 02:08:00,31,"Arakere, Bengaluru",19,0.15,0.0003
2026-05-09 02:07:48,31,"Arakere, Bengaluru",19,0.15,0.0003
2026-05-09 02:07:38,31,"Arakere, Bengaluru",19,0.15,0.0003
2026-05-09 02:07:38,31,"Arakere, Bengaluru",19,0.15,0.0003
2026-05-09 02:07:24,30,"Arakere, Bengaluru",18,0.15,0.0003
2026-05-09 02:07:12,31,"Arakere, Bengaluru",19,0.15,0.0003
2026-05-09 02:07:00,33,"Arakere, Bengaluru",20,0.15,0.0004
2026-05-09 02:06:51,33,"Arakere, Bengaluru",20,0.15,0.0004
2026-05-09 02:06:37,31,"Arakere, Bengaluru",19,0.15,0.0003
2026-05-09 02:06:24,30,"Arakere, Bengaluru",18,0.15,0.0003
2026-05-09 02:06:12,30,"Arakere, Bengaluru",18,0.15,0.0003
2026-05-09 02:06:00,30,"Arakere, Bengaluru",18,0.15,0.0003
2026-05-09 02:05:48,30,"Arakere, Bengaluru",18,0.15,0.0003
2026-05-09 02:05:36,30,"Arakere, Bengaluru",18,0.15,0.0003
2026-05-09 02:05:24,30,"Arakere, Bengaluru",18,0.15,0.0003
2026-05-09 02:05:12,31,"Arakere, Bengaluru",19,0.15,0.0003
2026-05-09 02:05:00,30,"Arakere, Bengaluru",18,0.15,0.0003
2026-05-09 02:04:36,30,"Arakere, Bengaluru",18,0.15,0.0003
2026-05-09 02:04:24,30,"Arakere, Bengaluru",17,0.15,0.0003
2026-05-09 02:04:12,30,"Arakere, Bengaluru",18,0.15,0.0003
2026-05-09 02:04:01,30,"Arakere, Bengaluru",18,0.15,0.0003
2026-05-09 02:03:26,35,"Arakere, Bengaluru",21,0.15,0.0004
2026-05-09 02:03:12,33,"Arakere, Bengaluru",20,0.15,0.0004
2026-05-09 02:03:00,30,"Arakere, Bengaluru",18,0.15,0.0003
2026-05-09 02:02:39,30,"Arakere, Bengaluru",18,0.15,0.0003
2026-05-09 02:02:25,29,"Arakere, Bengaluru",17,0.15,0.0003
2026-05-09 02:02:25,29,"Arakere, Bengaluru",17,0.15,0.0003
2026-05-09 02:02:25,29,"Arakere, Bengaluru",17,0.15,0.0003
2026-05-09 02:02:25,29,"Arakere, Bengaluru",17,0.15,0.0003
2026-05-09 02:02:12,29,"Arakere, Bengaluru",17,0.15,0.0003
2026-05-09 02:02:00,31,"Arakere, Bengaluru",19,0.15,0.0003
2026-05-09 02:01:48,31,"Arakere, Bengaluru",19,0.15,0.0003
2026-05-09 02:01:36,30,"Arakere, Bengaluru",18,0.15,0.0003
2026-05-09 02:01:24,31,"Arakere, Bengaluru",19,0.15,0.0003
2026-05-09 02:01:12,31,"Arakere, Bengaluru",19,0.15,0.0003
2026-05-09 02:01:00,31,"Arakere, Bengaluru",19,0.15,0.0003
2026-05-09 02:00:48,33,"Arakere, Bengaluru",20,0.15,0.0004
2026-05-09 02:00:36,31,"Arakere, Bengaluru",19,0.15,0.0003
2026-05-09 02:00:24,31,"Arakere, Bengaluru",19,0.15,0.0003
2026-05-09 02:00:12,31,"Arakere, Bengaluru",19,0.15,0.0003
2026-05-09 02:00:00,29,"Arakere, Bengaluru",17,0.15,0.0003
2026-05-09 01:59:48,30,"Arakere, Bengaluru",18,0.15,0.0003
2026-05-09 01:59:36,31,"Arakere, Bengaluru",19,0.15,0.0003
2026-05-09 01:59:24,30,"Arakere, Bengaluru",18,0.15,0.0003
2026-05-09 01:59:12,31,"Arakere, Bengaluru",19,0.15,0.0003
2026-05-09 01:59:00,29,"Arakere, Bengaluru",17,0.15,0.0003
2026-05-09 01:58:48,29,"Arakere, Bengaluru",17,0.15,0.0003
2026-05-09 01:58:36,30,"Arakere, Bengaluru",18,0.15,0.0003
2026-05-09 01:58:24,30,"Arakere, Bengaluru",18,0.15,0.0003
2026-05-09 01:58:12,29,"Arakere, Bengaluru",17,0.15,0.0003
2026-05-09 01:58:00,30,"Arakere, Bengaluru",18,0.15,0.0003
2026-05-09 01:57:48,30,"Arakere, Bengaluru",18,0.15,0.0003
2026-05-09 01:57:36,30,"Arakere, Bengaluru",18,0.15,0.0003
2026-05-09 01:57:26,30,"Arakere, Bengaluru",18,0.15,0.0003
2026-05-09 01:57:14,29,"Arakere, Bengaluru",17,0.15,0.0003
2026-05-09 01:57:14,29,"Arakere, Bengaluru",17,0.15,0.0003
2026-05-09 01:57:14,29,"Arakere, Bengaluru",17,0.15,0.0003
2026-05-09 01:57:14,29,"Arakere, Bengaluru",17,0.15,0.0003
2026-05-09 01:57:00,30,"Arakere, Bengaluru",18,0.15,0.0003
2026-05-09 01:56:48,33,"Arakere, Bengaluru",20,0.15,0.0004
2026-05-09 01:56:36,33,"Arakere, Bengaluru",20,0.15,0.0004
2026-05-09 01:56:24,33,"Arakere, Bengaluru",20,0.15,0.0004
2026-05-09 01:56:12,30,"Arakere, Bengaluru",18,0.15,0.0003
2026-05-09 01:56:00,30,"Arakere, Bengaluru",17,0.15,0.0003
2026-05-09 01:55:48,30,"Arakere, Bengaluru",16,0.15,0.0002
2026-05-09 01:55:36,30,"Arakere, Bengaluru",17,0.15,0.0003
2026-05-09 01:55:24,30,"Arakere, Bengaluru",18,0.15,0.0003
2026-05-09 01:55:12,30,"Arakere, Bengaluru",18,0.15,0.0003
2026-05-09 01:55:00,31,"Arakere, Bengaluru",19,0.15,0.0003
2026-05-09 01:54:48,33,"Arakere, Bengaluru",20,0.15,0.0004
2026-05-09 01:54:36,29,"Arakere, Bengaluru",17,0.15,0.0003
2026-05-09 01:54:24,30,"Arakere, Bengaluru",18,0.15,0.0003
2026-05-09 01:54:12,30,"Arakere, Bengaluru",18,0.15,0.0003
2026-05-09 01:54:00,31,"Arakere, Bengaluru",19,0.15,0.0003
2026-05-09 01:53:48,30,"Arakere, Bengaluru",18,0.15,0.0003
2026-05-09 01:53:36,31,"Arakere, Bengaluru",19,0.15,0.0003
2026-05-09 01:53:24,33,"Arakere, Bengaluru",20,0.15,0.0004
2026-05-09 01:53:12,31,"Arakere, Bengaluru",19,0.15,0.0003
2026-05-09 01:53:00,31,"Arakere, Bengaluru",19,0.15,0.0003
2026-05-09 01:52:48,30,"Arakere, Bengaluru",17,0.15,0.0003
2026-05-09 01:52:36,30,"Arakere, Bengaluru",16,0.15,0.0002
2026-05-09 01:52:24,30,"Arakere, Bengaluru",16,0.15,0.0002
2026-05-09 01:52:12,30,"Arakere, Bengaluru",18,0.15,0.0003
2026-05-09 01:52:02,30,"Arakere, Bengaluru",17,0.16,0.0003
2026-05-09 01:52:02,30,"Arakere, Bengaluru",17,0.16,0.0003
2026-05-09 01:52:02,30,"Arakere, Bengaluru",17,0.16,0.0003
2026-05-09 01:52:02,30,"Arakere, Bengaluru",17,0.16,0.0003
2026-05-09 01:51:48,30,"Arakere, Bengaluru",17,0.16,0.0003
2026-05-09 01:51:36,31,"Arakere, Bengaluru",19,0.16,0.0003
2026-05-09 01:51:24,33,"Arakere, Bengaluru",20,0.16,0.0004
2026-05-09 01:51:13,31,"Arakere, Bengaluru",19,0.16,0.0003
2026-05-09 01:51:00,30,"Arakere, Bengaluru",18,0.15,0.0003
2026-05-09 01:50:48,31,"Arakere, Bengaluru",19,0.15,0.0003
2026-05-09 01:50:38,31,"Arakere, Bengaluru",19,0.15,0.0003
2026-05-09 01:50:24,30,"Arakere, Bengaluru",18,0.15,0.0003
2026-05-09 01:50:12,31,"Arakere, Bengaluru",19,0.15,0.0003
2026-05-09 01:50:00,30,"Arakere, Bengaluru",18,0.15,0.0003
2026-05-09 01:49:48,31,"Arakere, Bengaluru",19,0.15,0.0003
2026-05-09 01:49:36,31,"Arakere, Bengaluru",19,0.15,0.0003
2026-05-09 01:49:24,30,"Arakere, Bengaluru",18,0.15,0.0003
2026-05-09 01:49:12,31,"Arakere, Bengaluru",19,0.15,0.0003
2026-05-09 01:49:00,30,"Arakere, Bengaluru",18,0.15,0.0003
2026-05-09 01:48:48,30,"Arakere, Bengaluru",16,0.15,0.0002
2026-05-09 01:48:36,30,"Arakere, Bengaluru",17,0.15,0.0003
2026-05-09 01:48:24,30,"Arakere, Bengaluru",16,0.15,0.0002
2026-05-09 01:48:12,30,"Arakere, Bengaluru",18,0.15,0.0003
2026-05-09 01:48:00,30,"Arakere, Bengaluru",17,0.15,0.0003
2026-05-09 01:47:48,30,"Arakere, Bengaluru",17,0.15,0.0003
2026-05-09 01:47:36,30,"Arakere, Bengaluru",17,0.15,0.0003
2026-05-09 01:47:24,31,"Arakere, Bengaluru",19,0.15,0.0003
2026-05-09 01:47:12,30,"Arakere, Bengaluru",18,0.15,0.0003
2026-05-09 01:47:00,30,"Arakere, Bengaluru",18,0.15,0.0003
2026-05-09 01:46:49,30,"Arakere, Bengaluru",18,0.15,0.0003
2026-05-09 01:46:49,30,"Arakere, Bengaluru",18,0.15,0.0003
2026-05-09 01:46:36,30,"Arakere, Bengaluru",18,0.15,0.0003
2026-05-09 01:46:24,33,"Arakere, Bengaluru",20,0.15,0.0004
2026-05-09 01:46:12,33,"Arakere, Bengaluru",20,0.15,0.0004
2026-05-09 01:46:00,31,"Arakere, Bengaluru",19,0.15,0.0003
2026-05-09 01:45:48,29,"Arakere, Bengaluru",17,0.15,0.0003
2026-05-09 01:45:36,29,"Arakere, Bengaluru",17,0.15,0.0003
2026-05-09 01:45:24,30,"Arakere, Bengaluru",18,0.15,0.0003
2026-05-09 01:45:12,30,"Arakere, Bengaluru",18,0.15,0.0003
2026-05-09 01:45:00,30,"Arakere, Bengaluru",18,0.15,0.0003
2026-05-09 01:44:48,33,"Arakere, Bengaluru",20,0.15,0.0004
2026-05-09 01:44:36,33,"Arakere, Bengaluru",20,0.15,0.0004
2026-05-09 01:44:24,30,"Arakere, Bengaluru",18,0.15,0.0003
2026-05-09 01:44:12,33,"Arakere, Bengaluru",20,0.15,0.0004
2026-05-09 01:44:00,31,"Arakere, Bengaluru",19,0.15,0.0003
2026-05-09 01:43:48,35,"Arakere, Bengaluru",21,0.15,0.0004
2026-05-09 01:43:36,35,"Arakere, Bengaluru",21,0.15,0.0004
2026-05-09 01:43:24,33,"Arakere, Bengaluru",20,0.15,0.0004
2026-05-09 01:43:12,36,"Arakere, Bengaluru",22,0.15,0.0005
2026-05-09 01:43:00,31,"Arakere, Bengaluru",19,0.15,0.0003
2026-05-09 01:42:48,31,"Arakere, Bengaluru",19,0.15,0.0003
2026-05-09 01:42:36,30,"Arakere, Bengaluru",18,0.15,0.0003
2026-05-09 01:42:24,33,"Arakere, Bengaluru",20,0.15,0.0004
2026-05-09 01:42:13,31,"Arakere, Bengaluru",19,0.15,0.0003
2026-05-09 01:42:00,33,"Arakere, Bengaluru",20,0.15,0.0004
2026-05-09 01:41:48,31,"Arakere, Bengaluru",19,0.15,0.0003
2026-05-09 01:41:38,31,"Arakere, Bengaluru",19,0.15,0.0003
2026-05-09 01:41:38,31,"Arakere, Bengaluru",19,0.15,0.0003
2026-05-09 01:41:38,31,"Arakere, Bengaluru",19,0.15,0.0003
2026-05-09 01:41:24,31,"Arakere, Bengaluru",19,0.15,0.0003
2026-05-09 01:41:12,33,"Arakere, Bengaluru",20,0.15,0.0004
2026-05-09 01:41:00,31,"Arakere, Bengaluru",19,0.15,0.0003
2026-05-09 01:40:48,33,"Arakere, Bengaluru",20,0.15,0.0004
2026-05-09 01:40:36,31,"Arakere, Bengaluru",19,0.15,0.0003
2026-05-09 01:40:24,31,"Arakere, Bengaluru",19,0.15,0.0003
2026-05-09 01:40:12,30,"Arakere, Bengaluru",18,0.15,0.0003
2026-05-09 01:40:00,31,"Arakere, Bengaluru",19,0.15,0.0003
2026-05-09 01:39:48,30,"Arakere, Bengaluru",18,0.15,0.0003
2026-05-09 01:39:38,30,"Arakere, Bengaluru",18,0.15,0.0003
2026-05-09 01:39:24,31,"Arakere, Bengaluru",19,0.15,0.0003
2026-05-09 01:39:12,30,"Arakere, Bengaluru",18,0.15,0.0003
2026-05-09 01:39:00,30,"Arakere, Bengaluru",18,0.15,0.0003
2026-05-09 01:38:48,30,"Arakere, Bengaluru",18,0.15,0.0003
2026-05-09 01:38:38,30,"Arakere, Bengaluru",18,0.15,0.0003
2026-05-09 01:38:26,30,"Arakere, Bengaluru",18,0.15,0.0003
2026-05-09 01:38:12,30,"Arakere, Bengaluru",18,0.15,0.0003
2026-05-09 01:38:00,30,"Arakere, Bengaluru",18,0.15,0.0003
2026-05-09 01:37:48,30,"Arakere, Bengaluru",18,0.15,0.0003
2026-05-09 01:37:36,31,"Arakere, Bengaluru",19,0.15,0.0003
2026-05-09 01:37:24,31,"Arakere, Bengaluru",19,0.15,0.0003
2026-05-09 01:37:12,33,"Arakere, Bengaluru",20,0.15,0.0004
2026-05-09 01:37:00,31,"Arakere, Bengaluru",19,0.15,0.0003
2026-05-09 01:36:48,30,"Arakere, Bengaluru",18,0.15,0.0003
2026-05-09 01:36:36,30,"Arakere, Bengaluru",18,0.15,0.0003
2026-05-09 01:36:26,30,"Arakere, Bengaluru",18,0.15,0.0003
2026-05-09 01:36:26,30,"Arakere, Bengaluru",18,0.15,0.0003
2026-05-09 01:36:26,30,"Arakere, Bengaluru",18,0.15,0.0003
2026-05-09 01:36:12,30,"Arakere, Bengaluru",17,0.15,0.0003
2026-05-09 01:36:00,31,"Arakere, Bengaluru",19,0.15,0.0003
2026-05-09 01:35:48,29,"Arakere, Bengaluru",17,0.15,0.0003
2026-05-09 01:35:36,31,"Arakere, Bengaluru",19,0.15,0.0003
2026-05-09 01:35:24,31,"Arakere, Bengaluru",19,0.15,0.0003
2026-05-09 01:35:12,33,"Arakere, Bengaluru",20,0.15,0.0004
2026-05-09 01:35:00,36,"Arakere, Bengaluru",22,0.15,0.0005
2026-05-09 01:34:48,33,"Arakere, Bengaluru",20,0.15,0.0004
2026-05-09 01:34:36,33,"Arakere, Bengaluru",20,0.15,0.0004
2026-05-09 01:34:24,33,"Arakere, Bengaluru",20,0.15,0.0004
2026-05-09 01:34:12,33,"Arakere, Bengaluru",20,0.15,0.0004
2026-05-09 01:34:00,35,"Arakere, Bengaluru",21,0.15,0.0004
2026-05-09 01:33:48,33,"Arakere, Bengaluru",20,0.15,0.0004
2026-05-09 01:33:36,31,"Arakere, Bengaluru",19,0.15,0.0003
2026-05-09 01:33:24,35,"Arakere, Bengaluru",21,0.15,0.0004
2026-05-09 01:33:12,31,"Arakere, Bengaluru",19,0.15,0.0003
2026-05-09 01:33:00,33,"Arakere, Bengaluru",20,0.15,0.0004
2026-05-09 01:32:48,30,"Arakere, Bengaluru",18,0.15,0.0003
2026-05-09 01:32:36,30,"Arakere, Bengaluru",18,0.15,0.0003
2026-05-09 01:32:24,33,"Arakere, Bengaluru",20,0.15,0.0004
2026-05-09 01:32:12,30,"Arakere, Bengaluru",18,0.15,0.0003
2026-05-09 01:32:00,33,"Arakere, Bengaluru",20,0.15,0.0004
2026-05-09 01:31:48,31,"Arakere, Bengaluru",19,0.15,0.0003
2026-05-09 01:31:36,31,"Arakere, Bengaluru",19,0.15,0.0003
2026-05-09 01:31:24,33,"Arakere, Bengaluru",20,0.15,0.0004
2026-05-09 01:31:14,33,"Arakere, Bengaluru",20,0.15,0.0004
2026-05-09 01:31:14,33,"Arakere, Bengaluru",20,0.15,0.0004
2026-05-09 01:31:14,33,"Arakere, Bengaluru",20,0.15,0.0004
2026-05-09 01:31:00,33,"Arakere, Bengaluru",20,0.15,0.0004
2026-05-09 01:30:48,33,"Arakere, Bengaluru",20,0.15,0.0004
2026-05-09 01:30:36,31,"Arakere, Bengaluru",19,0.15,0.0003
2026-05-09 01:30:24,31,"Arakere, Bengaluru",19,0.15,0.0003
2026-05-09 01:30:12,31,"Arakere, Bengaluru",19,0.15,0.0003
2026-05-09 01:30:02,31,"Arakere, Bengaluru",19,0.15,0.0003
2026-05-09 01:29:48,30,"Arakere, Bengaluru",18,0.15,0.0003
2026-05-09 01:29:36,30,"Arakere, Bengaluru",18,0.15,0.0003
2026-05-09 01:29:24,33,"Arakere, Bengaluru",20,0.15,0.0004
2026-05-09 01:29:12,35,"Arakere, Bengaluru",21,0.15,0.0004
2026-05-09 01:29:00,35,"Arakere, Bengaluru",21,0.15,0.0004
2026-05-09 01:28:48,35,"Arakere, Bengaluru",21,0.15,0.0004
2026-05-09 01:28:36,35,"Arakere, Bengaluru",21,0.15,0.0004
2026-05-09 01:28:24,33,"Arakere, Bengaluru",20,0.15,0.0004
2026-05-09 01:28:12,36,"Arakere, Bengaluru",22,0.15,0.0005
2026-05-09 01:28:00,33,"Arakere, Bengaluru",20,0.15,0.0004
2026-05-09 01:27:48,33,"Arakere, Bengaluru",20,0.15,0.0004
2026-05-09 01:27:36,31,"Arakere, Bengaluru",19,0.15,0.0003
2026-05-09 01:27:24,30,"Arakere, Bengaluru",18,0.15,0.0003
2026-05-09 01:27:12,30,"Arakere, Bengaluru",18,0.15,0.0003
2026-05-09 01:27:00,31,"Arakere, Bengaluru",19,0.15,0.0003
2026-05-09 01:26:48,30,"Arakere, Bengaluru",18,0.15,0.0003
2026-05-09 01:26:36,31,"Arakere, Bengaluru",19,0.15,0.0003
2026-05-09 01:26:24,31,"Arakere, Bengaluru",19,0.15,0.0003
2026-05-09 01:26:12,31,"Arakere, Bengaluru",19,0.15,0.0003
2026-05-09 01:26:01,31,"Arakere, Bengaluru",19,0.15,0.0003
2026-05-09 01:26:01,31,"Arakere, Bengaluru",19,0.15,0.0003
2026-05-09 01:26:01,31,"Arakere, Bengaluru",19,0.15,0.0003
2026-05-09 01:25:48,30,"Arakere, Bengaluru",18,0.15,0.0003
2026-05-09 01:25:36,30,"Arakere, Bengaluru",18,0.15,0.0003
2026-05-09 01:25:24,30,"Arakere, Bengaluru",18,0.15,0.0003
2026-05-09 01:25:12,29,"Arakere, Bengaluru",17,0.15,0.0003
2026-05-09 01:25:00,33,"Arakere, Bengaluru",20,0.15,0.0004
2026-05-09 01:24:48,33,"Arakere, Bengaluru",20,0.15,0.0004
2026-05-09 01:24:36,31,"Arakere, Bengaluru",19,0.15,0.0003
2026-05-09 01:24:24,33,"Arakere, Bengaluru",20,0.15,0.0004
2026-05-09 01:24:12,33,"Arakere, Bengaluru",20,0.15,0.0004
2026-05-09 01:24:00,33,"Arakere, Bengaluru",20,0.15,0.0004
2026-05-09 01:23:48,33,"Arakere, Bengaluru",20,0.15,0.0004
2026-05-09 01:23:36,31,"Arakere, Bengaluru",19,0.15,0.0003
2026-05-09 01:23:24,33,"Arakere, Bengaluru",20,0.15,0.0004
2026-05-09 01:23:12,31,"Arakere, Bengaluru",19,0.15,0.0003
2026-05-09 01:23:00,31,"Arakere, Bengaluru",19,0.15,0.0003
2026-05-09 01:22:48,31,"Arakere, Bengaluru",19,0.15,0.0003
2026-05-09 01:22:36,31,"Arakere, Bengaluru",19,0.15,0.0003
2026-05-09 01:22:24,35,"Arakere, Bengaluru",21,0.15,0.0004
2026-05-09 01:22:12,35,"Arakere, Bengaluru",21,0.15,0.0004
2026-05-09 01:22:00,35,"Arakere, Bengaluru",21,0.15,0.0004
2026-05-09 01:21:48,33,"Arakere, Bengaluru",20,0.15,0.0004
2026-05-09 01:21:36,33,"Arakere, Bengaluru",20,0.15,0.0004
2026-05-09 01:21:24,31,"Arakere, Bengaluru",19,0.15,0.0003
2026-05-09 01:21:12,31,"Arakere, Bengaluru",19,0.15,0.0003
2026-05-09 01:21:00,33,"Arakere, Bengaluru",20,0.15,0.0004
2026-05-09 01:20:51,31,"Arakere, Bengaluru",19,0.15,0.0003
2026-05-09 01:20:51,31,"Arakere, Bengaluru",19,0.15,0.0003
2026-05-09 01:20:51,31,"Arakere, Bengaluru",19,0.15,0.0003
2026-05-09 01:20:36,31,"Arakere, Bengaluru",19,0.15,0.0003
2026-05-09 01:20:24,33,"Arakere, Bengaluru",20,0.15,0.0004
2026-05-09 01:20:12,33,"Arakere, Bengaluru",20,0.15,0.0004
2026-05-09 01:20:00,33,"Arakere, Bengaluru",20,0.15,0.0004
2026-05-09 01:19:49,33,"Arakere, Bengaluru",20,0.15,0.0004
2026-05-09 01:19:36,31,"Arakere, Bengaluru",19,0.15,0.0003
2026-05-09 01:19:24,36,"Arakere, Bengaluru",22,0.15,0.0005
2026-05-09 01:19:12,36,"Arakere, Bengaluru",22,0.15,0.0005
2026-05-09 01:19:00,35,"Arakere, Bengaluru",21,0.14,0.0004
2026-05-09 01:18:48,33,"Arakere, Bengaluru",20,0.14,0.0004
2026-05-09 01:18:36,33,"Arakere, Bengaluru",20,0.14,0.0004
2026-05-09 01:18:24,33,"Arakere, Bengaluru",20,0.14,0.0004
2026-05-09 01:18:12,31,"Arakere, Bengaluru",19,0.14,0.0003
2026-05-09 01:18:00,31,"Arakere, Bengaluru",19,0.14,0.0003
2026-05-09 01:17:48,36,"Arakere, Bengaluru",22,0.14,0.0005
2026-05-09 01:17:36,35,"Arakere, Bengaluru",21,0.14,0.0004
2026-05-09 01:17:24,33,"Arakere, Bengaluru",20,0.14,0.0004
2026-05-09 01:17:12,33,"Arakere, Bengaluru",20,0.14,0.0004
2026-05-09 01:17:00,31,"Arakere, Bengaluru",19,0.14,0.0003
2026-05-09 01:16:48,31,"Arakere, Bengaluru",19,0.14,0.0003
2026-05-09 01:16:36,33,"Arakere, Bengaluru",20,0.14,0.0004
2026-05-09 01:16:24,31,"Arakere, Bengaluru",19,0.14,0.0003
2026-05-09 01:16:12,31,"Arakere, Bengaluru",19,0.14,0.0003
2026-05-09 01:16:00,33,"Arakere, Bengaluru",20,0.14,0.0004
2026-05-09 01:15:48,33,"Arakere, Bengaluru",20,0.14,0.0004
2026-05-09 01:15:38,35,"Arakere, Bengaluru",21,0.14,0.0004
2026-05-09 01:15:38,35,"Arakere, Bengaluru",21,0.14,0.0004
2026-05-09 01:15:38,35,"Arakere, Bengaluru",21,0.14,0.0004
2026-05-09 01:15:24,35,"Arakere, Bengaluru",21,0.14,0.0004
2026-05-09 01:15:12,33,"Arakere, Bengaluru",20,0.14,0.0004
2026-05-09 01:15:00,33,"Arakere, Bengaluru",20,0.14,0.0004
2026-05-09 01:14:48,35,"Arakere, Bengaluru",21,0.14,0.0004
2026-05-09 01:14:36,35,"Arakere, Bengaluru",21,0.14,0.0004
2026-05-09 01:14:24,36,"Arakere, Bengaluru",22,0.14,0.0005
2026-05-09 01:14:12,33,"Arakere, Bengaluru",20,0.14,0.0004
2026-05-09 01:14:00,35,"Arakere, Bengaluru",21,0.14,0.0004
2026-05-09 01:13:48,33,"Arakere, Bengaluru",20,0.14,0.0004
2026-05-09 01:13:36,33,"Arakere, Bengaluru",20,0.14,0.0004
2026-05-09 01:13:24,31,"Arakere, Bengaluru",19,0.14,0.0003
2026-05-09 01:13:12,30,"Arakere, Bengaluru",18,0.14,0.0003
2026-05-09 01:13:00,31,"Arakere, Bengaluru",19,0.13,0.0003
2026-05-09 01:12:48,31,"Arakere, Bengaluru",19,0.13,0.0003
2026-05-09 01:12:36,33,"Arakere, Bengaluru",20,0.13,0.0004
2026-05-09 01:12:24,31,"Arakere, Bengaluru",19,0.13,0.0003
2026-05-09 01:12:12,30,"Arakere, Bengaluru",18,0.13,0.0003
2026-05-09 01:12:00,31,"Arakere, Bengaluru",19,0.13,0.0003
2026-05-09 01:11:48,31,"Arakere, Bengaluru",19,0.13,0.0003
2026-05-09 01:11:36,33,"Arakere, Bengaluru",20,0.13,0.0004
2026-05-09 01:11:24,33,"Arakere, Bengaluru",20,0.13,0.0004
2026-05-09 01:11:12,33,"Arakere, Bengaluru",20,0.13,0.0004
2026-05-09 01:11:00,30,"Arakere, Bengaluru",18,0.13,0.0003
2026-05-09 01:10:48,31,"Arakere, Bengaluru",19,0.13,0.0003
2026-05-09 01:10:36,33,"Arakere, Bengaluru",20,0.13,0.0004
2026-05-09 01:10:24,35,"Arakere, Bengaluru",21,0.13,0.0004
2026-05-09 01:10:12,31,"Arakere, Bengaluru",19,0.13,0.0003
2026-05-09 01:10:00,31,"Arakere, Bengaluru",19,0.13,0.0003
2026-05-09 01:09:48,33,"Arakere, Bengaluru",20,0.13,0.0004
2026-05-09 01:09:36,33,"Arakere, Bengaluru",20,0.13,0.0004
2026-05-09 01:09:24,33,"Arakere, Bengaluru",20,0.13,0.0004
2026-05-09 01:09:12,31,"Arakere, Bengaluru",19,0.13,0.0003
2026-05-09 01:08:48,31,"Arakere, Bengaluru",19,0.13,0.0003
2026-05-09 01:08:36,31,"Arakere, Bengaluru",19,0.13,0.0003
2026-05-09 01:08:24,30,"Arakere, Bengaluru",18,0.13,0.0003
2026-05-09 01:08:12,30,"Arakere, Bengaluru",18,0.13,0.0003
2026-05-09 01:08:00,33,"Arakere, Bengaluru",20,0.13,0.0004
2026-05-09 01:07:48,31,"Arakere, Bengaluru",19,0.13,0.0003
2026-05-09 01:07:36,30,"Arakere, Bengaluru",18,0.13,0.0003
2026-05-09 01:07:24,28,"Arakere, Bengaluru",17,0.13,0.0003
2026-05-09 01:07:12,30,"Arakere, Bengaluru",18,0.13,0.0003
2026-05-09 01:07:00,31,"Arakere, Bengaluru",19,0.14,0.0003
2026-05-09 01:06:48,30,"Arakere, Bengaluru",18,0.14,0.0003
2026-05-09 01:06:36,30,"Arakere, Bengaluru",18,0.14,0.0003
2026-05-09 01:06:24,31,"Arakere, Bengaluru",19,0.14,0.0003
2026-05-09 01:06:12,31,"Arakere, Bengaluru",19,0.14,0.0003
2026-05-09 01:06:00,31,"Arakere, Bengaluru",19,0.14,0.0003
2026-05-09 01:05:48,31,"Arakere, Bengaluru",19,0.14,0.0003
2026-05-09 01:05:36,33,"Arakere, Bengaluru",20,0.14,0.0004
2026-05-09 01:05:25,31,"Arakere, Bengaluru",19,0.14,0.0003
2026-05-09 01:05:25,31,"Arakere, Bengaluru",19,0.14,0.0003
2026-05-09 01:05:25,31,"Arakere, Bengaluru",19,0.14,0.0003
2026-05-09 01:05:24,31,"Arakere, Bengaluru",19,0.14,0.0003
2026-05-09 01:05:12,33,"Arakere, Bengaluru",20,0.14,0.0004
2026-05-09 01:05:00,31,"Arakere, Bengaluru",19,0.13,0.0003
2026-05-09 01:04:48,30,"Arakere, Bengaluru",18,0.13,0.0003
2026-05-09 01:04:36,30,"Arakere, Bengaluru",18,0.13,0.0003
2026-05-09 01:04:24,30,"Arakere, Bengaluru",18,0.13,0.0003
2026-05-09 01:04:12,31,"Arakere, Bengaluru",19,0.13,0.0003
2026-05-09 01:04:00,31,"Arakere, Bengaluru",19,0.14,0.0003
2026-05-09 01:03:48,30,"Arakere, Bengaluru",18,0.14,0.0003
2026-05-09 01:03:36,28,"Arakere, Bengaluru",17,0.14,0.0003
2026-05-09 01:03:24,30,"Arakere, Bengaluru",18,0.14,0.0003
2026-05-09 01:03:12,27,"Arakere, Bengaluru",16,0.14,0.0002
2026-05-09 01:03:00,28,"Arakere, Bengaluru",15,0.14,0.0002
2026-05-09 01:02:48,28,"Arakere, Bengaluru",17,0.14,0.0003
2026-05-09 01:02:36,30,"Arakere, Bengaluru",18,0.14,0.0003
2026-05-09 01:02:24,30,"Arakere, Bengaluru",18,0.14,0.0003
2026-05-09 01:02:12,28,"Arakere, Bengaluru",17,0.14,0.0003
2026-05-09 01:02:00,31,"Arakere, Bengaluru",19,0.14,0.0003
2026-05-09 01:01:48,30,"Arakere, Bengaluru",18,0.14,0.0003
2026-05-09 01:01:36,31,"Arakere, Bengaluru",19,0.14,0.0003
2026-05-09 01:01:24,30,"Arakere, Bengaluru",18,0.14,0.0003
2026-05-09 01:01:12,28,"Arakere, Bengaluru",17,0.14,0.0003
2026-05-09 01:01:00,28,"Arakere, Bengaluru",17,0.14,0.0003
2026-05-09 01:00:48,30,"Arakere, Bengaluru",18,0.14,0.0003
2026-05-09 01:00:36,30,"Arakere, Bengaluru",18,0.14,0.0003
2026-05-09 01:00:24,28,"Arakere, Bengaluru",16,0.14,0.0002
2026-05-09 01:00:13,28,"Arakere, Bengaluru",16,0.14,0.0002
2026-05-09 01:00:13,28,"Arakere, Bengaluru",16,0.14,0.0002
2026-05-09 01:00:13,28,"Arakere, Bengaluru",16,0.14,0.0002
2026-05-09 01:00:12,28,"Arakere, Bengaluru",16,0.14,0.0002
2026-05-09 01:00:00,30,"Arakere, Bengaluru",18,0.14,0.0003
2026-05-09 00:59:48,28,"Arakere, Bengaluru",17,0.14,0.0003
2026-05-09 00:59:36,30,"Arakere, Bengaluru",18,0.14,0.0003
2026-05-09 00:59:24,30,"Arakere, Bengaluru",18,0.14,0.0003
2026-05-09 00:59:12,31,"Arakere, Bengaluru",19,0.14,0.0003
2026-05-09 00:59:00,33,"Arakere, Bengaluru",20,0.14,0.0004
2026-05-09 00:58:48,36,"Arakere, Bengaluru",22,0.14,0.0005
2026-05-09 00:58:36,36,"Arakere, Bengaluru",22,0.14,0.0005
2026-05-09 00:58:24,41,"Arakere, Bengaluru",25,0.14,0.0006
2026-05-09 00:58:12,46,"Arakere, Bengaluru",28,0.14,0.0007
2026-05-09 00:58:07,36,"Arakere, Bengaluru",22,0.14,0.0005
2026-05-09 00:57:55,30,"Arakere, Bengaluru",18,0.14,0.0003
2026-05-09 00:57:43,31,"Arakere, Bengaluru",19,0.14,0.0003
2026-05-09 00:57:31,31,"Arakere, Bengaluru",19,0.14,0.0003
2026-05-09 00:57:19,31,"Arakere, Bengaluru",19,0.14,0.0003
2026-05-09 00:57:07,31,"Arakere, Bengaluru",19,0.14,0.0003
2026-05-09 00:56:55,35,"Arakere, Bengaluru",21,0.14,0.0004
2026-05-09 00:56:43,33,"Arakere, Bengaluru",20,0.14,0.0004
2026-05-09 00:56:31,36,"Arakere, Bengaluru",22,0.14,0.0005
2026-05-09 00:56:19,40,"Arakere, Bengaluru",24,0.14,0.0005
2026-05-09 00:56:13,30,"Arakere, Bengaluru",18,0.14,0.0003
2026-05-09 00:56:01,28,"Arakere, Bengaluru",17,0.14,0.0003
2026-05-09 00:55:49,28,"Arakere, Bengaluru",17,0.14,0.0003
2026-05-09 00:55:37,30,"Arakere, Bengaluru",18,0.14,0.0003
2026-05-09 00:55:25,31,"Arakere, Bengaluru",19,0.14,0.0003
2026-05-09 00:55:13,31,"Arakere, Bengaluru",19,0.14,0.0003
2026-05-09 00:55:02,31,"Arakere, Bengaluru",19,0.14,0.0003
2026-05-09 00:55:02,31,"Arakere, Bengaluru",19,0.14,0.0003
2026-05-09 00:55:02,31,"Arakere, Bengaluru",19,0.14,0.0003
2026-05-09 00:55:01,31,"Arakere, Bengaluru",19,0.14,0.0003
2026-05-09 00:54:49,31,"Arakere, Bengaluru",19,0.14,0.0003
2026-05-09 00:54:37,30,"Arakere, Bengaluru",18,0.14,0.0003
2026-05-09 00:54:25,30,"Arakere, Bengaluru",18,0.14,0.0003
2026-05-09 00:54:13,28,"Arakere, Bengaluru",17,0.14,0.0003
2026-05-09 00:54:01,30,"Arakere, Bengaluru",18,0.14,0.0003
2026-05-09 00:53:49,28,"Arakere, Bengaluru",16,0.14,0.0002
2026-05-09 00:53:37,28,"Arakere, Bengaluru",17,0.14,0.0003
2026-05-09 00:53:25,28,"Arakere, Bengaluru",17,0.14,0.0003
2026-05-09 00:53:13,28,"Arakere, Bengaluru",17,0.14,0.0003
2026-05-09 00:53:01,28,"Arakere, Bengaluru",16,0.14,0.0002
2026-05-09 00:52:49,30,"Arakere, Bengaluru",18,0.14,0.0003
2026-05-09 00:52:37,31,"Arakere, Bengaluru",19,0.14,0.0003
2026-05-09 00:52:25,31,"Arakere, Bengaluru",19,0.14,0.0003
2026-05-09 00:52:13,30,"Arakere, Bengaluru",18,0.14,0.0003
2026-05-09 00:52:01,31,"Arakere, Bengaluru",19,0.14,0.0003
2026-05-09 00:51:49,33,"Arakere, Bengaluru",20,0.14,0.0004
2026-05-09 00:51:37,33,"Arakere, Bengaluru",20,0.14,0.0004
2026-05-09 00:51:25,35,"Arakere, Bengaluru",21,0.14,0.0004
2026-05-09 00:51:13,33,"Arakere, Bengaluru",20,0.14,0.0004
2026-05-09 00:51:01,31,"Arakere, Bengaluru",19,0.14,0.0003
2026-05-09 00:50:49,31,"Arakere, Bengaluru",19,0.14,0.0003
2026-05-09 00:50:37,33,"Arakere, Bengaluru",20,0.14,0.0004
2026-05-09 00:50:25,35,"Arakere, Bengaluru",21,0.14,0.0004
2026-05-09 00:50:16,45,"Arakere, Bengaluru",27,0.14,0.0006
2026-05-09 00:50:04,43,"Arakere, Bengaluru",26,0.14,0.0006
2026-05-09 00:49:57,31,"Arakere, Bengaluru",19,0.14,0.0003
2026-05-09 00:49:57,31,"Arakere, Bengaluru",19,0.14,0.0003
2026-05-09 00:49:57,31,"Arakere, Bengaluru",19,0.14,0.0003
2026-05-09 00:49:56,31,"Arakere, Bengaluru",19,0.14,0.0003
2026-05-09 00:49:44,31,"Arakere, Bengaluru",19,0.14,0.0003
2026-05-09 00:49:32,33,"Arakere, Bengaluru",20,0.14,0.0004
2026-05-09 00:49:20,36,"Arakere, Bengaluru",22,0.14,0.0005
2026-05-09 00:49:08,36,"Arakere, Bengaluru",22,0.14,0.0005
2026-05-09 00:48:56,45,"Arakere, Bengaluru",27,0.14,0.0006
2026-05-09 00:48:44,40,"Arakere, Bengaluru",24,0.14,0.0005
2026-05-09 00:48:32,31,"Arakere, Bengaluru",19,0.14,0.0003
2026-05-09 00:48:20,28,"Arakere, Bengaluru",17,0.14,0.0003
2026-05-09 00:48:08,28,"Arakere, Bengaluru",17,0.14,0.0003
2026-05-09 00:47:56,31,"Arakere, Bengaluru",19,0.14,0.0003
2026-05-09 00:47:44,31,"Arakere, Bengaluru",19,0.14,0.0003
2026-05-09 00:47:32,30,"Arakere, Bengaluru",18,0.14,0.0003
2026-05-09 00:47:20,33,"Arakere, Bengaluru",20,0.14,0.0004
2026-05-09 00:47:08,31,"Arakere, Bengaluru",19,0.14,0.0003
2026-05-09 00:46:56,31,"Arakere, Bengaluru",19,0.14,0.0003
2026-05-09 00:46:44,33,"Arakere, Bengaluru",20,0.14,0.0004
2026-05-09 00:46:32,33,"Arakere, Bengaluru",20,0.14,0.0004
2026-05-09 00:46:20,33,"Arakere, Bengaluru",20,0.14,0.0004
2026-05-09 00:46:08,30,"Arakere, Bengaluru",18,0.14,0.0003
2026-05-09 00:45:56,30,"Arakere, Bengaluru",18,0.14,0.0003
2026-05-09 00:45:44,31,"Arakere, Bengaluru",19,0.14,0.0003
2026-05-09 00:45:32,33,"Arakere, Bengaluru",20,0.14,0.0004
2026-05-09 00:45:20,33,"Arakere, Bengaluru",20,0.14,0.0004
2026-05-09 00:45:08,31,"Arakere, Bengaluru",19,0.14,0.0003
2026-05-09 00:44:56,31,"Arakere, Bengaluru",19,0.14,0.0003
2026-05-09 00:44:44,33,"Arakere, Bengaluru",20,0.14,0.0004
2026-05-09 00:44:44,33,"Arakere, Bengaluru",20,0.14,0.0004
2026-05-09 00:44:44,33,"Arakere, Bengaluru",20,0.14,0.0004
2026-05-09 00:44:44,33,"Arakere, Bengaluru",20,0.14,0.0004
2026-05-09 00:44:32,33,"Arakere, Bengaluru",20,0.14,0.0004
2026-05-09 00:44:20,35,"Arakere, Bengaluru",21,0.14,0.0004
2026-05-09 00:44:08,40,"Arakere, Bengaluru",24,0.14,0.0005
2026-05-09 00:43:58,50,"Arakere, Bengaluru",30,0.14,0.0008
2026-05-09 00:43:46,52,"Arakere, Bengaluru",32,0.14,0.0008
2026-05-09 00:43:42,41,"Arakere, Bengaluru",25,0.14,0.0006
2026-05-09 00:43:30,35,"Arakere, Bengaluru",21,0.14,0.0004
2026-05-09 00:43:18,35,"Arakere, Bengaluru",21,0.14,0.0004
2026-05-09 00:43:06,35,"Arakere, Bengaluru",21,0.14,0.0004
2026-05-09 00:42:54,36,"Arakere, Bengaluru",22,0.14,0.0005
2026-05-09 00:42:42,35,"Arakere, Bengaluru",21,0.14,0.0004
2026-05-09 00:42:30,36,"Arakere, Bengaluru",22,0.14,0.0005
2026-05-09 00:42:18,36,"Arakere, Bengaluru",22,0.14,0.0005
2026-05-09 00:42:06,40,"Arakere, Bengaluru",24,0.14,0.0005
2026-05-09 00:41:54,40,"Arakere, Bengaluru",24,0.14,0.0005
2026-05-09 00:41:42,38,"Arakere, Bengaluru",23,0.14,0.0005
2026-05-09 00:41:30,43,"Arakere, Bengaluru",26,0.14,0.0006
2026-05-09 00:41:18,41,"Arakere, Bengaluru",25,0.14,0.0006
2026-05-09 00:41:06,43,"Arakere, Bengaluru",26,0.14,0.0006
2026-05-09 00:40:54,40,"Arakere, Bengaluru",24,0.14,0.0005
2026-05-09 00:40:42,41,"Arakere, Bengaluru",25,0.14,0.0006
2026-05-09 00:40:30,45,"Arakere, Bengaluru",27,0.14,0.0006
2026-05-09 00:40:18,46,"Arakere, Bengaluru",28,0.14,0.0007
2026-05-09 00:40:06,43,"Arakere, Bengaluru",26,0.14,0.0006
2026-05-09 00:39:54,43,"Arakere, Bengaluru",26,0.14,0.0006
2026-05-09 00:39:43,45,"Arakere, Bengaluru",27,0.14,0.0006
2026-05-09 00:39:43,45,"Arakere, Bengaluru",27,0.14,0.0006
2026-05-09 00:39:43,45,"Arakere, Bengaluru",27,0.14,0.0006
2026-05-09 00:39:43,45,"Arakere, Bengaluru",27,0.14,0.0006
2026-05-09 00:39:42,45,"Arakere, Bengaluru",27,0.14,0.0006
2026-05-09 00:39:30,48,"Arakere, Bengaluru",29,0.14,0.0007
2026-05-09 00:39:18,43,"Arakere, Bengaluru",26,0.14,0.0006
2026-05-09 00:39:06,43,"Arakere, Bengaluru",26,0.14,0.0006
2026-05-09 00:38:54,46,"Arakere, Bengaluru",28,0.14,0.0007
2026-05-09 00:38:42,46,"Arakere, Bengaluru",28,0.14,0.0007
2026-05-09 00:38:30,46,"Arakere, Bengaluru",28,0.14,0.0007
2026-05-09 00:38:18,46,"Arakere, Bengaluru",28,0.14,0.0007
2026-05-09 00:38:06,48,"Arakere, Bengaluru",29,0.14,0.0007
2026-05-09 00:37:54,48,"Arakere, Bengaluru",29,0.14,0.0007
2026-05-09 00:37:42,51,"Arakere, Bengaluru",31,0.14,0.0008
2026-05-09 00:37:30,52,"Arakere, Bengaluru",32,0.14,0.0008
2026-05-09 00:37:18,51,"Arakere, Bengaluru",31,0.14,0.0008
2026-05-09 00:37:06,48,"Arakere, Bengaluru",29,0.14,0.0007
2026-05-09 00:36:54,50,"Arakere, Bengaluru",30,0.14,0.0008
2026-05-09 00:36:42,51,"Arakere, Bengaluru",31,0.14,0.0008
2026-05-09 00:36:30,54,"Arakere, Bengaluru",33,0.14,0.0009
2026-05-09 00:36:18,54,"Arakere, Bengaluru",33,0.14,0.0009
2026-05-09 00:36:06,52,"Arakere, Bengaluru",32,0.14,0.0008
2026-05-09 00:35:54,52,"Arakere, Bengaluru",32,0.14,0.0008
2026-05-09 00:35:42,52,"Arakere, Bengaluru",32,0.14,0.0008
2026-05-09 00:35:30,50,"Arakere, Bengaluru",30,0.14,0.0008
2026-05-09 00:35:18,52,"Arakere, Bengaluru",32,0.14,0.0008
2026-05-09 00:35:06,54,"Arakere, Bengaluru",33,0.14,0.0009
2026-05-09 00:34:54,54,"Arakere, Bengaluru",33,0.14,0.0009
2026-05-09 00:34:42,56,"Arakere, Bengaluru",34,0.14,0.0009
2026-05-09 00:34:31,56,"Arakere, Bengaluru",34,0.14,0.0009
2026-05-09 00:34:31,56,"Arakere, Bengaluru",34,0.14,0.0009
2026-05-09 00:34:31,56,"Arakere, Bengaluru",34,0.14,0.0009
2026-05-09 00:34:31,56,"Arakere, Bengaluru",34,0.14,0.0009
2026-05-09 00:34:30,56,"Arakere, Bengaluru",34,0.14,0.0009
2026-05-09 00:34:18,56,"Arakere, Bengaluru",34,0.14,0.0009
2026-05-09 00:34:06,54,"Arakere, Bengaluru",33,0.14,0.0009
2026-05-09 00:33:54,56,"Arakere, Bengaluru",34,0.14,0.0009
2026-05-09 00:33:42,54,"Arakere, Bengaluru",33,0.14,0.0009
2026-05-09 00:33:30,54,"Arakere, Bengaluru",33,0.14,0.0009
2026-05-09 00:33:18,56,"Arakere, Bengaluru",34,0.14,0.0009
2026-05-09 00:33:06,57,"Arakere, Bengaluru",35,0.14,0.0009
2026-05-09 00:32:54,57,"Arakere, Bengaluru",35,0.14,0.0009
2026-05-09 00:32:42,59,"Arakere, Bengaluru",36,0.14,0.0010
2026-05-09 00:32:30,64,"Arakere, Bengaluru",39,0.14,0.0011
2026-05-09 00:32:18,61,"Arakere, Bengaluru",37,0.14,0.0010
2026-05-09 00:32:06,61,"Arakere, Bengaluru",37,0.14,0.0010
2026-05-09 00:31:54,64,"Arakere, Bengaluru",39,0.14,0.0011
2026-05-09 00:31:42,61,"Arakere, Bengaluru",37,0.14,0.0010
2026-05-09 00:31:30,64,"Arakere, Bengaluru",39,0.14,0.0011
2026-05-09 00:31:18,62,"Arakere, Bengaluru",38,0.14,0.0011
2026-05-09 00:31:06,66,"Arakere, Bengaluru",40,0.14,0.0011
2026-05-09 00:30:54,66,"Arakere, Bengaluru",40,0.14,0.0011
2026-05-09 00:30:42,66,"Arakere, Bengaluru",40,0.14,0.0011
2026-05-09 00:30:30,67,"Arakere, Bengaluru",41,0.14,0.0012
2026-05-09 00:30:18,66,"Arakere, Bengaluru",40,0.14,0.0011
2026-05-09 00:30:06,66,"Arakere, Bengaluru",40,0.14,0.0011
2026-05-09 00:29:54,69,"Arakere, Bengaluru",42,0.14,0.0012
2026-05-09 00:29:42,67,"Arakere, Bengaluru",41,0.14,0.0012
2026-05-09 00:29:30,66,"Arakere, Bengaluru",40,0.14,0.0011
2026-05-09 00:29:19,67,"Arakere, Bengaluru",41,0.14,0.0012
2026-05-09 00:29:19,67,"Arakere, Bengaluru",41,0.14,0.0012
2026-05-09 00:29:19,67,"Arakere, Bengaluru",41,0.14,0.0012
2026-05-09 00:29:18,67,"Arakere, Bengaluru",41,0.14,0.0012
2026-05-09 00:29:06,67,"Arakere, Bengaluru",41,0.14,0.0012
2026-05-09 00:28:54,69,"Arakere, Bengaluru",42,0.14,0.0012
2026-05-09 00:28:42,67,"Arakere, Bengaluru",41,0.14,0.0012
2026-05-09 00:28:30,69,"Arakere, Bengaluru",42,0.14,0.0012
2026-05-09 00:28:18,69,"Arakere, Bengaluru",42,0.14,0.0012
2026-05-09 00:28:06,72,"Arakere, Bengaluru",44,0.14,0.0013
2026-05-09 00:27:54,71,"Arakere, Bengaluru",43,0.14,0.0013
2026-05-09 00:27:42,71,"Arakere, Bengaluru",43,0.14,0.0013
2026-05-09 00:27:30,72,"Arakere, Bengaluru",44,0.14,0.0013
2026-05-09 00:27:18,71,"Arakere, Bengaluru",43,0.14,0.0013
2026-05-09 00:27:06,72,"Arakere, Bengaluru",44,0.14,0.0013
2026-05-09 00:26:54,74,"Arakere, Bengaluru",45,0.15,0.0013
2026-05-09 00:26:42,74,"Arakere, Bengaluru",45,0.15,0.0013
2026-05-09 00:26:30,78,"Arakere, Bengaluru",47,0.15,0.0014
2026-05-09 00:26:18,78,"Arakere, Bengaluru",47,0.15,0.0014
2026-05-09 00:26:06,79,"Arakere, Bengaluru",48,0.15,0.0014
2026-05-09 00:25:54,79,"Arakere, Bengaluru",48,0.15,0.0014
2026-05-09 00:25:42,81,"Arakere, Bengaluru",49,0.15,0.0015
2026-05-09 00:25:30,83,"Arakere, Bengaluru",50,0.15,0.0015
2026-05-09 00:25:18,83,"Arakere, Bengaluru",50,0.15,0.0015
2026-05-09 00:25:06,79,"Arakere, Bengaluru",48,0.15,0.0014
2026-05-09 00:24:54,79,"Arakere, Bengaluru",48,0.15,0.0014
2026-05-09 00:24:42,78,"Arakere, Bengaluru",47,0.15,0.0014
2026-05-09 00:24:30,78,"Arakere, Bengaluru",47,0.15,0.0014
2026-05-09 00:24:18,81,"Arakere, Bengaluru",49,0.15,0.0015
2026-05-09 00:24:06,83,"Arakere, Bengaluru",50,0.15,0.0015
2026-05-09 00:24:06,83,"Arakere, Bengaluru",50,0.15,0.0015
2026-05-09 00:24:06,83,"Arakere, Bengaluru",50,0.15,0.0015
2026-05-09 00:24:06,83,"Arakere, Bengaluru",50,0.15,0.0015
2026-05-09 00:23:54,83,"Arakere, Bengaluru",50,0.15,0.0015
2026-05-09 00:23:42,84,"Arakere, Bengaluru",51,0.15,0.0016
2026-05-09 00:23:30,84,"Arakere, Bengaluru",51,0.15,0.0016
2026-05-09 00:23:18,86,"Arakere, Bengaluru",52,0.15,0.0016
2026-05-09 00:23:06,89,"Arakere, Bengaluru",54,0.15,0.0017
2026-05-09 00:22:54,93,"Arakere, Bengaluru",56,0.15,0.0017
2026-05-09 00:22:42,94,"Arakere, Bengaluru",57,0.15,0.0018
2026-05-09 00:22:30,94,"Arakere, Bengaluru",57,0.15,0.0018
2026-05-09 00:22:18,94,"Arakere, Bengaluru",57,0.15,0.0018
2026-05-09 00:22:06,101,"Arakere, Bengaluru",61,0.15,0.0019
2026-05-09 00:21:54,101,"Arakere, Bengaluru",61,0.15,0.0019
2026-05-09 00:21:42,104,"Arakere, Bengaluru",62,0.15,0.0020
2026-05-09 00:21:30,101,"Arakere, Bengaluru",61,0.15,0.0019
2026-05-09 00:21:21,111,"Arakere, Bengaluru",64,0.15,0.0020
2026-05-09 00:21:09,111,"Arakere, Bengaluru",64,0.15,0.0020
2026-05-09 00:21:04,101,"Arakere, Bengaluru",61,0.15,0.0019
2026-05-09 00:20:51,104,"Arakere, Bengaluru",62,0.15,0.0020
2026-05-09 00:20:40,111,"Arakere, Bengaluru",64,0.15,0.0020
2026-05-09 00:20:32,121,"Arakere, Bengaluru",67,0.15,0.0022
2026-05-09 00:20:20,121,"Arakere, Bengaluru",67,0.15,0.0022
2026-05-09 00:20:09,131,"Arakere, Bengaluru",70,0.15,0.0023
2026-05-09 00:20:06,141,"Arakere, Bengaluru",73,0.15,0.0024
2026-05-09 00:19:54,135,"Arakere, Bengaluru",71,0.15,0.0023
2026-05-09 00:19:42,138,"Arakere, Bengaluru",72,0.15,0.0023
2026-05-09 00:19:30,145,"Arakere, Bengaluru",74,0.15,0.0024
2026-05-09 00:19:18,145,"Arakere, Bengaluru",74,0.15,0.0024
2026-05-09 00:19:06,135,"Arakere, Bengaluru",71,0.15,0.0023
2026-05-09 00:19:04,148,"Arakere, Bengaluru",75,0.15,0.0025
2026-05-09 00:19:04,148,"Arakere, Bengaluru",75,0.15,0.0025
2026-05-09 00:19:03,148,"Arakere, Bengaluru",75,0.15,0.0025
2026-05-09 00:18:51,148,"Arakere, Bengaluru",75,0.15,0.0025
2026-05-09 00:18:39,148,"Arakere, Bengaluru",75,0.15,0.0025
2026-05-09 00:18:27,152,"Arakere, Bengaluru",76,0.15,0.0025
2026-05-09 00:18:15,159,"Arakere, Bengaluru",78,0.15,0.0026
2026-05-09 00:18:06,169,"Arakere, Bengaluru",81,0.15,0.0027
2026-05-09 00:17:54,169,"Arakere, Bengaluru",81,0.15,0.0027
2026-05-09 00:17:47,179,"Arakere, Bengaluru",84,0.15,0.0028
2026-05-09 00:17:35,179,"Arakere, Bengaluru",84,0.15,0.0028
2026-05-09 00:17:23,179,"Arakere, Bengaluru",84,0.15,0.0028
2026-05-09 00:17:11,182,"Arakere, Bengaluru",85,0.15,0.0028
2026-05-09 00:17:00,189,"Arakere, Bengaluru",87,0.15,0.0029
2026-05-09 00:16:54,201,"Arakere, Bengaluru",91,0.15,0.0031
2026-05-09 00:16:42,201,"Arakere, Bengaluru",91,0.15,0.0031
2026-05-09 00:16:30,204,"Arakere, Bengaluru",92,0.15,0.0031
2026-05-09 00:16:24,214,"Arakere, Bengaluru",95,0.15,0.0032
2026-05-09 00:16:12,207,"Arakere, Bengaluru",93,0.15,0.0031
2026-05-09 00:16:00,211,"Arakere, Bengaluru",94,0.15,0.0032
2026-05-09 00:15:57,221,"Arakere, Bengaluru",97,0.15,0.0033
2026-05-09 00:15:45,218,"Arakere, Bengaluru",96,0.15,0.0033
2026-05-09 00:15:33,224,"Arakere, Bengaluru",98,0.15,0.0033
2026-05-09 00:15:21,228,"Arakere, Bengaluru",99,0.15,0.0034
2026-05-09 00:15:18,241,"Arakere, Bengaluru",103,0.15,0.0035
2026-05-09 00:15:13,231,"Arakere, Bengaluru",100,0.15,0.0034
2026-05-09 00:15:07,241,"Arakere, Bengaluru",103,0.15,0.0035
2026-05-09 00:14:58,252,"Arakere, Bengaluru",106,0.15,0.0036
2026-05-09 00:14:46,255,"Arakere, Bengaluru",107,0.15,0.0037
2026-05-09 00:14:37,265,"Arakere, Bengaluru",110,0.15,0.0038
2026-05-09 00:14:28,279,"Arakere, Bengaluru",114,0.15,0.0039
2026-05-09 00:14:16,279,"Arakere, Bengaluru",114,0.15,0.0039
2026-05-09 00:14:10,293,"Arakere, Bengaluru",118,0.15,0.0041
2026-05-09 00:14:00,282,"Arakere, Bengaluru",115,0.16,0.0040
2026-05-09 00:13:58,296,"Arakere, Bengaluru",119,0.16,0.0041
2026-05-09 00:13:58,296,"Arakere, Bengaluru",119,0.16,0.0041
2026-05-09 00:13:58,296,"Arakere, Bengaluru",119,0.16,0.0041
2026-05-09 00:13:57,296,"Arakere, Bengaluru",119,0.16,0.0041
2026-05-09 00:13:50,286,"Arakere, Bengaluru",116,0.16,0.0040
2026-05-09 00:13:38,282,"Arakere, Bengaluru",115,0.16,0.0040
2026-05-09 00:13:31,293,"Arakere, Bengaluru",118,0.16,0.0041
2026-05-09 00:13:20,308,"Arakere, Bengaluru",131,0.16,0.0046
2026-05-09 00:13:08,307,"Arakere, Bengaluru",130,0.16,0.0045
2026-05-09 00:12:56,310,"Arakere, Bengaluru",133,0.16,0.0047
2026-05-09 00:12:44,311,"Arakere, Bengaluru",135,0.16,0.0047
2026-05-09 00:12:32,314,"Arakere, Bengaluru",138,0.16,0.0048
2026-05-09 00:12:20,314,"Arakere, Bengaluru",138,0.16,0.0048
2026-05-09 00:12:08,318,"Arakere, Bengaluru",144,0.16,0.0051
2026-05-09 00:11:56,319,"Arakere, Bengaluru",145,0.16,0.0051
2026-05-09 00:11:44,322,"Arakere, Bengaluru",149,0.16,0.0053
2026-05-09 00:11:32,326,"Arakere, Bengaluru",154,0.16,0.0055
2026-05-09 00:11:20,332,"Arakere, Bengaluru",162,0.16,0.0058
2026-05-09 00:11:08,338,"Arakere, Bengaluru",170,0.16,0.0061
2026-05-09 00:10:56,343,"Arakere, Bengaluru",176,0.16,0.0063
2026-05-09 00:10:44,347,"Arakere, Bengaluru",181,0.16,0.0065
2026-05-09 00:10:33,350,"Arakere, Bengaluru",186,0.16,0.0067
2026-05-09 00:10:24,360,"Arakere, Bengaluru",199,0.16,0.0072
2026-05-09 00:10:12,366,"Arakere, Bengaluru",206,0.16,0.0074
2026-05-09 00:10:00,372,"Arakere, Bengaluru",214,0.16,0.0077
2026-05-09 00:09:50,382,"Arakere, Bengaluru",227,0.16,0.0082
2026-05-09 00:09:38,385,"Arakere, Bengaluru",231,0.16,0.0084
2026-05-09 00:09:26,389,"Arakere, Bengaluru",236,0.16,0.0086
2026-05-09 00:09:14,393,"Arakere, Bengaluru",241,0.16,0.0088
2026-05-09 00:09:02,396,"Arakere, Bengaluru",245,0.16,0.0089
2026-05-09 00:08:50,403,"Arakere, Bengaluru",256,0.17,0.0093
2026-05-09 00:08:50,403,"Arakere, Bengaluru",256,0.17,0.0093
2026-05-09 00:08:50,403,"Arakere, Bengaluru",256,0.17,0.0093
2026-05-09 00:08:50,403,"Arakere, Bengaluru",256,0.17,0.0093
2026-05-09 00:08:38,401,"Arakere, Bengaluru",251,0.17,0.0091
2026-05-09 00:08:26,403,"Arakere, Bengaluru",256,0.17,0.0093
2026-05-09 00:08:14,404,"Arakere, Bengaluru",259,0.17,0.0094
2026-05-09 00:08:02,407,"Arakere, Bengaluru",266,0.17,0.0097
2026-05-09 00:07:50,408,"Arakere, Bengaluru",269,0.17,0.0098
2026-05-09 00:07:38,409,"Arakere, Bengaluru",271,0.17,0.0099
2026-05-09 00:07:26,405,"Arakere, Bengaluru",261,0.17,0.0095
2026-05-09 00:07:14,403,"Arakere, Bengaluru",256,0.17,0.0093
2026-05-09 00:07:02,404,"Arakere, Bengaluru",259,0.17,0.0094
2026-05-09 00:06:50,404,"Arakere, Bengaluru",258,0.17,0.0094
2026-05-09 00:06:38,407,"Arakere, Bengaluru",267,0.17,0.0097
2026-05-09 00:06:26,405,"Arakere, Bengaluru",262,0.17,0.0095
2026-05-09 00:06:14,408,"Arakere, Bengaluru",268,0.17,0.0098
2026-05-09 00:06:02,409,"Arakere, Bengaluru",272,0.17,0.0099
2026-05-09 00:05:53,419,"Arakere, Bengaluru",297,0.17,0.0109
2026-05-09 00:05:41,421,"Arakere, Bengaluru",303,0.17,0.0111
2026-05-09 00:05:29,424,"Arakere, Bengaluru",310,0.17,0.0114
2026-05-09 00:05:17,420,"Arakere, Bengaluru",298,0.17,0.0109
2026-05-09 00:05:05,418,"Arakere, Bengaluru",295,0.17,0.0108
2026-05-09 00:04:53,417,"Arakere, Bengaluru",291,0.17,0.0106
2026-05-09 00:04:41,420,"Arakere, Bengaluru",300,0.17,0.0110
2026-05-09 00:04:29,422,"Arakere, Bengaluru",304,0.17,0.0111
2026-05-09 00:04:17,427,"Arakere, Bengaluru",318,0.17,0.0117
2026-05-09 00:04:05,432,"Arakere, Bengaluru",330,0.17,0.0121
2026-05-09 00:03:53,436,"Arakere, Bengaluru",340,0.17,0.0125
2026-05-09 00:03:41,441,"Arakere, Bengaluru",352,0.17,0.0130
2026-05-09 00:03:41,441,"Arakere, Bengaluru",352,0.17,0.0130
2026-05-09 00:03:41,441,"Arakere, Bengaluru",352,0.17,0.0130
2026-05-09 00:03:29,448,"Arakere, Bengaluru",370,0.17,0.0136
2026-05-09 00:03:17,455,"Arakere, Bengaluru",387,0.17,0.0143
2026-05-09 00:03:05,463,"Arakere, Bengaluru",409,0.17,0.0151
2026-05-09 00:02:58,473,"Arakere, Bengaluru",432,0.17,0.0160
2026-05-09 00:02:46,478,"Arakere, Bengaluru",446,0.17,0.0165
2026-05-09 00:02:34,481,"Arakere, Bengaluru",452,0.17,0.0167
2026-05-09 00:02:31,497,"Arakere, Bengaluru",461,0.17,0.0171
2026-05-09 00:02:28,515,"Arakere, Bengaluru",473,0.17,0.0175
2026-05-09 00:02:25,533,"Arakere, Bengaluru",486,0.17,0.0180
2026-05-09 00:02:13,529,"Arakere, Bengaluru",484,0.17,0.0180
2026-05-09 00:02:09,548,"Arakere, Bengaluru",497,0.17,0.0184
2026-05-09 00:02:06,559,"Arakere, Bengaluru",504,0.17,0.0187
2026-05-09 00:02:03,583,"Arakere, Bengaluru",518,0.17,0.0192
2026-05-09 00:01:59,594,"Arakere, Bengaluru",524,0.17,0.0195
2026-05-09 00:01:56,638,"Arakere, Bengaluru",552,0.17,0.0205
2026-05-09 00:01:53,656,"Arakere, Bengaluru",563,0.17,0.0209
2026-05-09 00:01:50,668,"Arakere, Bengaluru",570,0.17,0.0212
2026-05-09 00:01:47,679,"Arakere, Bengaluru",577,0.17,0.0215
2026-05-09 00:01:43,690,"Arakere, Bengaluru",586,0.17,0.0218
2026-05-09 00:01:40,707,"Arakere, Bengaluru",596,0.17,0.0222
2026-05-09 00:01:37,727,"Arakere, Bengaluru",607,0.17,0.0226
2026-05-09 00:01:31,740,"Arakere, Bengaluru",614,0.17,0.0229
2026-05-09 00:01:19,740,"Arakere, Bengaluru",618,0.17,0.0230
2026-05-09 00:01:14,750,"Arakere, Bengaluru",622,0.17,0.0232
2026-05-09 00:01:06,740,"Arakere, Bengaluru",618,0.17,0.0230
2026-05-09 00:01:03,723,"Arakere, Bengaluru",609,0.17,0.0227
2026-05-09 00:00:53,712,"Arakere, Bengaluru",600,0.17,0.0223
2026-05-09 00:00:49,700,"Arakere, Bengaluru",592,0.17,0.0220
2026-05-09 00:00:46,713,"Arakere, Bengaluru",600,0.17,0.0223
2026-05-09 00:00:43,737,"Arakere, Bengaluru",615,0.17,0.0229
2026-05-09 00:00:36,748,"Arakere, Bengaluru",624,0.17,0.0233
2026-05-09 00:00:33,772,"Arakere, Bengaluru",638,0.17,0.0238
2026-05-09 00:00:30,801,"Arakere, Bengaluru",654,0.17,0.0244
2026-05-09 00:00:27,846,"Arakere, Bengaluru",682,0.17,0.0255
2026-05-09 00:00:24,904,"Arakere, Bengaluru",717,0.17,0.0268
2026-05-09 00:00:21,929,"Arakere, Bengaluru",730,0.17,0.0273
2026-05-09 00:00:18,942,"Arakere, Bengaluru",736,0.17,0.0275
2026-05-09 00:00:15,929,"Arakere, Bengaluru",728,0.17,0.0272
2026-05-09 00:00:12,912,"Arakere, Bengaluru",716,0.17,0.0267
2026-05-09 00:00:05,893,"Arakere, Bengaluru",700,0.17,0.0261
2026-05-09 00:00:02,914,"Arakere, Bengaluru",711,0.17,0.0266
2026-05-08 23:59:59,928,"Arakere, Bengaluru",717,0.17,0.0268
2026-05-08 23:59:54,915,"Arakere, Bengaluru",706,0.17,0.0264
2026-05-08 23:59:51,893,"Arakere, Bengaluru",692,0.17,0.0258
2026-05-08 23:59:48,860,"Arakere, Bengaluru",676,0.17,0.0252
2026-05-08 23:59:45,819,"Arakere, Bengaluru",653,0.17,0.0244
2026-05-08 23:59:42,771,"Arakere, Bengaluru",625,0.17,0.0233
2026-05-08 23:59:39,628,"Arakere, Bengaluru",537,0.17,0.0200
2026-05-08 23:59:36,528,"Arakere, Bengaluru",473,0.17,0.0175
2026-05-08 23:59:33,490,"Arakere, Bengaluru",451,0.17,0.0167
2026-05-08 23:59:23,478,"Arakere, Bengaluru",442,0.17,0.0164
2026-05-08 23:59:12,483,"Arakere, Bengaluru",443,0.17,0.0164
2026-05-08 23:59:09,494,"Arakere, Bengaluru",451,0.17,0.0167
2026-05-08 23:59:06,504,"Arakere, Bengaluru",458,0.17,0.0170
2026-05-08 23:58:58,518,"Arakere, Bengaluru",472,0.17,0.0175
2026-05-08 23:58:53,541,"Arakere, Bengaluru",486,0.17,0.0180
2026-05-08 23:58:50,559,"Arakere, Bengaluru",497,0.17,0.0184
2026-05-08 23:58:47,570,"Arakere, Bengaluru",504,0.17,0.0187
2026-05-08 23:58:44,556,"Arakere, Bengaluru",497,0.17,0.0184
2026-05-08 23:58:36,572,"Arakere, Bengaluru",502,0.17,0.0186
2026-05-08 23:58:36,572,"Arakere, Bengaluru",502,0.17,0.0186
2026-05-08 23:58:35,572,"Arakere, Bengaluru",502,0.17,0.0186
2026-05-08 23:58:35,572,"Arakere, Bengaluru",502,0.17,0.0186
2026-05-08 23:58:32,586,"Arakere, Bengaluru",510,0.17,0.0189
2026-05-08 23:58:23,574,"Arakere, Bengaluru",502,0.17,0.0186
2026-05-08 23:58:20,591,"Arakere, Bengaluru",511,0.17,0.0190
2026-05-08 23:58:17,573,"Arakere, Bengaluru",499,0.17,0.0185
2026-05-08 23:58:14,586,"Arakere, Bengaluru",508,0.17,0.0189
2026-05-08 23:58:08,576,"Arakere, Bengaluru",500,0.17,0.0186
2026-05-08 23:57:58,586,"Arakere, Bengaluru",500,0.17,0.0186
2026-05-08 23:57:54,574,"Arakere, Bengaluru",492,0.17,0.0183
2026-05-08 23:57:51,596,"Arakere, Bengaluru",504,0.17,0.0187
2026-05-08 23:57:48,584,"Arakere, Bengaluru",498,0.17,0.0185
2026-05-08 23:57:44,594,"Arakere, Bengaluru",503,0.17,0.0187
2026-05-08 23:57:41,611,"Arakere, Bengaluru",512,0.17,0.0190
2026-05-08 23:57:38,621,"Arakere, Bengaluru",516,0.17,0.0192
2026-05-08 23:57:35,640,"Arakere, Bengaluru",527,0.17,0.0196
2026-05-08 23:57:23,647,"Arakere, Bengaluru",536,0.17,0.0199
2026-05-08 23:57:20,658,"Arakere, Bengaluru",543,0.17,0.0202
2026-05-08 23:57:08,654,"Arakere, Bengaluru",546,0.17,0.0203
2026-05-08 23:57:04,675,"Arakere, Bengaluru",561,0.17,0.0209
2026-05-08 23:57:01,685,"Arakere, Bengaluru",566,0.17,0.0211
2026-05-08 23:56:58,699,"Arakere, Bengaluru",574,0.16,0.0214
2026-05-08 23:56:54,712,"Arakere, Bengaluru",581,0.16,0.0216
2026-05-08 23:56:50,702,"Arakere, Bengaluru",578,0.16,0.0215
2026-05-08 23:56:44,716,"Arakere, Bengaluru",590,0.16,0.0220
2026-05-08 23:56:40,698,"Arakere, Bengaluru",579,0.16,0.0216
2026-05-08 23:56:36,686,"Arakere, Bengaluru",570,0.16,0.0212
2026-05-08 23:56:29,675,"Arakere, Bengaluru",560,0.16,0.0208
2026-05-08 23:56:23,651,"Arakere, Bengaluru",544,0.16,0.0202
2026-05-08 23:56:19,638,"Arakere, Bengaluru",537,0.16,0.0200
2026-05-08 23:56:16,621,"Arakere, Bengaluru",527,0.16,0.0196
2026-05-08 23:56:12,610,"Arakere, Bengaluru",523,0.16,0.0194
2026-05-08 23:56:09,586,"Arakere, Bengaluru",509,0.16,0.0189
2026-05-08 23:56:06,572,"Arakere, Bengaluru",501,0.16,0.0186
2026-05-08 23:56:03,560,"Arakere, Bengaluru",493,0.16,0.0183
2026-05-08 23:56:00,535,"Arakere, Bengaluru",475,0.16,0.0176
2026-05-08 23:55:57,522,"Arakere, Bengaluru",466,0.16,0.0173
2026-05-08 23:55:47,509,"Arakere, Bengaluru",459,0.16,0.0170
2026-05-08 23:55:35,505,"Arakere, Bengaluru",457,0.16,0.0169
2026-05-08 23:55:31,488,"Arakere, Bengaluru",444,0.16,0.0164
2026-05-08 23:55:22,475,"Arakere, Bengaluru",437,0.16,0.0162
2026-05-08 23:55:19,488,"Arakere, Bengaluru",448,0.16,0.0166
2026-05-08 23:55:16,498,"Arakere, Bengaluru",455,0.16,0.0169
2026-05-08 23:55:13,488,"Arakere, Bengaluru",448,0.16,0.0166
2026-05-08 23:55:10,478,"Arakere, Bengaluru",440,0.16,0.0163
2026-05-08 23:55:02,466,"Arakere, Bengaluru",415,0.16,0.0153
2026-05-08 23:54:50,458,"Arakere, Bengaluru",396,0.17,0.0146
2026-05-08 23:54:38,453,"Arakere, Bengaluru",382,0.17,0.0141
2026-05-08 23:54:31,441,"Arakere, Bengaluru",352,0.17,0.0130
2026-05-08 23:54:20,431,"Arakere, Bengaluru",328,0.17,0.0120
2026-05-08 23:54:08,428,"Arakere, Bengaluru",320,0.17,0.0117
2026-05-08 23:53:56,422,"Arakere, Bengaluru",304,0.16,0.0111
2026-05-08 23:53:44,422,"Arakere, Bengaluru",305,0.16,0.0112
2026-05-08 23:53:33,423,"Arakere, Bengaluru",308,0.16,0.0113
2026-05-08 23:53:33,423,"Arakere, Bengaluru",308,0.16,0.0113
2026-05-08 23:53:33,423,"Arakere, Bengaluru",308,0.16,0.0113
2026-05-08 23:53:33,423,"Arakere, Bengaluru",308,0.16,0.0113
2026-05-08 23:53:21,430,"Arakere, Bengaluru",325,0.16,0.0119
2026-05-08 23:53:08,436,"Arakere, Bengaluru",340,0.16,0.0125
2026-05-08 23:52:57,440,"Arakere, Bengaluru",349,0.16,0.0128
2026-05-08 23:52:44,446,"Arakere, Bengaluru",364,0.16,0.0134
2026-05-08 23:52:32,453,"Arakere, Bengaluru",382,0.16,0.0141
2026-05-08 23:52:20,445,"Arakere, Bengaluru",362,0.16,0.0133
2026-05-08 23:52:08,442,"Arakere, Bengaluru",356,0.16,0.0131
2026-05-08 23:51:56,440,"Arakere, Bengaluru",351,0.16,0.0129
2026-05-08 23:51:44,441,"Arakere, Bengaluru",353,0.16,0.0130
2026-05-08 23:51:33,439,"Arakere, Bengaluru",348,0.16,0.0128
2026-05-08 23:51:27,429,"Arakere, Bengaluru",322,0.16,0.0118
2026-05-08 23:51:19,418,"Arakere, Bengaluru",293,0.16,0.0107
2026-05-08 23:51:07,414,"Arakere, Bengaluru",283,0.16,0.0103
2026-05-08 23:51:02,404,"Arakere, Bengaluru",259,0.16,0.0094
2026-05-08 23:50:59,386,"Arakere, Bengaluru",232,0.16,0.0084
2026-05-08 23:50:56,367,"Arakere, Bengaluru",207,0.16,0.0075
2026-05-08 23:50:52,350,"Arakere, Bengaluru",186,0.16,0.0067
2026-05-08 23:50:40,343,"Arakere, Bengaluru",176,0.16,0.0063
2026-05-08 23:50:29,343,"Arakere, Bengaluru",176,0.16,0.0063
2026-05-08 23:50:26,331,"Arakere, Bengaluru",161,0.16,0.0057
2026-05-08 23:50:22,320,"Arakere, Bengaluru",146,0.16,0.0052
2026-05-08 23:50:18,308,"Arakere, Bengaluru",131,0.16,0.0046
2026-05-08 23:50:15,293,"Arakere, Bengaluru",118,0.16,0.0041
2026-05-08 23:50:12,245,"Arakere, Bengaluru",104,0.16,0.0036
2026-05-08 23:50:09,201,"Arakere, Bengaluru",91,0.16,0.0031
2026-05-08 23:50:06,172,"Arakere, Bengaluru",82,0.16,0.0027
2026-05-08 23:50:03,138,"Arakere, Bengaluru",72,0.16,0.0023
2026-05-08 23:50:00,111,"Arakere, Bengaluru",64,0.17,0.0020
2026-05-08 23:49:57,98,"Arakere, Bengaluru",59,0.17,0.0019
2026-05-08 23:49:54,86,"Arakere, Bengaluru",52,0.17,0.0016
2026-05-08 23:49:49,76,"Arakere, Bengaluru",46,0.17,0.0014
2026-05-08 23:49:43,66,"Arakere, Bengaluru",40,0.17,0.0011
2026-05-08 23:49:40,56,"Arakere, Bengaluru",34,0.17,0.0009
2026-05-08 23:49:36,46,"Arakere, Bengaluru",28,0.17,0.0007
2026-05-08 23:49:25,36,"Arakere, Bengaluru",22,0.17,0.0005
2026-05-08 23:49:13,34,"Arakere, Bengaluru",20,0.17,0.0004
2026-05-08 23:49:02,34,"Arakere, Bengaluru",19,0.17,0.0003
2026-05-08 23:48:49,34,"Arakere, Bengaluru",19,0.17,0.0003
2026-05-08 23:48:37,35,"Arakere, Bengaluru",21,0.17,0.0004
2026-05-08 23:48:26,34,"Arakere, Bengaluru",20,0.17,0.0004
2026-05-08 23:48:26,34,"Arakere, Bengaluru",20,0.17,0.0004
2026-05-08 23:48:26,34,"Arakere, Bengaluru",20,0.17,0.0004
2026-05-08 23:48:26,34,"Arakere, Bengaluru",20,0.17,0.0004
2026-05-08 23:48:13,38,"Arakere, Bengaluru",23,0.17,0.0005
2026-05-08 23:48:01,40,"Arakere, Bengaluru",24,0.17,0.0005
2026-05-08 23:47:50,34,"Arakere, Bengaluru",19,0.17,0.0003
2026-05-08 23:47:37,35,"Arakere, Bengaluru",21,0.17,0.0004
2026-05-08 23:47:25,35,"Arakere, Bengaluru",21,0.17,0.0004
2026-05-08 23:47:13,36,"Arakere, Bengaluru",22,0.17,0.0005
2026-05-08 23:47:01,35,"Arakere, Bengaluru",21,0.17,0.0004
2026-05-08 23:46:49,35,"Arakere, Bengaluru",20,0.17,0.0004
2026-05-08 23:46:37,35,"Arakere, Bengaluru",21,0.17,0.0004
2026-05-08 23:46:25,35,"Arakere, Bengaluru",21,0.17,0.0004
2026-05-08 23:46:13,35,"Arakere, Bengaluru",20,0.17,0.0004
2026-05-08 23:46:02,35,"Arakere, Bengaluru",20,0.17,0.0004
2026-05-08 23:45:50,35,"Arakere, Bengaluru",20,0.17,0.0004
2026-05-08 23:45:37,36,"Arakere, Bengaluru",22,0.17,0.0005
2026-05-08 23:45:25,35,"Arakere, Bengaluru",21,0.17,0.0004
2026-05-08 23:45:13,35,"Arakere, Bengaluru",20,0.17,0.0004
2026-05-08 23:45:01,35,"Arakere, Bengaluru",20,0.17,0.0004
2026-05-08 23:44:49,36,"Arakere, Bengaluru",21,0.18,0.0004
2026-05-08 23:44:37,36,"Arakere, Bengaluru",22,0.18,0.0005
2026-05-08 23:44:25,36,"Arakere, Bengaluru",20,0.18,0.0004
2026-05-08 23:44:13,36,"Arakere, Bengaluru",21,0.18,0.0004
2026-05-08 23:44:01,36,"Arakere, Bengaluru",21,0.18,0.0004
2026-05-08 23:43:49,35,"Arakere, Bengaluru",19,0.17,0.0003
2026-05-08 23:43:37,35,"Arakere, Bengaluru",19,0.17,0.0003
2026-05-08 23:43:25,35,"Arakere, Bengaluru",21,0.17,0.0004
2026-05-08 23:43:14,35,"Arakere, Bengaluru",21,0.17,0.0004
2026-05-08 23:43:14,35,"Arakere, Bengaluru",21,0.17,0.0004
2026-05-08 23:43:14,35,"Arakere, Bengaluru",21,0.17,0.0004
2026-05-08 23:43:14,35,"Arakere, Bengaluru",21,0.17,0.0004
2026-05-08 23:43:01,35,"Arakere, Bengaluru",21,0.17,0.0004
2026-05-08 23:42:49,38,"Arakere, Bengaluru",23,0.17,0.0005
2026-05-08 23:42:37,36,"Arakere, Bengaluru",22,0.17,0.0005
2026-05-08 23:42:25,36,"Arakere, Bengaluru",22,0.17,0.0005
2026-05-08 23:42:13,40,"Arakere, Bengaluru",24,0.17,0.0005
2026-05-08 23:42:01,36,"Arakere, Bengaluru",22,0.17,0.0005
2026-05-08 23:41:49,38,"Arakere, Bengaluru",23,0.17,0.0005
2026-05-08 23:41:37,38,"Arakere, Bengaluru",23,0.17,0.0005
2026-05-08 23:41:25,36,"Arakere, Bengaluru",22,0.17,0.0005
2026-05-08 23:41:13,38,"Arakere, Bengaluru",23,0.17,0.0005
2026-05-08 23:41:01,40,"Arakere, Bengaluru",24,0.17,0.0005
2026-05-08 23:40:49,36,"Arakere, Bengaluru",22,0.17,0.0005
2026-05-08 23:40:37,36,"Arakere, Bengaluru",22,0.17,0.0005
2026-05-08 23:40:25,35,"Arakere, Bengaluru",21,0.17,0.0004
2026-05-08 23:40:13,36,"Arakere, Bengaluru",22,0.17,0.0005
2026-05-08 23:40:01,40,"Arakere, Bengaluru",24,0.17,0.0005
2026-05-08 23:39:49,38,"Arakere, Bengaluru",23,0.18,0.0005
2026-05-08 23:39:37,41,"Arakere, Bengaluru",25,0.18,0.0006
2026-05-08 23:39:25,38,"Arakere, Bengaluru",23,0.18,0.0005
2026-05-08 23:39:13,43,"Arakere, Bengaluru",26,0.18,0.0006
2026-05-08 23:39:01,43,"Arakere, Bengaluru",26,0.18,0.0006
2026-05-08 23:38:49,43,"Arakere, Bengaluru",26,0.17,0.0006
2026-05-08 23:38:37,43,"Arakere, Bengaluru",26,0.17,0.0006
2026-05-08 23:38:25,43,"Arakere, Bengaluru",26,0.17,0.0006
2026-05-08 23:38:13,40,"Arakere, Bengaluru",24,0.17,0.0005
2026-05-08 23:38:02,45,"Arakere, Bengaluru",27,0.17,0.0006
2026-05-08 23:38:02,45,"Arakere, Bengaluru",27,0.17,0.0006
2026-05-08 23:38:02,45,"Arakere, Bengaluru",27,0.17,0.0006
2026-05-08 23:38:02,45,"Arakere, Bengaluru",27,0.17,0.0006
2026-05-08 23:38:01,45,"Arakere, Bengaluru",27,0.17,0.0006
2026-05-08 23:37:49,43,"Arakere, Bengaluru",26,0.17,0.0006
2026-05-08 23:37:37,45,"Arakere, Bengaluru",27,0.17,0.0006
2026-05-08 23:37:25,43,"Arakere, Bengaluru",26,0.17,0.0006
2026-05-08 23:37:13,41,"Arakere, Bengaluru",25,0.17,0.0006
2026-05-08 23:37:01,41,"Arakere, Bengaluru",25,0.17,0.0006
2026-05-08 23:36:49,43,"Arakere, Bengaluru",26,0.17,0.0006
2026-05-08 23:36:37,40,"Arakere, Bengaluru",24,0.17,0.0005
2026-05-08 23:36:25,41,"Arakere, Bengaluru",25,0.17,0.0006
2026-05-08 23:36:13,45,"Arakere, Bengaluru",27,0.17,0.0006
2026-05-08 23:36:01,43,"Arakere, Bengaluru",26,0.17,0.0006
2026-05-08 23:35:49,45,"Arakere, Bengaluru",27,0.17,0.0006
2026-05-08 23:35:37,45,"Arakere, Bengaluru",27,0.17,0.0006
2026-05-08 23:35:25,45,"Arakere, Bengaluru",27,0.17,0.0006
2026-05-08 23:35:13,43,"Arakere, Bengaluru",26,0.17,0.0006
2026-05-08 23:35:01,46,"Arakere, Bengaluru",28,0.17,0.0007
2026-05-08 23:34:49,46,"Arakere, Bengaluru",28,0.17,0.0007
2026-05-08 23:34:37,48,"Arakere, Bengaluru",29,0.17,0.0007
2026-05-08 23:34:25,50,"Arakere, Bengaluru",30,0.17,0.0008
2026-05-08 23:34:13,50,"Arakere, Bengaluru",30,0.17,0.0008
2026-05-08 23:34:01,50,"Arakere, Bengaluru",30,0.17,0.0008
2026-05-08 23:33:49,52,"Arakere, Bengaluru",32,0.17,0.0008
2026-05-08 23:33:37,61,"Arakere, Bengaluru",37,0.17,0.0010
2026-05-08 23:33:28,71,"Arakere, Bengaluru",43,0.17,0.0013
2026-05-08 23:33:16,74,"Arakere, Bengaluru",45,0.17,0.0013
2026-05-08 23:33:04,76,"Arakere, Bengaluru",46,0.17,0.0014
2026-05-08 23:33:00,66,"Arakere, Bengaluru",40,0.17,0.0011
2026-05-08 23:32:57,56,"Arakere, Bengaluru",34,0.17,0.0009
2026-05-08 23:32:49,46,"Arakere, Bengaluru",28,0.17,0.0007
2026-05-08 17:37:27,51,"Arakere, Bengaluru",31,0.13,0.0008
2026-05-08 17:37:15,52,"Arakere, Bengaluru",32,0.13,0.0008
2026-05-08 17:37:04,52,"Arakere, Bengaluru",32,0.13,0.0008
2026-05-08 17:36:51,50,"Arakere, Bengaluru",30,0.13,0.0008
2026-05-08 17:36:40,51,"Arakere, Bengaluru",31,0.13,0.0008
2026-05-08 17:36:28,48,"Arakere, Bengaluru",29,0.13,0.0007
2026-05-08 17:36:15,48,"Arakere, Bengaluru",29,0.13,0.0007
2026-05-08 17:36:04,48,"Arakere, Bengaluru",29,0.13,0.0007
2026-05-08 17:35:52,50,"Arakere, Bengaluru",30,0.13,0.0008
2026-05-08 17:35:40,45,"Arakere, Bengaluru",27,0.13,0.0006
2026-05-08 17:35:28,45,"Arakere, Bengaluru",27,0.13,0.0006
2026-05-08 17:35:16,50,"Arakere, Bengaluru",30,0.13,0.0008
2026-05-08 17:35:04,48,"Arakere, Bengaluru",29,0.13,0.0007
2026-05-08 17:34:52,51,"Arakere, Bengaluru",31,0.13,0.0008
2026-05-08 17:34:40,48,"Arakere, Bengaluru",29,0.13,0.0007
2026-05-08 17:34:28,46,"Arakere, Bengaluru",28,0.13,0.0007
2026-05-08 17:34:16,48,"Arakere, Bengaluru",29,0.13,0.0007
2026-05-08 17:34:04,50,"Arakere, Bengaluru",30,0.13,0.0008
2026-05-08 17:33:52,50,"Arakere, Bengaluru",30,0.13,0.0008
2026-05-08 17:33:40,46,"Arakere, Bengaluru",28,0.13,0.0007
2026-05-08 17:33:40,46,"Arakere, Bengaluru",28,0.13,0.0007
2026-05-08 17:33:28,46,"Arakere, Bengaluru",28,0.13,0.0007
2026-05-08 17:33:16,48,"Arakere, Bengaluru",29,0.13,0.0007
2026-05-08 17:33:03,50,"Arakere, Bengaluru",30,0.13,0.0008
2026-05-08 17:32:52,46,"Arakere, Bengaluru",28,0.13,0.0007
2026-05-08 17:32:40,50,"Arakere, Bengaluru",30,0.13,0.0008
2026-05-08 17:32:28,48,"Arakere, Bengaluru",29,0.13,0.0007
2026-05-08 17:32:16,50,"Arakere, Bengaluru",30,0.13,0.0008
2026-05-08 17:32:04,52,"Arakere, Bengaluru",32,0.13,0.0008
2026-05-08 17:31:51,50,"Arakere, Bengaluru",30,0.14,0.0008
2026-05-08 17:31:40,48,"Arakere, Bengaluru",29,0.14,0.0007
2026-05-08 17:31:28,48,"Arakere, Bengaluru",29,0.14,0.0007
2026-05-08 17:31:16,46,"Arakere, Bengaluru",28,0.14,0.0007
2026-05-08 17:31:04,46,"Arakere, Bengaluru",28,0.14,0.0007
2026-05-08 17:30:51,50,"Arakere, Bengaluru",30,0.14,0.0008
2026-05-08 17:30:40,48,"Arakere, Bengaluru",29,0.14,0.0007
2026-05-08 17:30:28,50,"Arakere, Bengaluru",30,0.14,0.0008
2026-05-08 17:30:16,48,"Arakere, Bengaluru",29,0.14,0.0007
2026-05-08 17:30:03,46,"Arakere, Bengaluru",28,0.14,0.0007
2026-05-08 17:29:52,46,"Arakere, Bengaluru",28,0.14,0.0007
2026-05-08 17:29:40,48,"Arakere, Bengaluru",29,0.14,0.0007
2026-05-08 17:29:27,45,"Arakere, Bengaluru",27,0.14,0.0006
2026-05-08 17:29:16,46,"Arakere, Bengaluru",28,0.14,0.0007
2026-05-08 17:29:04,50,"Arakere, Bengaluru",30,0.14,0.0008
2026-05-08 17:28:52,46,"Arakere, Bengaluru",28,0.13,0.0007
2026-05-08 17:28:40,46,"Arakere, Bengaluru",28,0.13,0.0007
2026-05-08 17:28:28,48,"Arakere, Bengaluru",29,0.13,0.0007
2026-05-08 17:28:28,48,"Arakere, Bengaluru",29,0.13,0.0007
2026-05-08 17:28:28,48,"Arakere, Bengaluru",29,0.13,0.0007
2026-05-08 17:28:28,48,"Arakere, Bengaluru",29,0.13,0.0007
2026-05-08 17:28:16,48,"Arakere, Bengaluru",29,0.13,0.0007
2026-05-08 17:28:04,46,"Arakere, Bengaluru",28,0.13,0.0007
2026-05-08 17:27:51,45,"Arakere, Bengaluru",27,0.13,0.0006
2026-05-08 17:27:40,45,"Arakere, Bengaluru",27,0.13,0.0006
2026-05-08 17:27:28,45,"Arakere, Bengaluru",27,0.13,0.0006
2026-05-08 17:27:16,46,"Arakere, Bengaluru",28,0.13,0.0007
2026-05-08 17:27:04,46,"Arakere, Bengaluru",28,0.13,0.0007
2026-05-08 17:26:52,48,"Arakere, Bengaluru",29,0.13,0.0007
2026-05-08 17:26:40,46,"Arakere, Bengaluru",28,0.13,0.0007
2026-05-08 17:26:28,48,"Arakere, Bengaluru",29,0.13,0.0007
2026-05-08 17:26:16,48,"Arakere, Bengaluru",29,0.13,0.0007
2026-05-08 17:26:04,46,"Arakere, Bengaluru",28,0.13,0.0007
2026-05-08 17:25:52,50,"Arakere, Bengaluru",30,0.14,0.0008
2026-05-08 17:25:40,50,"Arakere, Bengaluru",30,0.14,0.0008
2026-05-08 17:25:28,46,"Arakere, Bengaluru",28,0.14,0.0007
2026-05-08 17:25:15,48,"Arakere, Bengaluru",29,0.14,0.0007
2026-05-08 17:25:04,50,"Arakere, Bengaluru",30,0.14,0.0008
2026-05-08 17:24:51,50,"Arakere, Bengaluru",30,0.14,0.0008
2026-05-08 17:24:40,48,"Arakere, Bengaluru",29,0.14,0.0007
2026-05-08 17:24:28,48,"Arakere, Bengaluru",29,0.14,0.0007
2026-05-08 17:24:16,50,"Arakere, Bengaluru",30,0.14,0.0008
2026-05-08 17:24:04,48,"Arakere, Bengaluru",29,0.14,0.0007
2026-05-08 17:23:52,46,"Arakere, Bengaluru",28,0.13,0.0007
2026-05-08 17:23:40,46,"Arakere, Bengaluru",28,0.13,0.0007
2026-05-08 17:23:28,48,"Arakere, Bengaluru",29,0.13,0.0007
2026-05-08 17:23:16,50,"Arakere, Bengaluru",30,0.13,0.0008
2026-05-08 17:23:03,48,"Arakere, Bengaluru",29,0.13,0.0007
2026-05-08 17:22:52,48,"Arakere, Bengaluru",29,0.13,0.0007
2026-05-08 17:22:40,48,"Arakere, Bengaluru",29,0.13,0.0007
2026-05-08 17:22:27,45,"Arakere, Bengaluru",27,0.13,0.0006
2026-05-08 17:22:16,45,"Arakere, Bengaluru",27,0.13,0.0006
2026-05-08 17:22:03,46,"Arakere, Bengaluru",28,0.13,0.0007
2026-05-08 17:21:52,48,"Arakere, Bengaluru",29,0.14,0.0007
2026-05-08 17:21:40,48,"Arakere, Bengaluru",29,0.14,0.0007
2026-05-08 17:21:28,45,"Arakere, Bengaluru",27,0.14,0.0006
2026-05-08 17:21:16,45,"Arakere, Bengaluru",27,0.14,0.0006
2026-05-08 17:21:04,45,"Arakere, Bengaluru",27,0.14,0.0006
2026-05-08 17:20:52,45,"Arakere, Bengaluru",27,0.14,0.0006
2026-05-08 17:20:40,45,"Arakere, Bengaluru",27,0.14,0.0006
2026-05-08 17:20:28,46,"Arakere, Bengaluru",28,0.14,0.0007
2026-05-08 17:20:16,48,"Arakere, Bengaluru",29,0.14,0.0007
2026-05-08 17:20:04,48,"Arakere, Bengaluru",29,0.14,0.0007
2026-05-08 17:19:51,45,"Arakere, Bengaluru",27,0.14,0.0006
2026-05-08 17:19:40,45,"Arakere, Bengaluru",27,0.14,0.0006
2026-05-08 17:19:28,48,"Arakere, Bengaluru",29,0.14,0.0007
2026-05-08 17:19:16,46,"Arakere, Bengaluru",28,0.14,0.0007
2026-05-08 17:19:04,48,"Arakere, Bengaluru",29,0.14,0.0007
2026-05-08 17:18:52,46,"Arakere, Bengaluru",28,0.13,0.0007
2026-05-08 17:18:40,46,"Arakere, Bengaluru",28,0.13,0.0007
2026-05-08 17:18:27,45,"Arakere, Bengaluru",27,0.13,0.0006
2026-05-08 17:18:16,46,"Arakere, Bengaluru",28,0.13,0.0007
2026-05-08 17:18:04,43,"Arakere, Bengaluru",26,0.13,0.0006
2026-05-08 17:18:04,43,"Arakere, Bengaluru",26,0.13,0.0006
2026-05-08 17:18:04,43,"Arakere, Bengaluru",26,0.13,0.0006
2026-05-08 17:18:04,43,"Arakere, Bengaluru",26,0.13,0.0006
2026-05-08 17:17:52,43,"Arakere, Bengaluru",26,0.14,0.0006
2026-05-08 17:17:40,41,"Arakere, Bengaluru",25,0.14,0.0006
2026-05-08 17:17:28,43,"Arakere, Bengaluru",26,0.14,0.0006
2026-05-08 17:17:15,43,"Arakere, Bengaluru",26,0.14,0.0006
2026-05-08 17:17:04,43,"Arakere, Bengaluru",26,0.14,0.0006
2026-05-08 17:16:51,45,"Arakere, Bengaluru",27,0.14,0.0006
2026-05-08 17:16:40,48,"Arakere, Bengaluru",29,0.14,0.0007
2026-05-08 17:16:27,48,"Arakere, Bengaluru",29,0.14,0.0007
2026-05-08 17:16:15,48,"Arakere, Bengaluru",29,0.14,0.0007
2026-05-08 17:16:03,46,"Arakere, Bengaluru",28,0.14,0.0007
2026-05-08 17:15:51,43,"Arakere, Bengaluru",26,0.14,0.0006
2026-05-08 17:15:40,41,"Arakere, Bengaluru",25,0.14,0.0006
2026-05-08 17:15:27,41,"Arakere, Bengaluru",25,0.14,0.0006
2026-05-08 17:15:15,41,"Arakere, Bengaluru",25,0.14,0.0006
2026-05-08 17:15:03,38,"Arakere, Bengaluru",23,0.14,0.0005
2026-05-08 17:14:52,38,"Arakere, Bengaluru",23,0.14,0.0005
2026-05-08 17:14:39,41,"Arakere, Bengaluru",25,0.14,0.0006
2026-05-08 17:14:28,43,"Arakere, Bengaluru",26,0.14,0.0006
2026-05-08 17:14:15,40,"Arakere, Bengaluru",24,0.14,0.0005
2026-05-08 17:14:03,43,"Arakere, Bengaluru",26,0.14,0.0006
2026-05-08 17:13:51,45,"Arakere, Bengaluru",27,0.14,0.0006
2026-05-08 17:13:40,48,"Arakere, Bengaluru",29,0.14,0.0007
2026-05-08 17:13:27,46,"Arakere, Bengaluru",28,0.14,0.0007
2026-05-08 17:13:15,46,"Arakere, Bengaluru",28,0.14,0.0007
2026-05-08 17:13:03,45,"Arakere, Bengaluru",27,0.14,0.0006
2026-05-08 17:12:52,45,"Arakere, Bengaluru",27,0.14,0.0006
2026-05-08 17:12:52,45,"Arakere, Bengaluru",27,0.14,0.0006
2026-05-08 17:12:52,45,"Arakere, Bengaluru",27,0.14,0.0006
2026-05-08 17:12:40,43,"Arakere, Bengaluru",26,0.14,0.0006
2026-05-08 17:12:28,40,"Arakere, Bengaluru",24,0.14,0.0005
2026-05-08 17:12:15,40,"Arakere, Bengaluru",24,0.14,0.0005
2026-05-08 17:12:04,41,"Arakere, Bengaluru",25,0.14,0.0006
2026-05-08 17:11:51,43,"Arakere, Bengaluru",26,0.14,0.0006
2026-05-08 17:11:40,46,"Arakere, Bengaluru",28,0.14,0.0007
2026-05-08 17:11:27,43,"Arakere, Bengaluru",26,0.14,0.0006
2026-05-08 17:11:15,43,"Arakere, Bengaluru",26,0.14,0.0006
2026-05-08 17:11:03,46,"Arakere, Bengaluru",28,0.14,0.0007
2026-05-08 17:10:51,45,"Arakere, Bengaluru",27,0.14,0.0006
2026-05-08 17:10:40,43,"Arakere, Bengaluru",26,0.14,0.0006
2026-05-08 17:10:28,43,"Arakere, Bengaluru",26,0.14,0.0006
2026-05-08 17:10:15,45,"Arakere, Bengaluru",27,0.14,0.0006
2026-05-08 17:10:03,46,"Arakere, Bengaluru",28,0.14,0.0007
2026-05-08 17:09:52,46,"Arakere, Bengaluru",28,0.14,0.0007
2026-05-08 17:09:40,45,"Arakere, Bengaluru",27,0.14,0.0006
2026-05-08 17:09:27,45,"Arakere, Bengaluru",27,0.14,0.0006
2026-05-08 17:09:15,46,"Arakere, Bengaluru",28,0.14,0.0007
2026-05-08 17:09:03,43,"Arakere, Bengaluru",26,0.14,0.0006
2026-05-08 17:08:51,43,"Arakere, Bengaluru",26,0.13,0.0006
2026-05-08 17:08:40,45,"Arakere, Bengaluru",27,0.13,0.0006
2026-05-08 17:08:27,45,"Arakere, Bengaluru",27,0.13,0.0006
2026-05-08 17:08:15,48,"Arakere, Bengaluru",29,0.13,0.0007
2026-05-08 17:08:03,45,"Arakere, Bengaluru",27,0.13,0.0006
2026-05-08 17:07:51,43,"Arakere, Bengaluru",26,0.13,0.0006
2026-05-08 17:07:40,45,"Arakere, Bengaluru",27,0.13,0.0006
2026-05-08 17:07:40,45,"Arakere, Bengaluru",27,0.13,0.0006
2026-05-08 17:07:40,45,"Arakere, Bengaluru",27,0.13,0.0006
2026-05-08 17:07:40,45,"Arakere, Bengaluru",27,0.13,0.0006
2026-05-08 17:07:27,41,"Arakere, Bengaluru",25,0.13,0.0006
2026-05-08 17:07:15,43,"Arakere, Bengaluru",26,0.13,0.0006
2026-05-08 17:07:03,45,"Arakere, Bengaluru",27,0.13,0.0006
2026-05-08 17:06:51,43,"Arakere, Bengaluru",26,0.13,0.0006
2026-05-08 17:06:40,40,"Arakere, Bengaluru",24,0.13,0.0005
2026-05-08 17:06:27,45,"Arakere, Bengaluru",27,0.13,0.0006
2026-05-08 17:06:15,48,"Arakere, Bengaluru",29,0.13,0.0007
2026-05-08 17:06:03,48,"Arakere, Bengaluru",29,0.13,0.0007
2026-05-08 17:05:51,48,"Arakere, Bengaluru",29,0.14,0.0007
2026-05-08 17:05:39,45,"Arakere, Bengaluru",27,0.14,0.0006
2026-05-08 17:05:27,45,"Arakere, Bengaluru",27,0.14,0.0006
2026-05-08 17:05:15,41,"Arakere, Bengaluru",25,0.14,0.0006
2026-05-08 17:05:03,43,"Arakere, Bengaluru",26,0.14,0.0006
2026-05-08 17:04:51,43,"Arakere, Bengaluru",26,0.13,0.0006
2026-05-08 17:04:39,41,"Arakere, Bengaluru",25,0.13,0.0006
2026-05-08 17:04:27,41,"Arakere, Bengaluru",25,0.13,0.0006
2026-05-08 17:04:15,41,"Arakere, Bengaluru",25,0.13,0.0006
2026-05-08 17:04:03,43,"Arakere, Bengaluru",26,0.13,0.0006
2026-05-08 17:03:51,45,"Arakere, Bengaluru",27,0.13,0.0006
2026-05-08 17:03:39,43,"Arakere, Bengaluru",26,0.13,0.0006
2026-05-08 17:03:27,43,"Arakere, Bengaluru",26,0.13,0.0006
2026-05-08 17:03:15,41,"Arakere, Bengaluru",25,0.13,0.0006
2026-05-08 17:03:03,40,"Arakere, Bengaluru",24,0.13,0.0005
2026-05-08 17:02:51,43,"Arakere, Bengaluru",26,0.13,0.0006
2026-05-08 17:02:39,43,"Arakere, Bengaluru",26,0.13,0.0006
2026-05-08 17:02:39,43,"Arakere, Bengaluru",26,0.13,0.0006
2026-05-08 17:02:39,43,"Arakere, Bengaluru",26,0.13,0.0006
2026-05-07 23:05:14,76,"Arakere, Bengaluru",46,0.16,0.0014
2026-05-07 23:05:02,76,"Arakere, Bengaluru",46,0.16,0.0014
2026-05-07 23:04:50,76,"Arakere, Bengaluru",46,0.16,0.0014
2026-05-07 23:04:38,78,"Arakere, Bengaluru",47,0.16,0.0014
2026-05-07 23:04:26,74,"Arakere, Bengaluru",45,0.16,0.0013
2026-05-07 23:04:15,76,"Arakere, Bengaluru",46,0.16,0.0014
2026-05-07 23:04:15,76,"Arakere, Bengaluru",46,0.16,0.0014
2026-05-07 23:04:15,76,"Arakere, Bengaluru",46,0.16,0.0014
2026-05-07 23:04:14,76,"Arakere, Bengaluru",46,0.16,0.0014
2026-05-07 23:04:14,76,"Arakere, Bengaluru",46,0.16,0.0014
2026-05-07 23:04:02,79,"Arakere, Bengaluru",48,0.16,0.0014
2026-05-07 23:03:50,76,"Arakere, Bengaluru",46,0.16,0.0014
2026-05-07 23:03:38,74,"Arakere, Bengaluru",45,0.16,0.0013
2026-05-07 23:03:26,76,"Arakere, Bengaluru",46,0.16,0.0014
2026-05-07 23:03:14,74,"Arakere, Bengaluru",45,0.16,0.0013
2026-05-07 23:03:02,74,"Arakere, Bengaluru",45,0.16,0.0013
2026-05-07 23:02:49,76,"Arakere, Bengaluru",46,0.17,0.0014
2026-05-07 23:02:37,78,"Arakere, Bengaluru",47,0.17,0.0014
2026-05-07 23:02:26,79,"Arakere, Bengaluru",48,0.17,0.0014
2026-05-07 23:02:14,76,"Arakere, Bengaluru",46,0.17,0.0014
2026-05-07 23:02:01,76,"Arakere, Bengaluru",46,0.17,0.0014
2026-05-07 23:01:50,74,"Arakere, Bengaluru",45,0.17,0.0013
2026-05-07 23:01:38,76,"Arakere, Bengaluru",46,0.17,0.0014
2026-05-07 23:01:26,74,"Arakere, Bengaluru",45,0.17,0.0013
2026-05-07 23:01:14,76,"Arakere, Bengaluru",46,0.17,0.0014
2026-05-07 23:01:02,76,"Arakere, Bengaluru",46,0.17,0.0014
2026-05-07 23:00:49,78,"Arakere, Bengaluru",47,0.16,0.0014
2026-05-07 23:00:38,78,"Arakere, Bengaluru",47,0.16,0.0014
2026-05-07 23:00:26,76,"Arakere, Bengaluru",46,0.16,0.0014
2026-05-07 23:00:14,74,"Arakere, Bengaluru",45,0.16,0.0013
2026-05-07 23:00:02,78,"Arakere, Bengaluru",47,0.16,0.0014
2026-05-07 22:59:50,76,"Arakere, Bengaluru",46,0.17,0.0014
2026-05-07 22:59:38,76,"Arakere, Bengaluru",46,0.17,0.0014
2026-05-07 22:59:25,78,"Arakere, Bengaluru",47,0.17,0.0014
2026-05-07 22:59:14,76,"Arakere, Bengaluru",46,0.17,0.0014
2026-05-07 22:59:03,78,"Arakere, Bengaluru",47,0.17,0.0014
2026-05-07 22:59:03,78,"Arakere, Bengaluru",47,0.17,0.0014
2026-05-07 22:59:03,78,"Arakere, Bengaluru",47,0.17,0.0014
2026-05-07 22:59:03,78,"Arakere, Bengaluru",47,0.17,0.0014
2026-05-07 22:59:02,78,"Arakere, Bengaluru",47,0.17,0.0014
2026-05-07 22:58:50,74,"Arakere, Bengaluru",45,0.17,0.0013
2026-05-07 22:58:38,76,"Arakere, Bengaluru",46,0.17,0.0014
2026-05-07 22:58:25,76,"Arakere, Bengaluru",46,0.17,0.0014
2026-05-07 22:58:13,74,"Arakere, Bengaluru",45,0.17,0.0013
2026-05-07 22:58:02,74,"Arakere, Bengaluru",45,0.17,0.0013
2026-05-07 22:57:50,76,"Arakere, Bengaluru",46,0.17,0.0014
2026-05-07 22:57:38,74,"Arakere, Bengaluru",45,0.17,0.0013
2026-05-07 22:57:26,76,"Arakere, Bengaluru",46,0.17,0.0014
2026-05-07 22:57:14,76,"Arakere, Bengaluru",46,0.17,0.0014
2026-05-07 22:57:02,74,"Arakere, Bengaluru",45,0.17,0.0013
2026-05-07 22:56:50,74,"Arakere, Bengaluru",45,0.17,0.0013
2026-05-07 22:56:38,76,"Arakere, Bengaluru",46,0.17,0.0014
2026-05-07 22:56:25,76,"Arakere, Bengaluru",46,0.17,0.0014
2026-05-07 22:56:14,76,"Arakere, Bengaluru",46,0.17,0.0014
2026-05-07 22:56:01,76,"Arakere, Bengaluru",46,0.17,0.0014
2026-05-07 22:55:50,78,"Arakere, Bengaluru",47,0.17,0.0014
2026-05-07 22:55:38,76,"Arakere, Bengaluru",46,0.17,0.0014
2026-05-07 22:55:26,76,"Arakere, Bengaluru",46,0.17,0.0014
2026-05-07 22:55:13,78,"Arakere, Bengaluru",47,0.17,0.0014
2026-05-07 22:55:01,78,"Arakere, Bengaluru",47,0.17,0.0014
2026-05-07 22:54:50,76,"Arakere, Bengaluru",46,0.17,0.0014
2026-05-07 22:54:38,74,"Arakere, Bengaluru",45,0.17,0.0013
2026-05-07 22:54:26,76,"Arakere, Bengaluru",46,0.17,0.0014
2026-05-07 22:54:14,74,"Arakere, Bengaluru",45,0.17,0.0013
2026-05-07 22:54:01,76,"Arakere, Bengaluru",46,0.17,0.0014
2026-05-07 22:53:50,74,"Arakere, Bengaluru",45,0.18,0.0013
2026-05-07 22:53:50,74,"Arakere, Bengaluru",45,0.18,0.0013
2026-05-07 22:53:50,74,"Arakere, Bengaluru",45,0.18,0.0013
2026-05-07 22:53:50,74,"Arakere, Bengaluru",45,0.18,0.0013
2026-05-07 22:53:50,74,"Arakere, Bengaluru",45,0.18,0.0013
2026-05-07 22:53:37,76,"Arakere, Bengaluru",46,0.18,0.0014
2026-05-07 22:53:25,76,"Arakere, Bengaluru",46,0.18,0.0014
2026-05-07 22:53:13,76,"Arakere, Bengaluru",46,0.18,0.0014
2026-05-07 22:53:02,78,"Arakere, Bengaluru",47,0.18,0.0014
2026-05-07 22:52:50,76,"Arakere, Bengaluru",46,0.17,0.0014
2026-05-07 22:52:37,76,"Arakere, Bengaluru",46,0.17,0.0014
2026-05-07 22:52:25,74,"Arakere, Bengaluru",45,0.17,0.0013
2026-05-07 22:52:14,76,"Arakere, Bengaluru",46,0.17,0.0014
2026-05-07 22:52:02,74,"Arakere, Bengaluru",45,0.17,0.0013
2026-05-07 22:51:50,71,"Arakere, Bengaluru",43,0.17,0.0013
2026-05-07 22:51:38,71,"Arakere, Bengaluru",43,0.17,0.0013
2026-05-07 22:51:26,74,"Arakere, Bengaluru",45,0.17,0.0013
2026-05-07 22:51:14,74,"Arakere, Bengaluru",45,0.17,0.0013
2026-05-07 22:51:02,72,"Arakere, Bengaluru",44,0.17,0.0013
2026-05-07 22:50:50,74,"Arakere, Bengaluru",45,0.17,0.0013
2026-05-07 22:50:37,76,"Arakere, Bengaluru",46,0.17,0.0014
2026-05-07 22:50:25,74,"Arakere, Bengaluru",45,0.17,0.0013
2026-05-07 22:50:14,76,"Arakere, Bengaluru",46,0.17,0.0014
2026-05-07 22:50:01,72,"Arakere, Bengaluru",44,0.17,0.0013
2026-05-07 22:49:49,76,"Arakere, Bengaluru",46,0.17,0.0014
2026-05-07 22:49:38,76,"Arakere, Bengaluru",46,0.17,0.0014
2026-05-07 22:49:26,76,"Arakere, Bengaluru",46,0.17,0.0014
2026-05-07 22:49:13,78,"Arakere, Bengaluru",47,0.17,0.0014
2026-05-07 22:49:01,79,"Arakere, Bengaluru",48,0.17,0.0014
2026-05-07 22:48:50,76,"Arakere, Bengaluru",46,0.17,0.0014
2026-05-07 22:48:38,78,"Arakere, Bengaluru",47,0.17,0.0014
2026-05-07 22:48:38,78,"Arakere, Bengaluru",47,0.17,0.0014
2026-05-07 22:48:38,78,"Arakere, Bengaluru",47,0.17,0.0014
2026-05-07 22:48:38,78,"Arakere, Bengaluru",47,0.17,0.0014
2026-05-07 22:48:26,74,"Arakere, Bengaluru",45,0.17,0.0013
2026-05-07 22:48:14,74,"Arakere, Bengaluru",45,0.17,0.0013
2026-05-07 22:48:02,74,"Arakere, Bengaluru",45,0.17,0.0013
2026-05-07 22:47:49,72,"Arakere, Bengaluru",44,0.17,0.0013
2026-05-07 22:47:38,74,"Arakere, Bengaluru",45,0.17,0.0013
2026-05-07 22:47:26,76,"Arakere, Bengaluru",46,0.17,0.0014
2026-05-07 22:47:13,72,"Arakere, Bengaluru",44,0.17,0.0013
2026-05-07 22:47:01,76,"Arakere, Bengaluru",46,0.17,0.0014
2026-05-07 22:46:49,74,"Arakere, Bengaluru",45,0.17,0.0013
2026-05-07 22:46:37,78,"Arakere, Bengaluru",47,0.17,0.0014
2026-05-07 22:46:26,79,"Arakere, Bengaluru",48,0.17,0.0014
2026-05-07 22:46:14,81,"Arakere, Bengaluru",49,0.17,0.0015
2026-05-07 22:46:02,89,"Arakere, Bengaluru",54,0.17,0.0017
2026-05-07 22:45:56,101,"Arakere, Bengaluru",61,0.17,0.0019
2026-05-07 22:45:48,111,"Arakere, Bengaluru",64,0.17,0.0020
2026-05-07 22:45:45,96,"Arakere, Bengaluru",58,0.17,0.0018
2026-05-07 22:45:42,84,"Arakere, Bengaluru",51,0.17,0.0016
2026-05-07 22:45:36,74,"Arakere, Bengaluru",45,0.17,0.0013
2026-05-07 22:45:24,74,"Arakere, Bengaluru",45,0.17,0.0013
2026-05-07 22:45:12,71,"Arakere, Bengaluru",43,0.17,0.0013
2026-05-07 22:45:00,72,"Arakere, Bengaluru",44,0.17,0.0013
2026-05-07 22:44:48,74,"Arakere, Bengaluru",45,0.17,0.0013
2026-05-07 22:44:36,72,"Arakere, Bengaluru",44,0.17,0.0013
2026-05-07 22:44:24,74,"Arakere, Bengaluru",45,0.17,0.0013
2026-05-07 22:44:12,76,"Arakere, Bengaluru",46,0.17,0.0014
2026-05-07 22:44:00,76,"Arakere, Bengaluru",46,0.17,0.0014
2026-05-07 22:43:48,74,"Arakere, Bengaluru",45,0.17,0.0013
2026-05-07 22:43:37,74,"Arakere, Bengaluru",45,0.17,0.0013
2026-05-07 22:43:37,74,"Arakere, Bengaluru",45,0.17,0.0013
2026-05-07 22:43:37,74,"Arakere, Bengaluru",45,0.17,0.0013
2026-05-07 22:43:37,74,"Arakere, Bengaluru",45,0.17,0.0013
2026-05-07 22:43:36,74,"Arakere, Bengaluru",45,0.17,0.0013
2026-05-07 22:43:24,74,"Arakere, Bengaluru",45,0.17,0.0013
2026-05-07 22:43:12,78,"Arakere, Bengaluru",47,0.17,0.0014
2026-05-07 22:43:00,74,"Arakere, Bengaluru",45,0.17,0.0013
2026-05-07 22:42:48,74,"Arakere, Bengaluru",45,0.17,0.0013
2026-05-07 22:42:36,76,"Arakere, Bengaluru",46,0.17,0.0014
2026-05-07 22:42:24,72,"Arakere, Bengaluru",44,0.17,0.0013
2026-05-07 22:42:12,72,"Arakere, Bengaluru",44,0.17,0.0013
2026-05-07 22:42:00,74,"Arakere, Bengaluru",45,0.17,0.0013
2026-05-07 22:41:48,74,"Arakere, Bengaluru",45,0.17,0.0013
2026-05-07 22:41:36,74,"Arakere, Bengaluru",45,0.17,0.0013
2026-05-07 22:41:24,74,"Arakere, Bengaluru",45,0.17,0.0013
2026-05-07 22:41:12,74,"Arakere, Bengaluru",45,0.17,0.0013
2026-05-07 22:41:00,72,"Arakere, Bengaluru",44,0.17,0.0013
2026-05-07 22:40:48,74,"Arakere, Bengaluru",45,0.17,0.0013
2026-05-07 22:40:36,71,"Arakere, Bengaluru",43,0.17,0.0013
2026-05-07 22:40:24,72,"Arakere, Bengaluru",44,0.17,0.0013
2026-05-07 22:40:12,72,"Arakere, Bengaluru",44,0.17,0.0013
2026-05-07 22:40:00,76,"Arakere, Bengaluru",46,0.17,0.0014
2026-05-07 22:39:48,76,"Arakere, Bengaluru",46,0.17,0.0014
2026-05-07 22:39:36,72,"Arakere, Bengaluru",44,0.17,0.0013
2026-05-07 22:39:24,76,"Arakere, Bengaluru",46,0.17,0.0014
2026-05-07 22:39:12,74,"Arakere, Bengaluru",45,0.17,0.0013
2026-05-07 22:39:00,76,"Arakere, Bengaluru",46,0.17,0.0014
2026-05-07 22:38:48,74,"Arakere, Bengaluru",45,0.18,0.0013
2026-05-07 22:38:36,74,"Arakere, Bengaluru",45,0.18,0.0013
2026-05-07 22:38:24,71,"Arakere, Bengaluru",43,0.18,0.0013
2026-05-07 22:38:24,71,"Arakere, Bengaluru",43,0.18,0.0013
2026-05-07 22:38:24,71,"Arakere, Bengaluru",43,0.18,0.0013
2026-05-07 22:38:24,71,"Arakere, Bengaluru",43,0.18,0.0013
2026-05-07 22:38:24,71,"Arakere, Bengaluru",43,0.18,0.0013
2026-05-07 22:38:12,71,"Arakere, Bengaluru",43,0.18,0.0013
2026-05-07 22:38:00,72,"Arakere, Bengaluru",44,0.18,0.0013
2026-05-07 22:37:48,74,"Arakere, Bengaluru",45,0.17,0.0013
2026-05-07 22:37:36,72,"Arakere, Bengaluru",44,0.17,0.0013
2026-05-07 22:37:24,71,"Arakere, Bengaluru",43,0.17,0.0013
2026-05-07 22:37:12,72,"Arakere, Bengaluru",44,0.17,0.0013
2026-05-07 22:37:00,74,"Arakere, Bengaluru",45,0.17,0.0013
2026-05-07 22:36:48,72,"Arakere, Bengaluru",44,0.17,0.0013
2026-05-07 22:36:36,72,"Arakere, Bengaluru",44,0.17,0.0013
2026-05-07 22:36:24,71,"Arakere, Bengaluru",43,0.17,0.0013
2026-05-07 22:36:12,72,"Arakere, Bengaluru",44,0.17,0.0013
2026-05-07 22:36:00,72,"Arakere, Bengaluru",44,0.17,0.0013
2026-05-07 22:35:48,72,"Arakere, Bengaluru",44,0.17,0.0013
2026-05-07 22:35:36,72,"Arakere, Bengaluru",44,0.17,0.0013
2026-05-07 22:35:24,74,"Arakere, Bengaluru",45,0.17,0.0013
2026-05-07 22:35:12,74,"Arakere, Bengaluru",45,0.17,0.0013
2026-05-07 22:35:00,72,"Arakere, Bengaluru",44,0.17,0.0013
2026-05-07 22:34:48,74,"Arakere, Bengaluru",45,0.18,0.0013
2026-05-07 22:34:36,74,"Arakere, Bengaluru",45,0.18,0.0013
2026-05-07 22:34:24,71,"Arakere, Bengaluru",43,0.18,0.0013
2026-05-07 22:34:12,72,"Arakere, Bengaluru",44,0.18,0.0013
2026-05-07 22:34:00,74,"Arakere, Bengaluru",45,0.18,0.0013
2026-05-07 22:33:48,72,"Arakere, Bengaluru",44,0.18,0.0013
2026-05-07 22:33:36,72,"Arakere, Bengaluru",44,0.18,0.0013
2026-05-07 22:33:24,71,"Arakere, Bengaluru",43,0.18,0.0013
2026-05-07 22:33:13,71,"Arakere, Bengaluru",43,0.18,0.0013
2026-05-07 22:33:13,71,"Arakere, Bengaluru",43,0.18,0.0013
2026-05-07 22:33:12,71,"Arakere, Bengaluru",43,0.18,0.0013
2026-05-07 22:33:00,74,"Arakere, Bengaluru",45,0.18,0.0013
2026-05-07 22:32:48,72,"Arakere, Bengaluru",44,0.18,0.0013
2026-05-07 22:32:36,72,"Arakere, Bengaluru",44,0.18,0.0013
2026-05-07 22:32:24,72,"Arakere, Bengaluru",44,0.18,0.0013
2026-05-07 22:32:12,74,"Arakere, Bengaluru",45,0.18,0.0013
2026-05-07 22:32:00,74,"Arakere, Bengaluru",45,0.18,0.0013
2026-05-07 22:31:48,74,"Arakere, Bengaluru",45,0.18,0.0013
2026-05-07 22:31:36,74,"Arakere, Bengaluru",45,0.18,0.0013
2026-05-07 22:31:24,76,"Arakere, Bengaluru",46,0.18,0.0014
2026-05-07 22:31:12,78,"Arakere, Bengaluru",47,0.18,0.0014
2026-05-07 22:31:00,83,"Arakere, Bengaluru",50,0.18,0.0015
2026-05-07 22:30:48,88,"Arakere, Bengaluru",53,0.18,0.0016
2026-05-07 22:30:36,79,"Arakere, Bengaluru",48,0.18,0.0014
2026-05-07 22:30:24,78,"Arakere, Bengaluru",47,0.18,0.0014
2026-05-07 22:30:12,81,"Arakere, Bengaluru",49,0.18,0.0015
2026-05-07 22:30:00,76,"Arakere, Bengaluru",46,0.18,0.0014
2026-05-07 22:29:48,74,"Arakere, Bengaluru",45,0.19,0.0013
2026-05-07 22:29:36,72,"Arakere, Bengaluru",44,0.19,0.0013
2026-05-07 22:29:24,71,"Arakere, Bengaluru",43,0.19,0.0013
2026-05-07 22:29:12,67,"Arakere, Bengaluru",41,0.19,0.0012
2026-05-07 22:29:00,59,"Arakere, Bengaluru",36,0.19,0.0010
2026-05-07 22:28:50,48,"Arakere, Bengaluru",29,0.19,0.0007
2026-05-07 22:28:44,35,"Arakere, Bengaluru",11,0.19,0.0000
2026-05-07 22:28:32,35,"Arakere, Bengaluru",1,0.19,0.0000
2026-05-07 22:28:20,35,"Arakere, Bengaluru",3,0.19,0.0000
2026-05-07 22:28:11,35,"Arakere, Bengaluru",4,0.19,0.0000
2026-05-07 22:28:09,35,"Arakere, Bengaluru",4,0.19,0.0000
2026-05-07 22:28:09,35,"Arakere, Bengaluru",4,0.19,0.0000
2026-05-07 22:28:09,35,"Arakere, Bengaluru",4,0.19,0.0000
2026-05-07 22:27:56,34,"Arakere, Bengaluru",4,0.19,0.0000
2026-05-07 22:27:44,34,"Arakere, Bengaluru",4,0.19,0.0000
2026-05-07 22:27:32,34,"Arakere, Bengaluru",5,0.19,0.0000
2026-05-07 22:27:20,34,"Arakere, Bengaluru",5,0.19,0.0000
2026-05-07 22:27:08,34,"Arakere, Bengaluru",5,0.19,0.0000
2026-05-07 22:26:56,33,"Arakere, Bengaluru",8,0.18,0.0000
2026-05-07 22:26:44,33,"Arakere, Bengaluru",6,0.18,0.0000
2026-05-07 22:26:32,33,"Arakere, Bengaluru",8,0.18,0.0000
2026-05-07 22:26:20,33,"Arakere, Bengaluru",15,0.18,0.0002
2026-05-07 22:26:08,41,"Arakere, Bengaluru",25,0.18,0.0006
2026-05-07 22:26:05,51,"Arakere, Bengaluru",31,0.18,0.0008
2026-05-07 22:25:59,61,"Arakere, Bengaluru",37,0.18,0.0010
2026-05-07 22:25:53,71,"Arakere, Bengaluru",43,0.19,0.0013
2026-05-07 22:25:41,78,"Arakere, Bengaluru",47,0.19,0.0014
2026-05-07 22:25:30,79,"Arakere, Bengaluru",48,0.19,0.0014
2026-05-07 22:25:17,83,"Arakere, Bengaluru",50,0.19,0.0015
2026-05-07 22:25:05,81,"Arakere, Bengaluru",49,0.19,0.0015
2026-05-07 22:24:53,81,"Arakere, Bengaluru",49,0.19,0.0015
2026-05-07 22:24:41,81,"Arakere, Bengaluru",49,0.19,0.0015
2026-05-07 22:24:29,86,"Arakere, Bengaluru",52,0.19,0.0016
2026-05-07 22:24:17,89,"Arakere, Bengaluru",54,0.19,0.0017
2026-05-07 22:24:08,79,"Arakere, Bengaluru",48,0.19,0.0014
2026-05-07 22:23:56,76,"Arakere, Bengaluru",46,0.2,0.0014
2026-05-07 22:23:44,76,"Arakere, Bengaluru",46,0.2,0.0014
2026-05-07 22:23:32,78,"Arakere, Bengaluru",47,0.2,0.0014
2026-05-07 22:23:20,78,"Arakere, Bengaluru",47,0.2,0.0014
2026-05-07 22:23:08,81,"Arakere, Bengaluru",49,0.2,0.0015
2026-05-07 22:22:57,78,"Arakere, Bengaluru",47,0.2,0.0014
2026-05-07 22:22:56,78,"Arakere, Bengaluru",47,0.2,0.0014
2026-05-07 22:22:44,78,"Bilekahalli, Bengaluru",47,0.2,0.0014
2026-05-07 22:22:32,78,"Bilekahalli, Bengaluru",47,0.2,0.0014
2026-05-07 22:22:20,81,"Bilekahalli, Bengaluru",49,0.2,0.0015
2026-05-07 22:22:08,79,"Bilekahalli, Bengaluru",48,0.2,0.0014
2026-05-07 22:21:57,79,"Bilekahalli, Bengaluru",48,0.19,0.0014
2026-05-07 22:21:44,79,"Bilekahalli, Bengaluru",48,0.19,0.0014
2026-05-07 22:21:32,79,"Bilekahalli, Bengaluru",48,0.19,0.0014
2026-05-07 22:21:20,78,"Bilekahalli, Bengaluru",47,0.19,0.0014
2026-05-07 22:21:08,76,"Bilekahalli, Bengaluru",46,0.19,0.0014
2026-05-07 22:20:56,74,"Bilekahalli, Bengaluru",45,0.19,0.0013
2026-05-07 22:20:45,76,"Bilekahalli, Bengaluru",46,0.19,0.0014
2026-05-07 22:20:32,78,"Bilekahalli, Bengaluru",47,0.19,0.0014
2026-05-07 22:20:20,79,"Bilekahalli, Bengaluru",48,0.19,0.0014
2026-05-07 22:20:08,81,"Bilekahalli, Bengaluru",49,0.19,0.0015
2026-05-07 22:19:56,81,"Bilekahalli, Bengaluru",49,0.19,0.0015
2026-05-07 22:19:44,78,"Bilekahalli, Bengaluru",47,0.19,0.0014
2026-05-07 22:19:32,79,"Bilekahalli, Bengaluru",48,0.19,0.0014
2026-05-07 22:19:20,79,"Bilekahalli, Bengaluru",48,0.19,0.0014
2026-05-07 22:19:08,83,"Bilekahalli, Bengaluru",50,0.19,0.0015
2026-05-07 22:18:56,83,"Bilekahalli, Bengaluru",50,0.2,0.0015
2026-05-07 22:18:44,86,"Bilekahalli, Bengaluru",52,0.2,0.0016
2026-05-07 22:18:33,96,"Bilekahalli, Bengaluru",58,0.2,0.0018
2026-05-07 22:18:26,107,"Bilekahalli, Bengaluru",63,0.2,0.0020
2026-05-07 22:18:23,121,"Bilekahalli, Bengaluru",67,0.2,0.0022
2026-05-07 22:18:20,145,"Bilekahalli, Bengaluru",74,0.2,0.0024
2026-05-07 22:18:17,165,"Bilekahalli, Bengaluru",80,0.2,0.0027
2026-05-07 22:18:14,196,"Bilekahalli, Bengaluru",89,0.2,0.0030
2026-05-07 22:18:12,224,"Bilekahalli, Bengaluru",98,0.2,0.0033
2026-05-07 22:18:08,241,"Bilekahalli, Bengaluru",103,0.2,0.0035
2026-05-07 22:18:06,259,"Bilekahalli, Bengaluru",108,0.2,0.0037
2026-05-07 22:18:01,272,"Bilekahalli, Bengaluru",112,0.2,0.0039
2026-05-07 22:17:58,204,"Bilekahalli, Bengaluru",92,0.19,0.0031
2026-05-07 22:17:55,141,"Bilekahalli, Bengaluru",73,0.19,0.0024
2026-05-07 22:17:52,100,"Bilekahalli, Bengaluru",60,0.19,0.0019
2026-05-07 22:17:46,84,"Bilekahalli, Bengaluru",51,0.19,0.0016
2026-05-07 22:17:46,84,"Bilekahalli, Bengaluru",51,0.19,0.0016
2026-05-07 22:17:33,81,"BTM Layout Stage 2, Bengaluru",49,0.19,0.0015
2026-05-07 22:17:21,79,"BTM Layout Stage 2, Bengaluru",48,0.19,0.0014
2026-05-07 22:17:09,81,"BTM Layout Stage 2, Bengaluru",49,0.19,0.0015
2026-05-07 22:16:57,81,"BTM Layout Stage 2, Bengaluru",49,0.19,0.0015
2026-05-07 22:16:45,81,"BTM Layout Stage 2, Bengaluru",49,0.19,0.0015
2026-05-07 22:16:33,84,"BTM Layout Stage 2, Bengaluru",51,0.19,0.0016
2026-05-07 22:16:25,94,"BTM Layout Stage 2, Bengaluru",57,0.19,0.0018
2026-05-07 22:16:13,93,"BTM Layout Stage 2, Bengaluru",56,0.19,0.0017
2026-05-07 22:16:03,83,"BTM Layout Stage 2, Bengaluru",50,0.19,0.0015
2026-05-07 22:15:51,83,"BTM Layout Stage 2, Bengaluru",50,0.19,0.0015
2026-05-07 22:15:39,83,"BTM Layout Stage 2, Bengaluru",50,0.19,0.0015
2026-05-07 22:15:27,84,"BTM Layout Stage 2, Bengaluru",51,0.19,0.0016
2026-05-07 22:15:15,84,"BTM Layout Stage 2, Bengaluru",51,0.19,0.0016
2026-05-07 22:15:03,81,"BTM Layout Stage 2, Bengaluru",49,0.19,0.0015
2026-05-07 22:14:51,81,"BTM Layout Stage 2, Bengaluru",49,0.19,0.0015
2026-05-07 22:14:39,83,"BTM Layout Stage 2, Bengaluru",50,0.19,0.0015
2026-05-07 22:14:27,83,"BTM Layout Stage 2, Bengaluru",50,0.19,0.0015
2026-05-07 22:14:15,79,"BTM Layout Stage 2, Bengaluru",48,0.19,0.0014
2026-05-07 22:14:03,78,"BTM Layout Stage 2, Bengaluru",47,0.19,0.0014
2026-05-07 22:13:51,78,"BTM Layout Stage 2, Bengaluru",47,0.19,0.0014
2026-05-07 22:13:39,78,"BTM Layout Stage 2, Bengaluru",47,0.19,0.0014
2026-05-07 22:13:27,79,"BTM Layout Stage 2, Bengaluru",48,0.19,0.0014
2026-05-07 22:13:15,83,"BTM Layout Stage 2, Bengaluru",50,0.19,0.0015
2026-05-07 22:13:03,83,"BTM Layout Stage 2, Bengaluru",50,0.19,0.0015
2026-05-07 22:12:51,84,"BTM Layout Stage 2, Bengaluru",51,0.19,0.0016
2026-05-07 22:12:39,89,"BTM Layout Stage 2, Bengaluru",54,0.19,0.0017
2026-05-07 22:12:39,89,"BTM Layout Stage 2, Bengaluru",54,0.19,0.0017
2026-05-07 22:12:39,89,"BTM Layout Stage 2, Bengaluru",54,0.19,0.0017
2026-05-07 22:12:27,94,"HSR Layout, Bengaluru",57,0.19,0.0018
2026-05-07 22:12:17,104,"HSR Layout, Bengaluru",62,0.19,0.0020
2026-05-07 22:12:13,114,"HSR Layout, Bengaluru",65,0.19,0.0021
2026-05-07 22:12:10,128,"HSR Layout, Bengaluru",69,0.19,0.0022
2026-05-07 22:12:07,138,"HSR Layout, Bengaluru",72,0.19,0.0023
2026-05-07 22:11:55,145,"HSR Layout, Bengaluru",74,0.19,0.0024
2026-05-07 22:11:52,128,"HSR Layout, Bengaluru",69,0.19,0.0022
2026-05-07 22:11:49,111,"HSR Layout, Bengaluru",64,0.19,0.0020
2026-05-07 22:11:46,101,"HSR Layout, Bengaluru",61,0.19,0.0019
2026-05-07 22:11:43,91,"HSR Layout, Bengaluru",55,0.19,0.0017
2026-05-07 22:11:35,81,"HSR Layout, Bengaluru",49,0.19,0.0015
2026-05-07 22:11:23,79,"HSR Layout, Bengaluru",48,0.19,0.0014
2026-05-07 22:11:11,83,"HSR Layout, Bengaluru",50,0.19,0.0015
2026-05-07 22:10:59,83,"HSR Layout, Bengaluru",50,0.19,0.0015
2026-05-07 22:10:47,83,"HSR Layout, Bengaluru",50,0.19,0.0015
2026-05-07 22:10:35,83,"HSR Layout, Bengaluru",50,0.19,0.0015
2026-05-07 22:10:23,84,"HSR Layout, Bengaluru",51,0.19,0.0016
2026-05-07 22:10:11,86,"HSR Layout, Bengaluru",52,0.19,0.0016
2026-05-07 22:09:59,84,"HSR Layout, Bengaluru",51,0.19,0.0016
2026-05-07 22:09:47,86,"HSR Layout, Bengaluru",52,0.19,0.0016
2026-05-07 22:09:35,83,"HSR Layout, Bengaluru",50,0.19,0.0015
2026-05-07 22:09:23,81,"HSR Layout, Bengaluru",49,0.19,0.0015
2026-05-07 22:09:11,81,"HSR Layout, Bengaluru",49,0.19,0.0015
2026-05-07 22:08:59,79,"HSR Layout, Bengaluru",48,0.19,0.0014
2026-05-07 22:08:47,83,"HSR Layout, Bengaluru",50,0.19,0.0015
2026-05-07 22:08:35,81,"HSR Layout, Bengaluru",49,0.19,0.0015
2026-05-07 22:08:23,84,"HSR Layout, Bengaluru",51,0.19,0.0016
2026-05-07 22:08:11,89,"HSR Layout, Bengaluru",54,0.19,0.0017
2026-05-07 22:07:59,89,"HSR Layout, Bengaluru",54,0.19,0.0017
2026-05-07 22:07:47,93,"HSR Layout, Bengaluru",56,0.18,0.0017
2026-05-07 22:07:36,94,"HSR Layout, Bengaluru",57,0.18,0.0018
2026-05-07 22:07:36,94,"HSR Layout, Bengaluru",57,0.18,0.0018
2026-05-07 22:07:36,94,"HSR Layout, Bengaluru",57,0.18,0.0018
2026-05-07 22:07:35,94,"HSR Layout, Bengaluru",57,0.18,0.0018
2026-05-07 22:07:23,91,"HSR Layout, Bengaluru",55,0.18,0.0017
2026-05-07 22:07:11,93,"HSR Layout, Bengaluru",56,0.18,0.0017
2026-05-07 22:06:59,100,"HSR Layout, Bengaluru",60,0.18,0.0019
2026-05-07 22:06:47,101,"HSR Layout, Bengaluru",61,0.18,0.0019
2026-05-07 22:06:35,111,"HSR Layout, Bengaluru",64,0.18,0.0020
2026-05-07 22:06:23,111,"HSR Layout, Bengaluru",64,0.18,0.0020
2026-05-07 22:06:12,104,"HSR Layout, Bengaluru",62,0.18,0.0020
2026-05-07 22:06:04,94,"HSR Layout, Bengaluru",57,0.18,0.0018
2026-05-07 22:05:52,89,"HSR Layout, Bengaluru",54,0.18,0.0017
2026-05-07 22:05:39,93,"HSR Layout, Bengaluru",56,0.18,0.0017
2026-05-07 22:05:27,94,"HSR Layout, Bengaluru",57,0.18,0.0018
2026-05-07 22:05:16,91,"HSR Layout, Bengaluru",55,0.18,0.0017
2026-05-07 22:05:04,83,"HSR Layout, Bengaluru",50,0.18,0.0015
2026-05-07 22:04:52,83,"HSR Layout, Bengaluru",50,0.17,0.0015
2026-05-07 22:04:40,83,"HSR Layout, Bengaluru",50,0.17,0.0015
2026-05-07 22:04:28,84,"HSR Layout, Bengaluru",51,0.17,0.0016
2026-05-07 22:04:16,84,"HSR Layout, Bengaluru",51,0.17,0.0016
2026-05-07 22:04:04,84,"HSR Layout, Bengaluru",51,0.17,0.0016
2026-05-07 22:03:52,84,"HSR Layout, Bengaluru",51,0.16,0.0016
2026-05-07 22:03:40,84,"HSR Layout, Bengaluru",51,0.16,0.0016
2026-05-07 22:03:28,86,"HSR Layout, Bengaluru",52,0.16,0.0016
2026-05-07 22:03:16,83,"HSR Layout, Bengaluru",50,0.16,0.0015
2026-05-07 22:03:03,86,"HSR Layout, Bengaluru",52,0.16,0.0016
2026-05-07 22:02:51,84,"HSR Layout, Bengaluru",51,0.16,0.0016
2026-05-07 22:02:40,83,"HSR Layout, Bengaluru",50,0.16,0.0015
2026-05-07 22:02:29,86,"HSR Layout, Bengaluru",52,0.16,0.0016
2026-05-07 22:02:29,86,"HSR Layout, Bengaluru",52,0.16,0.0016
2026-05-07 22:02:28,86,"HSR Layout, Bengaluru",52,0.16,0.0016
2026-05-07 22:02:16,84,"HSR Layout, Bengaluru",51,0.16,0.0016
2026-05-07 22:02:04,84,"HSR Layout, Bengaluru",51,0.16,0.0016
2026-05-07 22:01:52,86,"HSR Layout, Bengaluru",52,0.16,0.0016
2026-05-07 22:01:40,86,"HSR Layout, Bengaluru",52,0.16,0.0016
2026-05-07 22:01:28,86,"HSR Layout, Bengaluru",52,0.16,0.0016
2026-05-07 22:01:16,86,"HSR Layout, Bengaluru",52,0.16,0.0016
2026-05-07 22:01:03,84,"HSR Layout, Bengaluru",51,0.16,0.0016
2026-05-07 22:00:52,84,"HSR Layout, Bengaluru",51,0.16,0.0016
2026-05-07 22:00:40,84,"HSR Layout, Bengaluru",51,0.16,0.0016
2026-05-07 22:00:27,84,"HSR Layout, Bengaluru",51,0.16,0.0016
2026-05-07 22:00:15,83,"HSR Layout, Bengaluru",50,0.16,0.0015
2026-05-07 22:00:04,84,"HSR Layout, Bengaluru",51,0.16,0.0016
2026-05-07 21:59:51,84,"HSR Layout, Bengaluru",51,0.15,0.0016
2026-05-07 21:59:39,84,"HSR Layout, Bengaluru",51,0.15,0.0016
2026-05-07 21:59:27,81,"HSR Layout, Bengaluru",49,0.15,0.0015
2026-05-07 21:59:15,81,"HSR Layout, Bengaluru",49,0.15,0.0015
2026-05-07 21:59:03,83,"HSR Layout, Bengaluru",50,0.15,0.0015
2026-05-07 21:58:51,83,"HSR Layout, Bengaluru",50,0.15,0.0015
2026-05-07 21:58:40,83,"HSR Layout, Bengaluru",50,0.15,0.0015
2026-05-07 21:58:27,83,"HSR Layout, Bengaluru",50,0.15,0.0015
2026-05-07 21:58:15,84,"HSR Layout, Bengaluru",51,0.15,0.0016
2026-05-07 21:58:03,84,"HSR Layout, Bengaluru",51,0.15,0.0016
2026-05-07 21:57:51,86,"HSR Layout, Bengaluru",52,0.15,0.0016
2026-05-07 21:57:39,83,"HSR Layout, Bengaluru",50,0.15,0.0015
2026-05-07 21:57:28,84,"HSR Layout, Bengaluru",51,0.15,0.0016
2026-05-07 21:57:15,79,"HSR Layout, Bengaluru",48,0.15,0.0014
2026-05-07 21:57:04,79,"HSR Layout, Bengaluru",48,0.15,0.0014
2026-05-07 21:56:51,81,"HSR Layout, Bengaluru",49,0.14,0.0015
2026-05-07 21:56:39,83,"HSR Layout, Bengaluru",50,0.14,0.0015
2026-05-07 21:56:28,83,"HSR Layout, Bengaluru",50,0.14,0.0015
2026-05-07 21:56:15,83,"HSR Layout, Bengaluru",50,0.14,0.0015
2026-05-07 21:56:03,86,"HSR Layout, Bengaluru",52,0.14,0.0016
2026-05-07 21:55:52,84,"HSR Layout, Bengaluru",51,0.14,0.0016
2026-05-07 21:55:39,79,"HSR Layout, Bengaluru",48,0.14,0.0014
2026-05-07 21:55:28,79,"HSR Layout, Bengaluru",48,0.14,0.0014
2026-05-07 21:55:16,79,"HSR Layout, Bengaluru",48,0.14,0.0014
2026-05-07 21:55:04,78,"HSR Layout, Bengaluru",47,0.14,0.0014
2026-05-07 21:54:52,79,"HSR Layout, Bengaluru",48,0.14,0.0014
2026-05-07 21:54:40,81,"HSR Layout, Bengaluru",49,0.14,0.0015
2026-05-07 21:54:28,79,"HSR Layout, Bengaluru",48,0.14,0.0014
2026-05-07 21:54:16,84,"HSR Layout, Bengaluru",51,0.14,0.0016
2026-05-07 21:54:04,81,"HSR Layout, Bengaluru",49,0.14,0.0015
2026-05-07 21:53:52,81,"HSR Layout, Bengaluru",49,0.14,0.0015
2026-05-07 21:53:40,79,"HSR Layout, Bengaluru",48,0.14,0.0014
2026-05-07 21:53:28,79,"HSR Layout, Bengaluru",48,0.14,0.0014
2026-05-07 21:53:16,78,"HSR Layout, Bengaluru",47,0.14,0.0014
2026-05-07 21:53:04,78,"HSR Layout, Bengaluru",47,0.14,0.0014
2026-05-07 21:52:52,79,"HSR Layout, Bengaluru",48,0.14,0.0014
2026-05-07 21:52:40,79,"HSR Layout, Bengaluru",48,0.14,0.0014
2026-05-07 21:52:27,78,"HSR Layout, Bengaluru",47,0.14,0.0014
2026-05-07 21:52:17,76,"HSR Layout, Bengaluru",46,0.14,0.0014
2026-05-07 21:52:17,76,"HSR Layout, Bengaluru",46,0.14,0.0014
2026-05-07 21:52:17,76,"HSR Layout, Bengaluru",46,0.14,0.0014
2026-05-07 21:52:16,76,"HSR Layout, Bengaluru",46,0.14,0.0014
2026-05-07 21:52:04,74,"HSR Layout, Bengaluru",45,0.14,0.0013
2026-05-07 21:51:51,74,"HSR Layout, Bengaluru",45,0.14,0.0013
2026-05-07 21:51:40,74,"HSR Layout, Bengaluru",45,0.14,0.0013
2026-05-07 21:51:28,76,"HSR Layout, Bengaluru",46,0.14,0.0014
2026-05-07 21:51:16,78,"HSR Layout, Bengaluru",47,0.14,0.0014
2026-05-07 21:51:03,78,"HSR Layout, Bengaluru",47,0.14,0.0014
2026-05-07 21:50:52,79,"HSR Layout, Bengaluru",48,0.14,0.0014
2026-05-07 21:50:40,79,"HSR Layout, Bengaluru",48,0.14,0.0014
2026-05-07 21:50:28,79,"HSR Layout, Bengaluru",48,0.14,0.0014
2026-05-07 21:50:16,81,"HSR Layout, Bengaluru",49,0.14,0.0015
2026-05-07 21:50:04,81,"HSR Layout, Bengaluru",49,0.14,0.0015
2026-05-07 21:49:52,84,"HSR Layout, Bengaluru",51,0.14,0.0016
2026-05-07 21:49:39,84,"HSR Layout, Bengaluru",51,0.14,0.0016
2026-05-07 21:49:28,89,"HSR Layout, Bengaluru",54,0.14,0.0017
2026-05-07 21:49:15,83,"HSR Layout, Bengaluru",50,0.14,0.0015
2026-05-07 21:49:03,78,"HSR Layout, Bengaluru",47,0.14,0.0014
2026-05-07 21:48:52,78,"HSR Layout, Bengaluru",47,0.14,0.0014
2026-05-07 21:48:40,78,"HSR Layout, Bengaluru",47,0.14,0.0014
2026-05-07 21:48:28,78,"HSR Layout, Bengaluru",47,0.14,0.0014
2026-05-07 21:48:16,83,"HSR Layout, Bengaluru",50,0.14,0.0015
2026-05-07 21:48:04,79,"HSR Layout, Bengaluru",48,0.14,0.0014
2026-05-07 21:47:52,78,"HSR Layout, Bengaluru",47,0.14,0.0014
2026-05-07 21:47:39,76,"HSR Layout, Bengaluru",46,0.14,0.0014
2026-05-07 21:47:28,74,"HSR Layout, Bengaluru",45,0.14,0.0013
2026-05-07 21:47:15,74,"HSR Layout, Bengaluru",45,0.14,0.0013
2026-05-07 21:47:05,74,"HSR Layout, Bengaluru",45,0.14,0.0013
2026-05-07 21:47:04,74,"HSR Layout, Bengaluru",45,0.14,0.0013
2026-05-07 21:47:04,74,"HSR Layout, Bengaluru",45,0.14,0.0013
2026-05-07 21:46:52,78,"HSR Layout, Bengaluru",47,0.14,0.0014
2026-05-07 21:46:40,76,"HSR Layout, Bengaluru",46,0.14,0.0014
2026-05-07 21:46:28,74,"HSR Layout, Bengaluru",45,0.14,0.0013
2026-05-07 21:46:15,79,"HSR Layout, Bengaluru",48,0.14,0.0014
2026-05-07 21:46:04,79,"HSR Layout, Bengaluru",48,0.14,0.0014
2026-05-07 21:45:52,78,"HSR Layout, Bengaluru",47,0.14,0.0014
2026-05-07 21:45:39,76,"HSR Layout, Bengaluru",46,0.14,0.0014
2026-05-07 21:45:27,78,"HSR Layout, Bengaluru",47,0.14,0.0014
2026-05-07 21:45:16,76,"HSR Layout, Bengaluru",46,0.14,0.0014
2026-05-07 21:45:04,78,"HSR Layout, Bengaluru",47,0.14,0.0014
2026-05-07 21:44:51,79,"HSR Layout, Bengaluru",48,0.14,0.0014
2026-05-07 21:44:39,79,"HSR Layout, Bengaluru",48,0.14,0.0014
2026-05-07 21:44:28,81,"HSR Layout, Bengaluru",49,0.14,0.0015
2026-05-07 21:44:16,83,"HSR Layout, Bengaluru",50,0.14,0.0015
2026-05-07 21:44:03,81,"HSR Layout, Bengaluru",49,0.14,0.0015
2026-05-07 21:43:52,78,"HSR Layout, Bengaluru",47,0.14,0.0014
2026-05-07 21:43:40,76,"HSR Layout, Bengaluru",46,0.14,0.0014
2026-05-07 21:43:27,78,"HSR Layout, Bengaluru",47,0.14,0.0014
2026-05-07 21:43:15,76,"HSR Layout, Bengaluru",46,0.14,0.0014
2026-05-07 21:43:03,76,"HSR Layout, Bengaluru",46,0.14,0.0014
2026-05-07 21:42:52,74,"HSR Layout, Bengaluru",45,0.14,0.0013
2026-05-07 21:42:39,74,"HSR Layout, Bengaluru",45,0.14,0.0013
2026-05-07 21:42:27,74,"HSR Layout, Bengaluru",45,0.14,0.0013
2026-05-07 21:42:16,74,"HSR Layout, Bengaluru",45,0.14,0.0013
2026-05-07 21:42:03,78,"HSR Layout, Bengaluru",47,0.14,0.0014
2026-05-07 21:41:52,78,"HSR Layout, Bengaluru",47,0.14,0.0014
2026-05-07 21:41:52,78,"HSR Layout, Bengaluru",47,0.14,0.0014
2026-05-07 21:41:52,78,"HSR Layout, Bengaluru",47,0.14,0.0014
2026-05-07 21:41:52,78,"HSR Layout, Bengaluru",47,0.14,0.0014
2026-05-07 21:41:39,76,"HSR Layout, Bengaluru",46,0.14,0.0014
2026-05-07 21:41:28,76,"HSR Layout, Bengaluru",46,0.14,0.0014
2026-05-07 21:41:15,78,"HSR Layout, Bengaluru",47,0.14,0.0014
2026-05-07 21:41:03,79,"HSR Layout, Bengaluru",48,0.14,0.0014
2026-05-07 21:40:51,79,"HSR Layout, Bengaluru",48,0.14,0.0014
2026-05-07 21:40:39,78,"HSR Layout, Bengaluru",47,0.14,0.0014
2026-05-07 21:40:27,78,"HSR Layout, Bengaluru",47,0.14,0.0014
2026-05-07 21:40:15,78,"HSR Layout, Bengaluru",47,0.14,0.0014
2026-05-07 21:40:03,78,"HSR Layout, Bengaluru",47,0.14,0.0014
2026-05-07 21:39:51,76,"HSR Layout, Bengaluru",46,0.14,0.0014
2026-05-07 21:39:39,76,"HSR Layout, Bengaluru",46,0.14,0.0014
2026-05-07 21:39:28,76,"HSR Layout, Bengaluru",46,0.14,0.0014
2026-05-07 21:39:15,78,"HSR Layout, Bengaluru",47,0.14,0.0014
2026-05-07 21:39:03,78,"HSR Layout, Bengaluru",47,0.14,0.0014
2026-05-07 21:38:51,76,"HSR Layout, Bengaluru",46,0.14,0.0014
2026-05-07 21:38:39,78,"HSR Layout, Bengaluru",47,0.14,0.0014
2026-05-07 21:38:27,78,"HSR Layout, Bengaluru",47,0.14,0.0014
2026-05-07 21:38:16,78,"HSR Layout, Bengaluru",47,0.14,0.0014
2026-05-07 21:38:03,76,"HSR Layout, Bengaluru",46,0.14,0.0014
2026-05-07 21:37:51,78,"HSR Layout, Bengaluru",47,0.14,0.0014
2026-05-07 21:37:40,79,"HSR Layout, Bengaluru",48,0.14,0.0014
2026-05-07 21:37:27,78,"HSR Layout, Bengaluru",47,0.14,0.0014
2026-05-07 21:37:15,78,"HSR Layout, Bengaluru",47,0.14,0.0014
2026-05-07 21:37:03,78,"HSR Layout, Bengaluru",47,0.14,0.0014
2026-05-07 21:36:52,76,"HSR Layout, Bengaluru",46,0.14,0.0014
2026-05-07 21:36:40,76,"HSR Layout, Bengaluru",46,0.14,0.0014
2026-05-07 21:36:40,76,"HSR Layout, Bengaluru",46,0.14,0.0014
2026-05-07 21:36:40,76,"HSR Layout, Bengaluru",46,0.14,0.0014
2026-05-07 21:36:27,78,"HSR Layout, Bengaluru",47,0.14,0.0014
2026-05-07 21:36:15,74,"HSR Layout, Bengaluru",45,0.14,0.0013
2026-05-07 21:36:03,79,"HSR Layout, Bengaluru",48,0.14,0.0014
2026-05-07 21:35:52,79,"HSR Layout, Bengaluru",48,0.14,0.0014
2026-05-07 21:35:39,83,"HSR Layout, Bengaluru",50,0.14,0.0015
2026-05-07 21:35:28,89,"HSR Layout, Bengaluru",54,0.14,0.0017
2026-05-07 21:35:20,100,"HSR Layout, Bengaluru",60,0.14,0.0019
2026-05-07 21:35:17,111,"HSR Layout, Bengaluru",64,0.14,0.0020
2026-05-07 21:35:06,121,"HSR Layout, Bengaluru",67,0.14,0.0022
2026-05-07 21:35:03,111,"HSR Layout, Bengaluru",64,0.14,0.0020
2026-05-07 21:35:00,98,"HSR Layout, Bengaluru",59,0.14,0.0019
2026-05-07 21:34:56,88,"HSR Layout, Bengaluru",53,0.14,0.0016
2026-05-07 21:34:46,78,"HSR Layout, Bengaluru",47,0.14,0.0014
2026-05-07 21:34:34,76,"HSR Layout, Bengaluru",46,0.14,0.0014
2026-05-07 21:34:22,76,"HSR Layout, Bengaluru",46,0.14,0.0014
2026-05-07 21:34:10,78,"HSR Layout, Bengaluru",47,0.14,0.0014
2026-05-07 21:33:58,78,"HSR Layout, Bengaluru",47,0.14,0.0014
2026-05-07 21:33:46,78,"HSR Layout, Bengaluru",47,0.14,0.0014
2026-05-07 21:33:34,79,"HSR Layout, Bengaluru",48,0.14,0.0014
2026-05-07 21:33:22,79,"HSR Layout, Bengaluru",48,0.14,0.0014
2026-05-07 21:33:10,79,"HSR Layout, Bengaluru",48,0.14,0.0014
2026-05-07 21:32:58,79,"HSR Layout, Bengaluru",48,0.14,0.0014
2026-05-07 21:32:46,79,"HSR Layout, Bengaluru",48,0.14,0.0014
2026-05-07 21:32:34,78,"HSR Layout, Bengaluru",47,0.14,0.0014
2026-05-07 21:32:22,78,"HSR Layout, Bengaluru",47,0.14,0.0014
2026-05-07 21:32:10,78,"HSR Layout, Bengaluru",47,0.14,0.0014
2026-05-07 21:31:58,79,"HSR Layout, Bengaluru",48,0.14,0.0014
2026-05-07 21:31:46,78,"HSR Layout, Bengaluru",47,0.14,0.0014
2026-05-07 21:31:34,81,"HSR Layout, Bengaluru",49,0.14,0.0015
2026-05-07 21:31:34,81,"HSR Layout, Bengaluru",49,0.14,0.0015
2026-05-07 21:31:34,81,"HSR Layout, Bengaluru",49,0.14,0.0015
2026-05-07 21:31:34,81,"HSR Layout, Bengaluru",49,0.14,0.0015
2026-05-07 21:31:22,78,"HSR Layout, Bengaluru",47,0.14,0.0014
2026-05-07 21:31:10,79,"HSR Layout, Bengaluru",48,0.14,0.0014
2026-05-07 21:30:58,81,"HSR Layout, Bengaluru",49,0.14,0.0015
2026-05-07 21:30:46,79,"HSR Layout, Bengaluru",48,0.14,0.0014
2026-05-07 21:30:34,78,"HSR Layout, Bengaluru",47,0.14,0.0014
2026-05-07 21:30:22,78,"HSR Layout, Bengaluru",47,0.14,0.0014
2026-05-07 21:30:10,79,"HSR Layout, Bengaluru",48,0.14,0.0014
2026-05-07 21:29:58,83,"HSR Layout, Bengaluru",50,0.14,0.0015
2026-05-07 21:29:46,83,"HSR Layout, Bengaluru",50,0.14,0.0015
2026-05-07 21:29:34,84,"HSR Layout, Bengaluru",51,0.14,0.0016
2026-05-07 21:29:22,86,"HSR Layout, Bengaluru",52,0.14,0.0016
2026-05-07 21:29:10,84,"HSR Layout, Bengaluru",51,0.14,0.0016
2026-05-07 21:28:58,79,"HSR Layout, Bengaluru",48,0.14,0.0014
2026-05-07 21:28:46,78,"HSR Layout, Bengaluru",47,0.14,0.0014
2026-05-07 21:28:34,79,"HSR Layout, Bengaluru",48,0.14,0.0014
2026-05-07 21:28:22,79,"HSR Layout, Bengaluru",48,0.14,0.0014
2026-05-07 21:28:10,78,"HSR Layout, Bengaluru",47,0.14,0.0014
2026-05-07 21:27:58,78,"HSR Layout, Bengaluru",47,0.14,0.0014
2026-05-07 21:27:46,76,"HSR Layout, Bengaluru",46,0.14,0.0014
2026-05-07 21:27:34,79,"HSR Layout, Bengaluru",48,0.14,0.0014
2026-05-07 21:27:22,78,"HSR Layout, Bengaluru",47,0.14,0.0014
2026-05-07 21:27:10,78,"HSR Layout, Bengaluru",47,0.14,0.0014
2026-05-07 21:26:58,79,"HSR Layout, Bengaluru",48,0.14,0.0014
2026-05-07 21:26:46,78,"HSR Layout, Bengaluru",47,0.14,0.0014
2026-05-07 21:26:34,78,"HSR Layout, Bengaluru",47,0.14,0.0014
2026-05-07 21:26:22,79,"HSR Layout, Bengaluru",48,0.14,0.0014
2026-05-07 21:26:22,79,"HSR Layout, Bengaluru",48,0.14,0.0014
2026-05-07 21:26:22,79,"HSR Layout, Bengaluru",48,0.14,0.0014
2026-05-07 21:26:22,79,"HSR Layout, Bengaluru",48,0.14,0.0014
2026-05-07 21:26:10,79,"HSR Layout, Bengaluru",48,0.14,0.0014
2026-05-07 21:25:58,78,"HSR Layout, Bengaluru",47,0.14,0.0014
2026-05-07 21:25:46,76,"HSR Layout, Bengaluru",46,0.14,0.0014
2026-05-07 21:25:34,78,"HSR Layout, Bengaluru",47,0.14,0.0014
2026-05-07 21:25:22,76,"HSR Layout, Bengaluru",46,0.14,0.0014
2026-05-07 21:25:10,79,"HSR Layout, Bengaluru",48,0.14,0.0014
2026-05-07 21:24:58,79,"HSR Layout, Bengaluru",48,0.14,0.0014
2026-05-07 21:24:46,81,"HSR Layout, Bengaluru",49,0.14,0.0015
2026-05-07 21:24:34,78,"HSR Layout, Bengaluru",47,0.14,0.0014
2026-05-07 21:24:22,78,"HSR Layout, Bengaluru",47,0.14,0.0014
2026-05-07 21:24:10,78,"HSR Layout, Bengaluru",47,0.14,0.0014
2026-05-07 21:23:58,78,"HSR Layout, Bengaluru",47,0.14,0.0014
2026-05-07 21:23:46,79,"HSR Layout, Bengaluru",48,0.14,0.0014
2026-05-07 21:23:34,79,"HSR Layout, Bengaluru",48,0.14,0.0014
2026-05-07 21:23:22,81,"HSR Layout, Bengaluru",49,0.14,0.0015
2026-05-07 21:23:10,79,"HSR Layout, Bengaluru",48,0.14,0.0014
2026-05-07 21:22:58,81,"HSR Layout, Bengaluru",49,0.14,0.0015
2026-05-07 21:22:46,79,"HSR Layout, Bengaluru",48,0.14,0.0014
2026-05-07 21:22:34,78,"HSR Layout, Bengaluru",47,0.14,0.0014
2026-05-07 21:22:22,79,"HSR Layout, Bengaluru",48,0.14,0.0014
2026-05-07 21:22:10,78,"HSR Layout, Bengaluru",47,0.14,0.0014
2026-05-07 21:21:58,81,"HSR Layout, Bengaluru",49,0.14,0.0015
2026-05-07 21:21:46,79,"HSR Layout, Bengaluru",48,0.14,0.0014
2026-05-07 21:21:34,79,"HSR Layout, Bengaluru",48,0.14,0.0014
2026-05-07 21:21:22,81,"HSR Layout, Bengaluru",49,0.14,0.0015
2026-05-07 21:21:10,81,"HSR Layout, Bengaluru",49,0.14,0.0015
2026-05-07 21:21:10,81,"HSR Layout, Bengaluru",49,0.14,0.0015
2026-05-07 21:21:10,81,"HSR Layout, Bengaluru",49,0.14,0.0015
2026-05-07 21:21:10,81,"HSR Layout, Bengaluru",49,0.14,0.0015
2026-05-07 21:20:58,81,"HSR Layout, Bengaluru",49,0.14,0.0015
2026-05-07 21:20:46,83,"HSR Layout, Bengaluru",50,0.14,0.0015
2026-05-07 21:20:34,83,"HSR Layout, Bengaluru",50,0.14,0.0015
2026-05-07 21:20:22,81,"HSR Layout, Bengaluru",49,0.14,0.0015
2026-05-07 21:20:10,79,"HSR Layout, Bengaluru",48,0.14,0.0014
2026-05-07 21:19:58,79,"HSR Layout, Bengaluru",48,0.14,0.0014
2026-05-07 21:19:46,79,"HSR Layout, Bengaluru",48,0.14,0.0014
2026-05-07 21:19:34,79,"HSR Layout, Bengaluru",48,0.14,0.0014
2026-05-07 21:19:22,83,"HSR Layout, Bengaluru",50,0.14,0.0015
2026-05-07 21:19:10,84,"HSR Layout, Bengaluru",51,0.14,0.0016
2026-05-07 21:18:58,88,"HSR Layout, Bengaluru",53,0.14,0.0016
2026-05-07 21:18:46,79,"HSR Layout, Bengaluru",48,0.14,0.0014
2026-05-07 21:18:34,79,"HSR Layout, Bengaluru",48,0.14,0.0014
2026-05-07 21:18:22,81,"HSR Layout, Bengaluru",49,0.14,0.0015
2026-05-07 21:18:10,83,"HSR Layout, Bengaluru",50,0.14,0.0015
2026-05-07 21:17:58,83,"HSR Layout, Bengaluru",50,0.14,0.0015
2026-05-07 21:17:46,79,"HSR Layout, Bengaluru",48,0.14,0.0014
2026-05-07 21:17:34,79,"HSR Layout, Bengaluru",48,0.14,0.0014
2026-05-07 21:17:22,79,"HSR Layout, Bengaluru",48,0.14,0.0014
2026-05-07 21:17:10,78,"HSR Layout, Bengaluru",47,0.14,0.0014
2026-05-07 21:16:58,79,"HSR Layout, Bengaluru",48,0.14,0.0014
2026-05-07 21:16:46,78,"HSR Layout, Bengaluru",47,0.14,0.0014
2026-05-07 21:16:34,78,"HSR Layout, Bengaluru",47,0.14,0.0014
2026-05-07 21:16:22,78,"HSR Layout, Bengaluru",47,0.14,0.0014
2026-05-07 21:16:10,79,"HSR Layout, Bengaluru",48,0.14,0.0014
2026-05-07 21:15:58,78,"HSR Layout, Bengaluru",47,0.14,0.0014
2026-05-07 21:15:58,78,"HSR Layout, Bengaluru",47,0.14,0.0014
2026-05-07 21:15:58,78,"HSR Layout, Bengaluru",47,0.14,0.0014
2026-05-07 21:15:58,78,"HSR Layout, Bengaluru",47,0.14,0.0014
2026-05-07 21:15:46,78,"HSR Layout, Bengaluru",47,0.14,0.0014
2026-05-07 21:15:34,79,"HSR Layout, Bengaluru",48,0.14,0.0014
2026-05-07 21:15:22,83,"HSR Layout, Bengaluru",50,0.14,0.0015
2026-05-07 21:15:10,83,"HSR Layout, Bengaluru",50,0.14,0.0015
2026-05-07 21:14:58,78,"HSR Layout, Bengaluru",47,0.14,0.0014
2026-05-07 21:14:46,74,"HSR Layout, Bengaluru",45,0.14,0.0013
2026-05-07 21:14:34,78,"HSR Layout, Bengaluru",47,0.14,0.0014
2026-05-07 21:14:22,79,"HSR Layout, Bengaluru",48,0.14,0.0014
2026-05-07 21:14:10,78,"HSR Layout, Bengaluru",47,0.14,0.0014
2026-05-07 21:13:58,78,"HSR Layout, Bengaluru",47,0.14,0.0014
2026-05-07 21:13:46,79,"HSR Layout, Bengaluru",48,0.14,0.0014
2026-05-07 21:13:34,78,"HSR Layout, Bengaluru",47,0.14,0.0014
2026-05-07 21:13:22,78,"HSR Layout, Bengaluru",47,0.14,0.0014
2026-05-07 21:13:10,78,"HSR Layout, Bengaluru",47,0.14,0.0014
2026-05-07 21:12:58,76,"HSR Layout, Bengaluru",46,0.14,0.0014
2026-05-07 21:12:46,76,"HSR Layout, Bengaluru",46,0.14,0.0014
2026-05-07 21:12:34,76,"HSR Layout, Bengaluru",46,0.14,0.0014
2026-05-07 21:12:22,78,"HSR Layout, Bengaluru",47,0.14,0.0014
2026-05-07 21:12:10,79,"HSR Layout, Bengaluru",48,0.14,0.0014
2026-05-07 21:11:58,78,"HSR Layout, Bengaluru",47,0.14,0.0014
2026-05-07 21:11:46,78,"HSR Layout, Bengaluru",47,0.14,0.0014
2026-05-07 21:11:34,79,"HSR Layout, Bengaluru",48,0.14,0.0014
2026-05-07 21:11:22,78,"HSR Layout, Bengaluru",47,0.14,0.0014
2026-05-07 21:11:10,78,"HSR Layout, Bengaluru",47,0.14,0.0014
2026-05-07 21:10:58,78,"HSR Layout, Bengaluru",47,0.14,0.0014
2026-05-07 21:10:47,79,"HSR Layout, Bengaluru",48,0.14,0.0014
2026-05-07 21:10:47,79,"HSR Layout, Bengaluru",48,0.14,0.0014
2026-05-07 21:10:47,79,"HSR Layout, Bengaluru",48,0.14,0.0014
2026-05-07 21:10:46,79,"HSR Layout, Bengaluru",48,0.14,0.0014
2026-05-07 21:10:34,78,"HSR Layout, Bengaluru",47,0.14,0.0014
2026-05-07 21:10:21,78,"HSR Layout, Bengaluru",47,0.14,0.0014
2026-05-07 21:10:10,76,"HSR Layout, Bengaluru",46,0.14,0.0014
2026-05-07 21:09:58,76,"HSR Layout, Bengaluru",46,0.14,0.0014
2026-05-07 21:09:46,78,"HSR Layout, Bengaluru",47,0.14,0.0014
2026-05-07 21:09:34,79,"HSR Layout, Bengaluru",48,0.14,0.0014
2026-05-07 21:09:22,81,"HSR Layout, Bengaluru",49,0.14,0.0015
2026-05-07 21:09:09,79,"HSR Layout, Bengaluru",48,0.14,0.0014
2026-05-07 21:08:58,81,"HSR Layout, Bengaluru",49,0.14,0.0015
2026-05-07 21:08:45,79,"HSR Layout, Bengaluru",48,0.14,0.0014
2026-05-07 21:08:33,79,"HSR Layout, Bengaluru",48,0.14,0.0014
2026-05-07 21:08:21,81,"HSR Layout, Bengaluru",49,0.14,0.0015
2026-05-07 21:08:09,83,"HSR Layout, Bengaluru",50,0.14,0.0015
2026-05-07 21:07:57,84,"HSR Layout, Bengaluru",51,0.14,0.0016
2026-05-07 21:07:45,83,"HSR Layout, Bengaluru",50,0.14,0.0015
2026-05-07 21:07:33,79,"HSR Layout, Bengaluru",48,0.14,0.0014
2026-05-07 21:07:21,79,"HSR Layout, Bengaluru",48,0.14,0.0014
2026-05-07 21:07:09,79,"HSR Layout, Bengaluru",48,0.14,0.0014
2026-05-07 21:06:57,79,"HSR Layout, Bengaluru",48,0.14,0.0014
2026-05-07 21:06:45,78,"HSR Layout, Bengaluru",47,0.14,0.0014
2026-05-07 21:06:33,79,"HSR Layout, Bengaluru",48,0.14,0.0014
2026-05-07 21:06:21,83,"HSR Layout, Bengaluru",50,0.14,0.0015
2026-05-07 21:06:09,84,"HSR Layout, Bengaluru",51,0.14,0.0016
2026-05-07 21:05:57,83,"HSR Layout, Bengaluru",50,0.14,0.0015
2026-05-07 21:05:46,86,"HSR Layout, Bengaluru",52,0.14,0.0016
2026-05-07 21:05:33,91,"HSR Layout, Bengaluru",55,0.14,0.0017
2026-05-07 21:05:21,84,"HSR Layout, Bengaluru",51,0.14,0.0016
2026-05-07 21:05:10,83,"HSR Layout, Bengaluru",50,0.14,0.0015
2026-05-07 21:04:57,88,"HSR Layout, Bengaluru",53,0.14,0.0016
2026-05-07 21:04:46,94,"HSR Layout, Bengaluru",57,0.14,0.0018
2026-05-07 21:04:35,84,"HSR Layout, Bengaluru",51,0.14,0.0016
2026-05-07 21:04:23,86,"HSR Layout, Bengaluru",52,0.14,0.0016
2026-05-07 21:04:11,83,"HSR Layout, Bengaluru",50,0.14,0.0015
2026-05-07 21:03:59,83,"HSR Layout, Bengaluru",50,0.14,0.0015
2026-05-07 21:03:47,83,"HSR Layout, Bengaluru",50,0.14,0.0015
2026-05-07 21:03:35,81,"HSR Layout, Bengaluru",49,0.14,0.0015
2026-05-07 21:03:23,81,"HSR Layout, Bengaluru",49,0.14,0.0015
2026-05-07 21:03:11,79,"HSR Layout, Bengaluru",48,0.14,0.0014
2026-05-07 21:02:59,78,"HSR Layout, Bengaluru",47,0.14,0.0014
2026-05-07 21:02:47,78,"HSR Layout, Bengaluru",47,0.14,0.0014
2026-05-07 21:02:35,79,"HSR Layout, Bengaluru",48,0.14,0.0014
2026-05-07 21:02:23,79,"HSR Layout, Bengaluru",48,0.14,0.0014
2026-05-07 21:02:11,76,"HSR Layout, Bengaluru",46,0.14,0.0014
2026-05-07 21:01:59,78,"HSR Layout, Bengaluru",47,0.14,0.0014
2026-05-07 21:01:47,78,"HSR Layout, Bengaluru",47,0.14,0.0014
2026-05-07 21:01:35,76,"HSR Layout, Bengaluru",46,0.14,0.0014
2026-05-07 21:01:23,76,"HSR Layout, Bengaluru",46,0.14,0.0014
2026-05-07 21:01:11,79,"HSR Layout, Bengaluru",48,0.14,0.0014
2026-05-07 21:00:59,78,"HSR Layout, Bengaluru",47,0.14,0.0014
2026-05-07 21:00:47,76,"HSR Layout, Bengaluru",46,0.14,0.0014
2026-05-07 21:00:37,76,"HSR Layout, Bengaluru",46,0.14,0.0014
2026-05-07 21:00:36,76,"HSR Layout, Bengaluru",46,0.14,0.0014
2026-05-07 21:00:35,76,"HSR Layout, Bengaluru",46,0.14,0.0014
2026-05-07 21:00:35,76,"HSR Layout, Bengaluru",46,0.14,0.0014
2026-05-07 21:00:23,78,"HSR Layout, Bengaluru",47,0.14,0.0014
2026-05-07 21:00:11,79,"HSR Layout, Bengaluru",48,0.14,0.0014
2026-05-07 20:59:59,78,"HSR Layout, Bengaluru",47,0.14,0.0014
2026-05-07 20:59:47,79,"HSR Layout, Bengaluru",48,0.14,0.0014
2026-05-07 20:59:35,79,"HSR Layout, Bengaluru",48,0.14,0.0014
2026-05-07 20:59:23,78,"HSR Layout, Bengaluru",47,0.14,0.0014
2026-05-07 20:59:11,79,"HSR Layout, Bengaluru",48,0.14,0.0014
2026-05-07 20:58:59,79,"HSR Layout, Bengaluru",48,0.14,0.0014
2026-05-07 20:58:47,79,"HSR Layout, Bengaluru",48,0.14,0.0014
2026-05-07 20:58:35,79,"HSR Layout, Bengaluru",48,0.14,0.0014
2026-05-07 20:58:23,81,"HSR Layout, Bengaluru",49,0.14,0.0015
2026-05-07 20:58:11,78,"HSR Layout, Bengaluru",47,0.14,0.0014
2026-05-07 20:57:59,79,"HSR Layout, Bengaluru",48,0.14,0.0014
2026-05-07 20:57:47,79,"HSR Layout, Bengaluru",48,0.14,0.0014
2026-05-07 20:57:35,79,"HSR Layout, Bengaluru",48,0.14,0.0014
2026-05-07 20:57:23,81,"HSR Layout, Bengaluru",49,0.14,0.0015
2026-05-07 20:57:11,83,"HSR Layout, Bengaluru",50,0.14,0.0015
2026-05-07 20:56:59,79,"HSR Layout, Bengaluru",48,0.14,0.0014
2026-05-07 20:56:47,78,"HSR Layout, Bengaluru",47,0.14,0.0014
2026-05-07 20:56:35,79,"HSR Layout, Bengaluru",48,0.14,0.0014
2026-05-07 20:56:23,76,"HSR Layout, Bengaluru",46,0.14,0.0014
2026-05-07 20:56:11,79,"HSR Layout, Bengaluru",48,0.14,0.0014
2026-05-07 20:55:59,81,"HSR Layout, Bengaluru",49,0.14,0.0015
2026-05-07 20:55:47,79,"HSR Layout, Bengaluru",48,0.14,0.0014
2026-05-07 20:55:35,83,"HSR Layout, Bengaluru",50,0.14,0.0015
2026-05-07 20:55:24,81,"HSR Layout, Bengaluru",49,0.14,0.0015
2026-05-07 20:55:24,81,"HSR Layout, Bengaluru",49,0.14,0.0015
2026-05-07 20:55:23,81,"HSR Layout, Bengaluru",49,0.14,0.0015
2026-05-07 20:55:11,79,"HSR Layout, Bengaluru",48,0.14,0.0014
2026-05-07 20:54:59,78,"HSR Layout, Bengaluru",47,0.14,0.0014
2026-05-07 20:54:47,79,"HSR Layout, Bengaluru",48,0.14,0.0014
2026-05-07 20:54:35,78,"HSR Layout, Bengaluru",47,0.14,0.0014
2026-05-07 20:54:23,79,"HSR Layout, Bengaluru",48,0.14,0.0014
2026-05-07 20:54:11,79,"HSR Layout, Bengaluru",48,0.14,0.0014
2026-05-07 20:53:59,78,"HSR Layout, Bengaluru",47,0.14,0.0014
2026-05-07 20:53:47,78,"HSR Layout, Bengaluru",47,0.14,0.0014
2026-05-07 20:53:35,79,"HSR Layout, Bengaluru",48,0.14,0.0014
2026-05-07 20:53:23,79,"HSR Layout, Bengaluru",48,0.14,0.0014
2026-05-07 20:53:11,79,"HSR Layout, Bengaluru",48,0.14,0.0014
2026-05-07 20:52:59,79,"HSR Layout, Bengaluru",48,0.14,0.0014
2026-05-07 20:52:47,83,"HSR Layout, Bengaluru",50,0.14,0.0015
2026-05-07 20:52:35,83,"HSR Layout, Bengaluru",50,0.14,0.0015
2026-05-07 20:52:23,84,"HSR Layout, Bengaluru",51,0.14,0.0016
2026-05-07 20:52:11,83,"HSR Layout, Bengaluru",50,0.14,0.0015
2026-05-07 20:51:59,83,"HSR Layout, Bengaluru",50,0.14,0.0015
2026-05-07 20:51:47,83,"HSR Layout, Bengaluru",50,0.14,0.0015
2026-05-07 20:51:35,78,"HSR Layout, Bengaluru",47,0.14,0.0014
2026-05-07 20:51:23,78,"HSR Layout, Bengaluru",47,0.14,0.0014
2026-05-07 20:51:11,78,"HSR Layout, Bengaluru",47,0.14,0.0014
2026-05-07 20:50:59,76,"HSR Layout, Bengaluru",46,0.14,0.0014
2026-05-07 20:50:47,78,"HSR Layout, Bengaluru",47,0.14,0.0014
2026-05-07 20:50:35,74,"HSR Layout, Bengaluru",45,0.14,0.0013
2026-05-07 20:50:23,78,"HSR Layout, Bengaluru",47,0.14,0.0014
2026-05-07 20:50:12,76,"HSR Layout, Bengaluru",46,0.14,0.0014
2026-05-07 20:50:12,76,"HSR Layout, Bengaluru",46,0.14,0.0014
2026-05-07 20:50:12,76,"HSR Layout, Bengaluru",46,0.14,0.0014
2026-05-07 20:49:59,78,"HSR Layout, Bengaluru",47,0.14,0.0014
2026-05-07 20:49:47,79,"HSR Layout, Bengaluru",48,0.14,0.0014
2026-05-07 20:49:35,81,"HSR Layout, Bengaluru",49,0.14,0.0015
2026-05-07 20:49:23,83,"HSR Layout, Bengaluru",50,0.14,0.0015
2026-05-07 20:49:11,84,"HSR Layout, Bengaluru",51,0.14,0.0016
2026-05-07 20:48:59,88,"HSR Layout, Bengaluru",53,0.14,0.0016
2026-05-07 20:48:47,79,"HSR Layout, Bengaluru",48,0.14,0.0014
2026-05-07 20:48:36,76,"HSR Layout, Bengaluru",46,0.14,0.0014
2026-05-07 20:48:23,78,"HSR Layout, Bengaluru",47,0.14,0.0014
2026-05-07 20:48:11,78,"HSR Layout, Bengaluru",47,0.14,0.0014
2026-05-07 20:47:59,76,"HSR Layout, Bengaluru",46,0.14,0.0014
2026-05-07 20:47:47,76,"HSR Layout, Bengaluru",46,0.14,0.0014
2026-05-07 20:47:35,78,"HSR Layout, Bengaluru",47,0.14,0.0014
2026-05-07 20:47:23,76,"HSR Layout, Bengaluru",46,0.14,0.0014
2026-05-07 20:47:11,78,"HSR Layout, Bengaluru",47,0.14,0.0014
2026-05-07 20:46:59,74,"HSR Layout, Bengaluru",45,0.14,0.0013
2026-05-07 20:46:47,78,"HSR Layout, Bengaluru",47,0.14,0.0014
2026-05-07 20:46:35,78,"HSR Layout, Bengaluru",47,0.14,0.0014
2026-05-07 20:46:23,76,"HSR Layout, Bengaluru",46,0.14,0.0014
2026-05-07 20:46:11,78,"HSR Layout, Bengaluru",47,0.14,0.0014
2026-05-07 20:45:59,76,"HSR Layout, Bengaluru",46,0.14,0.0014
2026-05-07 20:45:47,78,"HSR Layout, Bengaluru",47,0.14,0.0014
2026-05-07 20:45:35,78,"HSR Layout, Bengaluru",47,0.14,0.0014
2026-05-07 20:45:23,76,"HSR Layout, Bengaluru",46,0.14,0.0014
2026-05-07 20:45:11,76,"HSR Layout, Bengaluru",46,0.14,0.0014
2026-05-07 20:44:59,74,"HSR Layout, Bengaluru",45,0.14,0.0013
2026-05-07 20:44:59,74,"HSR Layout, Bengaluru",45,0.14,0.0013
2026-05-07 20:44:59,74,"HSR Layout, Bengaluru",45,0.14,0.0013
2026-05-07 20:44:59,74,"HSR Layout, Bengaluru",45,0.14,0.0013
2026-05-07 20:44:59,74,"HSR Layout, Bengaluru",45,0.14,0.0013
2026-05-07 20:44:47,76,"HSR Layout, Bengaluru",46,0.14,0.0014
2026-05-07 20:44:35,76,"HSR Layout, Bengaluru",46,0.14,0.0014
2026-05-07 20:44:23,74,"HSR Layout, Bengaluru",45,0.14,0.0013
2026-05-07 20:44:11,76,"HSR Layout, Bengaluru",46,0.14,0.0014
2026-05-07 20:43:59,76,"HSR Layout, Bengaluru",46,0.14,0.0014
2026-05-07 20:43:47,76,"HSR Layout, Bengaluru",46,0.14,0.0014
2026-05-07 20:43:35,74,"HSR Layout, Bengaluru",45,0.14,0.0013
2026-05-07 20:43:23,76,"HSR Layout, Bengaluru",46,0.14,0.0014
2026-05-07 20:43:11,78,"HSR Layout, Bengaluru",47,0.14,0.0014
2026-05-07 20:42:59,79,"HSR Layout, Bengaluru",48,0.14,0.0014
2026-05-07 20:42:47,76,"HSR Layout, Bengaluru",46,0.14,0.0014
2026-05-07 20:42:35,76,"HSR Layout, Bengaluru",46,0.14,0.0014
2026-05-07 20:42:23,76,"HSR Layout, Bengaluru",46,0.14,0.0014
2026-05-07 20:42:11,79,"HSR Layout, Bengaluru",48,0.14,0.0014
2026-05-07 20:41:59,76,"HSR Layout, Bengaluru",46,0.14,0.0014
2026-05-07 20:41:47,76,"HSR Layout, Bengaluru",46,0.14,0.0014
2026-05-07 20:41:35,76,"HSR Layout, Bengaluru",46,0.14,0.0014
2026-05-07 20:41:23,76,"HSR Layout, Bengaluru",46,0.14,0.0014
2026-05-07 20:41:11,72,"HSR Layout, Bengaluru",44,0.14,0.0013
2026-05-07 20:40:59,74,"HSR Layout, Bengaluru",45,0.14,0.0013
2026-05-07 20:40:47,74,"HSR Layout, Bengaluru",45,0.14,0.0013
2026-05-07 20:40:35,76,"HSR Layout, Bengaluru",46,0.14,0.0014
2026-05-07 20:40:23,76,"HSR Layout, Bengaluru",46,0.14,0.0014
2026-05-07 20:40:11,76,"HSR Layout, Bengaluru",46,0.14,0.0014
2026-05-07 20:39:59,74,"HSR Layout, Bengaluru",45,0.14,0.0013
2026-05-07 20:39:48,78,"HSR Layout, Bengaluru",47,0.14,0.0014
2026-05-07 20:39:48,78,"HSR Layout, Bengaluru",47,0.14,0.0014
2026-05-07 20:39:48,78,"HSR Layout, Bengaluru",47,0.14,0.0014
2026-05-07 20:39:47,78,"HSR Layout, Bengaluru",47,0.14,0.0014
2026-05-07 20:39:35,78,"HSR Layout, Bengaluru",47,0.14,0.0014
2026-05-07 20:39:23,78,"HSR Layout, Bengaluru",47,0.14,0.0014
2026-05-07 20:39:11,78,"HSR Layout, Bengaluru",47,0.14,0.0014
2026-05-07 20:38:59,78,"HSR Layout, Bengaluru",47,0.14,0.0014
2026-05-07 20:38:47,74,"HSR Layout, Bengaluru",45,0.14,0.0013
2026-05-07 20:38:35,76,"HSR Layout, Bengaluru",46,0.14,0.0014
2026-05-07 20:38:23,78,"HSR Layout, Bengaluru",47,0.14,0.0014
2026-05-07 20:38:11,76,"HSR Layout, Bengaluru",46,0.14,0.0014
2026-05-07 20:37:59,76,"HSR Layout, Bengaluru",46,0.14,0.0014
2026-05-07 20:37:47,78,"HSR Layout, Bengaluru",47,0.14,0.0014
2026-05-07 20:37:35,74,"HSR Layout, Bengaluru",45,0.14,0.0013
2026-05-07 20:37:23,76,"HSR Layout, Bengaluru",46,0.14,0.0014
2026-05-07 20:37:11,76,"HSR Layout, Bengaluru",46,0.14,0.0014
2026-05-07 20:36:59,76,"HSR Layout, Bengaluru",46,0.14,0.0014
2026-05-07 20:36:47,76,"HSR Layout, Bengaluru",46,0.14,0.0014
2026-05-07 20:36:35,76,"HSR Layout, Bengaluru",46,0.14,0.0014
2026-05-07 20:36:23,76,"HSR Layout, Bengaluru",46,0.14,0.0014
2026-05-07 20:36:11,76,"HSR Layout, Bengaluru",46,0.14,0.0014
2026-05-07 20:35:59,72,"HSR Layout, Bengaluru",44,0.14,0.0013
2026-05-07 20:35:47,76,"HSR Layout, Bengaluru",46,0.14,0.0014
2026-05-07 20:35:35,78,"HSR Layout, Bengaluru",47,0.14,0.0014
2026-05-07 20:35:23,74,"HSR Layout, Bengaluru",45,0.14,0.0013
2026-05-07 20:35:11,76,"HSR Layout, Bengaluru",46,0.14,0.0014
2026-05-07 20:34:59,74,"HSR Layout, Bengaluru",45,0.14,0.0013
2026-05-07 20:34:47,74,"HSR Layout, Bengaluru",45,0.14,0.0013
2026-05-07 20:34:35,76,"HSR Layout, Bengaluru",46,0.14,0.0014
2026-05-07 20:34:35,76,"HSR Layout, Bengaluru",46,0.14,0.0014
2026-05-07 20:34:35,76,"HSR Layout, Bengaluru",46,0.14,0.0014
2026-05-07 20:34:35,76,"HSR Layout, Bengaluru",46,0.14,0.0014
2026-05-07 20:34:23,74,"HSR Layout, Bengaluru",45,0.14,0.0013
2026-05-07 20:34:11,74,"HSR Layout, Bengaluru",45,0.14,0.0013
2026-05-07 20:33:59,78,"HSR Layout, Bengaluru",47,0.14,0.0014
2026-05-07 20:33:47,76,"HSR Layout, Bengaluru",46,0.14,0.0014
2026-05-07 20:33:35,78,"HSR Layout, Bengaluru",47,0.14,0.0014
2026-05-07 20:33:23,78,"HSR Layout, Bengaluru",47,0.14,0.0014
2026-05-07 20:33:11,76,"HSR Layout, Bengaluru",46,0.14,0.0014
2026-05-07 20:32:59,78,"HSR Layout, Bengaluru",47,0.14,0.0014
2026-05-07 20:32:47,78,"HSR Layout, Bengaluru",47,0.14,0.0014
2026-05-07 20:32:35,74,"HSR Layout, Bengaluru",45,0.14,0.0013
2026-05-07 20:32:23,78,"HSR Layout, Bengaluru",47,0.14,0.0014
2026-05-07 20:32:11,76,"HSR Layout, Bengaluru",46,0.14,0.0014
2026-05-07 20:31:59,76,"HSR Layout, Bengaluru",46,0.14,0.0014
2026-05-07 20:31:47,74,"HSR Layout, Bengaluru",45,0.14,0.0013
2026-05-07 20:31:35,74,"HSR Layout, Bengaluru",45,0.14,0.0013
2026-05-07 20:31:23,76,"HSR Layout, Bengaluru",46,0.14,0.0014
2026-05-07 20:31:11,76,"HSR Layout, Bengaluru",46,0.14,0.0014
2026-05-07 20:30:59,74,"HSR Layout, Bengaluru",45,0.14,0.0013
2026-05-07 20:30:47,74,"HSR Layout, Bengaluru",45,0.14,0.0013
2026-05-07 20:30:35,74,"HSR Layout, Bengaluru",45,0.14,0.0013
2026-05-07 20:30:23,74,"HSR Layout, Bengaluru",45,0.14,0.0013
2026-05-07 20:30:11,74,"HSR Layout, Bengaluru",45,0.14,0.0013
2026-05-07 20:29:59,74,"HSR Layout, Bengaluru",45,0.14,0.0013
2026-05-07 20:29:47,76,"HSR Layout, Bengaluru",46,0.14,0.0014
2026-05-07 20:29:35,76,"HSR Layout, Bengaluru",46,0.14,0.0014
2026-05-07 20:29:24,78,"HSR Layout, Bengaluru",47,0.14,0.0014
2026-05-07 20:29:24,78,"HSR Layout, Bengaluru",47,0.14,0.0014
2026-05-07 20:29:24,78,"HSR Layout, Bengaluru",47,0.14,0.0014
2026-05-07 20:29:24,78,"HSR Layout, Bengaluru",47,0.14,0.0014
2026-05-07 20:29:23,78,"HSR Layout, Bengaluru",47,0.14,0.0014
2026-05-07 20:29:11,76,"HSR Layout, Bengaluru",46,0.14,0.0014
2026-05-07 20:28:59,76,"HSR Layout, Bengaluru",46,0.14,0.0014
2026-05-07 20:28:47,74,"HSR Layout, Bengaluru",45,0.14,0.0013
2026-05-07 20:28:35,76,"HSR Layout, Bengaluru",46,0.14,0.0014
2026-05-07 20:28:23,74,"HSR Layout, Bengaluru",45,0.14,0.0013
2026-05-07 20:28:11,76,"HSR Layout, Bengaluru",46,0.14,0.0014
2026-05-07 20:27:59,78,"HSR Layout, Bengaluru",47,0.14,0.0014
2026-05-07 20:27:47,76,"HSR Layout, Bengaluru",46,0.14,0.0014
2026-05-07 20:27:35,74,"HSR Layout, Bengaluru",45,0.14,0.0013
2026-05-07 20:27:23,74,"HSR Layout, Bengaluru",45,0.14,0.0013
2026-05-07 20:27:11,74,"HSR Layout, Bengaluru",45,0.14,0.0013
2026-05-07 20:26:59,76,"HSR Layout, Bengaluru",46,0.14,0.0014
2026-05-07 20:26:47,74,"HSR Layout, Bengaluru",45,0.14,0.0013
2026-05-07 20:26:35,74,"HSR Layout, Bengaluru",45,0.14,0.0013
2026-05-07 20:26:23,76,"HSR Layout, Bengaluru",46,0.14,0.0014
2026-05-07 20:26:11,74,"HSR Layout, Bengaluru",45,0.14,0.0013
2026-05-07 20:25:59,78,"HSR Layout, Bengaluru",47,0.14,0.0014
2026-05-07 20:25:47,74,"HSR Layout, Bengaluru",45,0.14,0.0013
2026-05-07 20:25:35,74,"HSR Layout, Bengaluru",45,0.14,0.0013
2026-05-07 20:25:23,72,"HSR Layout, Bengaluru",44,0.14,0.0013
2026-05-07 20:25:11,74,"HSR Layout, Bengaluru",45,0.14,0.0013
2026-05-07 20:24:59,72,"HSR Layout, Bengaluru",44,0.14,0.0013
2026-05-07 20:24:47,74,"HSR Layout, Bengaluru",45,0.14,0.0013
2026-05-07 20:24:35,74,"HSR Layout, Bengaluru",45,0.14,0.0013
2026-05-07 20:24:23,78,"HSR Layout, Bengaluru",47,0.14,0.0014
2026-05-07 20:24:11,74,"HSR Layout, Bengaluru",45,0.14,0.0013
2026-05-07 20:23:59,74,"HSR Layout, Bengaluru",45,0.14,0.0013
2026-05-07 20:23:47,74,"HSR Layout, Bengaluru",45,0.14,0.0013
2026-05-07 20:23:35,74,"HSR Layout, Bengaluru",45,0.14,0.0013
2026-05-07 20:23:23,74,"HSR Layout, Bengaluru",45,0.14,0.0013
2026-05-07 20:23:11,76,"HSR Layout, Bengaluru",46,0.14,0.0014
2026-05-07 20:22:59,74,"HSR Layout, Bengaluru",45,0.14,0.0013
2026-05-07 20:22:47,71,"HSR Layout, Bengaluru",43,0.14,0.0013
2026-05-07 20:22:35,71,"HSR Layout, Bengaluru",43,0.14,0.0013
2026-05-07 20:22:23,72,"HSR Layout, Bengaluru",44,0.14,0.0013
2026-05-07 20:22:11,72,"HSR Layout, Bengaluru",44,0.14,0.0013
2026-05-07 20:21:59,74,"HSR Layout, Bengaluru",45,0.14,0.0013
2026-05-07 20:21:47,76,"HSR Layout, Bengaluru",46,0.14,0.0014
2026-05-07 20:21:35,74,"HSR Layout, Bengaluru",45,0.14,0.0013
2026-05-07 20:21:23,74,"HSR Layout, Bengaluru",45,0.14,0.0013
2026-05-07 20:21:11,74,"HSR Layout, Bengaluru",45,0.14,0.0013
2026-05-07 20:20:59,76,"HSR Layout, Bengaluru",46,0.14,0.0014
2026-05-07 20:20:47,76,"HSR Layout, Bengaluru",46,0.14,0.0014
2026-05-07 20:20:35,76,"HSR Layout, Bengaluru",46,0.14,0.0014
2026-05-07 20:20:23,74,"HSR Layout, Bengaluru",45,0.14,0.0013
2026-05-07 20:20:11,72,"HSR Layout, Bengaluru",44,0.14,0.0013
2026-05-07 20:19:59,74,"HSR Layout, Bengaluru",45,0.14,0.0013
2026-05-07 20:19:47,74,"HSR Layout, Bengaluru",45,0.14,0.0013
2026-05-07 20:19:35,72,"HSR Layout, Bengaluru",44,0.14,0.0013
2026-05-07 20:19:23,72,"HSR Layout, Bengaluru",44,0.14,0.0013
2026-05-07 20:19:11,76,"HSR Layout, Bengaluru",46,0.14,0.0014
2026-05-07 20:18:59,74,"HSR Layout, Bengaluru",45,0.14,0.0013
2026-05-07 20:18:59,74,"HSR Layout, Bengaluru",45,0.14,0.0013
2026-05-07 20:18:59,74,"HSR Layout, Bengaluru",45,0.14,0.0013
2026-05-07 20:18:59,74,"HSR Layout, Bengaluru",45,0.14,0.0013
2026-05-07 20:18:47,76,"HSR Layout, Bengaluru",46,0.14,0.0014
2026-05-07 20:18:35,74,"HSR Layout, Bengaluru",45,0.14,0.0013
2026-05-07 20:18:23,76,"HSR Layout, Bengaluru",46,0.14,0.0014
2026-05-07 20:18:11,74,"HSR Layout, Bengaluru",45,0.14,0.0013
2026-05-07 20:17:59,74,"HSR Layout, Bengaluru",45,0.14,0.0013
2026-05-07 20:17:47,72,"HSR Layout, Bengaluru",44,0.14,0.0013
2026-05-07 20:17:35,72,"HSR Layout, Bengaluru",44,0.14,0.0013
2026-05-07 20:17:23,74,"HSR Layout, Bengaluru",45,0.14,0.0013
2026-05-07 20:17:11,72,"HSR Layout, Bengaluru",44,0.14,0.0013
2026-05-07 20:16:59,72,"HSR Layout, Bengaluru",44,0.14,0.0013
2026-05-07 20:16:47,72,"HSR Layout, Bengaluru",44,0.14,0.0013
2026-05-07 20:16:35,74,"HSR Layout, Bengaluru",45,0.14,0.0013
2026-05-07 20:16:23,74,"HSR Layout, Bengaluru",45,0.14,0.0013
2026-05-07 20:16:11,74,"HSR Layout, Bengaluru",45,0.14,0.0013
2026-05-07 20:15:59,74,"HSR Layout, Bengaluru",45,0.14,0.0013
2026-05-07 20:15:47,74,"HSR Layout, Bengaluru",45,0.14,0.0013
2026-05-07 20:15:35,74,"HSR Layout, Bengaluru",45,0.14,0.0013
2026-05-07 20:15:23,76,"HSR Layout, Bengaluru",46,0.14,0.0014
2026-05-07 20:15:11,76,"HSR Layout, Bengaluru",46,0.14,0.0014
2026-05-07 20:14:59,76,"HSR Layout, Bengaluru",46,0.14,0.0014
2026-05-07 20:14:47,76,"HSR Layout, Bengaluru",46,0.14,0.0014
2026-05-07 20:14:35,76,"HSR Layout, Bengaluru",46,0.14,0.0014
2026-05-07 20:14:23,78,"HSR Layout, Bengaluru",47,0.14,0.0014
2026-05-07 20:14:11,78,"HSR Layout, Bengaluru",47,0.14,0.0014
2026-05-07 20:13:59,79,"HSR Layout, Bengaluru",48,0.14,0.0014
2026-05-07 20:13:48,76,"HSR Layout, Bengaluru",46,0.14,0.0014
2026-05-07 20:13:48,76,"HSR Layout, Bengaluru",46,0.14,0.0014
2026-05-07 20:13:48,76,"HSR Layout, Bengaluru",46,0.14,0.0014
2026-05-07 20:13:47,76,"HSR Layout, Bengaluru",46,0.14,0.0014
2026-05-07 20:13:35,72,"HSR Layout, Bengaluru",44,0.14,0.0013
2026-05-07 20:13:23,74,"HSR Layout, Bengaluru",45,0.14,0.0013
2026-05-07 20:13:11,76,"HSR Layout, Bengaluru",46,0.14,0.0014
2026-05-07 20:12:59,76,"HSR Layout, Bengaluru",46,0.14,0.0014
2026-05-07 20:12:47,74,"HSR Layout, Bengaluru",45,0.14,0.0013
2026-05-07 20:12:35,72,"HSR Layout, Bengaluru",44,0.14,0.0013
2026-05-07 20:12:23,71,"HSR Layout, Bengaluru",43,0.14,0.0013
2026-05-07 20:12:11,74,"HSR Layout, Bengaluru",45,0.14,0.0013
2026-05-07 20:11:59,76,"HSR Layout, Bengaluru",46,0.14,0.0014
2026-05-07 20:11:47,74,"HSR Layout, Bengaluru",45,0.14,0.0013
2026-05-07 20:11:35,72,"HSR Layout, Bengaluru",44,0.14,0.0013
2026-05-07 20:11:23,72,"HSR Layout, Bengaluru",44,0.14,0.0013
2026-05-07 20:11:11,72,"HSR Layout, Bengaluru",44,0.14,0.0013
2026-05-07 20:10:59,74,"HSR Layout, Bengaluru",45,0.14,0.0013
2026-05-07 20:10:47,72,"HSR Layout, Bengaluru",44,0.14,0.0013
2026-05-07 20:10:35,74,"HSR Layout, Bengaluru",45,0.14,0.0013
2026-05-07 20:10:23,72,"HSR Layout, Bengaluru",44,0.14,0.0013
2026-05-07 20:10:11,72,"HSR Layout, Bengaluru",44,0.14,0.0013
2026-05-07 20:09:59,72,"HSR Layout, Bengaluru",44,0.14,0.0013
2026-05-07 20:09:47,72,"HSR Layout, Bengaluru",44,0.14,0.0013
2026-05-07 20:09:35,76,"HSR Layout, Bengaluru",46,0.14,0.0014
2026-05-07 20:09:23,72,"HSR Layout, Bengaluru",44,0.14,0.0013
2026-05-07 20:09:11,74,"HSR Layout, Bengaluru",45,0.14,0.0013
2026-05-07 20:08:59,76,"HSR Layout, Bengaluru",46,0.14,0.0014
2026-05-07 20:08:47,72,"HSR Layout, Bengaluru",44,0.14,0.0013
2026-05-07 20:08:35,71,"HSR Layout, Bengaluru",43,0.14,0.0013
2026-05-07 20:08:35,71,"HSR Layout, Bengaluru",43,0.14,0.0013
2026-05-07 20:08:35,71,"HSR Layout, Bengaluru",43,0.14,0.0013
2026-05-07 20:08:23,71,"HSR Layout, Bengaluru",43,0.14,0.0013
2026-05-07 20:08:11,72,"HSR Layout, Bengaluru",44,0.14,0.0013
2026-05-07 20:07:59,72,"HSR Layout, Bengaluru",44,0.14,0.0013
2026-05-07 20:07:47,72,"HSR Layout, Bengaluru",44,0.14,0.0013
2026-05-07 20:07:35,74,"HSR Layout, Bengaluru",45,0.14,0.0013
2026-05-07 20:07:23,76,"HSR Layout, Bengaluru",46,0.14,0.0014
2026-05-07 20:07:11,76,"HSR Layout, Bengaluru",46,0.14,0.0014
2026-05-07 20:06:59,74,"HSR Layout, Bengaluru",45,0.14,0.0013
2026-05-07 20:06:47,74,"HSR Layout, Bengaluru",45,0.14,0.0013
2026-05-07 20:06:35,74,"HSR Layout, Bengaluru",45,0.14,0.0013
2026-05-07 20:06:23,72,"HSR Layout, Bengaluru",44,0.14,0.0013
2026-05-07 20:06:11,72,"HSR Layout, Bengaluru",44,0.14,0.0013
2026-05-07 20:05:59,72,"HSR Layout, Bengaluru",44,0.14,0.0013
2026-05-07 20:05:47,74,"HSR Layout, Bengaluru",45,0.14,0.0013
2026-05-07 20:05:35,72,"HSR Layout, Bengaluru",44,0.14,0.0013
2026-05-07 20:05:23,72,"HSR Layout, Bengaluru",44,0.14,0.0013
2026-05-07 20:05:11,74,"HSR Layout, Bengaluru",45,0.14,0.0013
2026-05-07 20:04:59,74,"HSR Layout, Bengaluru",45,0.14,0.0013
2026-05-07 20:04:47,74,"HSR Layout, Bengaluru",45,0.14,0.0013
2026-05-07 20:04:35,72,"HSR Layout, Bengaluru",44,0.14,0.0013
2026-05-07 20:04:23,74,"HSR Layout, Bengaluru",45,0.14,0.0013
2026-05-07 20:04:11,72,"HSR Layout, Bengaluru",44,0.14,0.0013
2026-05-07 20:03:59,72,"HSR Layout, Bengaluru",44,0.14,0.0013
2026-05-07 20:03:47,71,"HSR Layout, Bengaluru",43,0.14,0.0013
2026-05-07 20:03:35,72,"HSR Layout, Bengaluru",44,0.14,0.0013
2026-05-07 20:03:25,71,"HSR Layout, Bengaluru",43,0.14,0.0013
2026-05-07 20:03:23,71,"HSR Layout, Bengaluru",43,0.14,0.0013
2026-05-07 20:03:23,71,"HSR Layout, Bengaluru",43,0.14,0.0013
2026-05-07 20:03:11,72,"HSR Layout, Bengaluru",44,0.14,0.0013
2026-05-07 20:02:59,72,"HSR Layout, Bengaluru",44,0.14,0.0013
2026-05-07 20:02:47,76,"HSR Layout, Bengaluru",46,0.14,0.0014
2026-05-07 20:02:35,76,"HSR Layout, Bengaluru",46,0.14,0.0014
2026-05-07 20:02:23,72,"HSR Layout, Bengaluru",44,0.14,0.0013
2026-05-07 20:02:11,74,"HSR Layout, Bengaluru",45,0.14,0.0013
2026-05-07 20:01:59,74,"HSR Layout, Bengaluru",45,0.14,0.0013
2026-05-07 20:01:47,74,"HSR Layout, Bengaluru",45,0.14,0.0013
2026-05-07 20:01:35,72,"HSR Layout, Bengaluru",44,0.14,0.0013
2026-05-07 20:01:23,72,"HSR Layout, Bengaluru",44,0.14,0.0013
2026-05-07 20:01:11,72,"HSR Layout, Bengaluru",44,0.14,0.0013
2026-05-07 20:00:59,72,"HSR Layout, Bengaluru",44,0.14,0.0013
2026-05-07 20:00:47,72,"HSR Layout, Bengaluru",44,0.14,0.0013
2026-05-07 20:00:35,71,"HSR Layout, Bengaluru",43,0.14,0.0013
2026-05-07 20:00:23,71,"HSR Layout, Bengaluru",43,0.14,0.0013
2026-05-07 20:00:11,71,"HSR Layout, Bengaluru",43,0.14,0.0013
2026-05-07 19:59:59,72,"HSR Layout, Bengaluru",44,0.14,0.0013
2026-05-07 19:59:47,74,"HSR Layout, Bengaluru",45,0.14,0.0013
2026-05-07 19:59:35,74,"HSR Layout, Bengaluru",45,0.14,0.0013
2026-05-07 19:59:23,74,"HSR Layout, Bengaluru",45,0.14,0.0013
2026-05-07 19:59:11,72,"HSR Layout, Bengaluru",44,0.14,0.0013
2026-05-07 19:58:59,72,"HSR Layout, Bengaluru",44,0.14,0.0013
2026-05-07 19:58:47,72,"HSR Layout, Bengaluru",44,0.14,0.0013
2026-05-07 19:58:35,71,"HSR Layout, Bengaluru",43,0.14,0.0013
2026-05-07 19:58:23,72,"HSR Layout, Bengaluru",44,0.14,0.0013
2026-05-07 19:58:12,72,"HSR Layout, Bengaluru",44,0.14,0.0013
2026-05-07 19:58:12,72,"HSR Layout, Bengaluru",44,0.14,0.0013
2026-05-07 19:58:11,72,"HSR Layout, Bengaluru",44,0.14,0.0013
2026-05-07 19:57:59,72,"HSR Layout, Bengaluru",44,0.14,0.0013
2026-05-07 19:57:47,71,"HSR Layout, Bengaluru",43,0.14,0.0013
2026-05-07 19:57:35,72,"HSR Layout, Bengaluru",44,0.14,0.0013
2026-05-07 19:57:23,72,"HSR Layout, Bengaluru",44,0.14,0.0013
2026-05-07 19:57:11,72,"HSR Layout, Bengaluru",44,0.14,0.0013
2026-05-07 19:56:59,71,"HSR Layout, Bengaluru",43,0.14,0.0013
2026-05-07 19:56:47,72,"HSR Layout, Bengaluru",44,0.14,0.0013
2026-05-07 19:56:35,71,"HSR Layout, Bengaluru",43,0.14,0.0013
2026-05-07 19:56:23,72,"HSR Layout, Bengaluru",44,0.14,0.0013
2026-05-07 19:56:11,71,"HSR Layout, Bengaluru",43,0.14,0.0013
2026-05-07 19:55:59,71,"HSR Layout, Bengaluru",43,0.14,0.0013
2026-05-07 19:55:47,72,"HSR Layout, Bengaluru",44,0.14,0.0013
2026-05-07 19:55:35,71,"HSR Layout, Bengaluru",43,0.14,0.0013
2026-05-07 19:55:23,72,"HSR Layout, Bengaluru",44,0.14,0.0013
2026-05-07 19:55:11,74,"HSR Layout, Bengaluru",45,0.14,0.0013
2026-05-07 19:54:59,72,"HSR Layout, Bengaluru",44,0.14,0.0013
2026-05-07 19:54:47,72,"HSR Layout, Bengaluru",44,0.14,0.0013
2026-05-07 19:54:35,72,"HSR Layout, Bengaluru",44,0.14,0.0013
2026-05-07 19:54:23,71,"HSR Layout, Bengaluru",43,0.14,0.0013
2026-05-07 19:54:11,71,"HSR Layout, Bengaluru",43,0.14,0.0013
2026-05-07 19:53:59,72,"HSR Layout, Bengaluru",44,0.14,0.0013
2026-05-07 19:53:47,72,"HSR Layout, Bengaluru",44,0.14,0.0013
2026-05-07 19:53:35,72,"HSR Layout, Bengaluru",44,0.14,0.0013
2026-05-07 19:53:23,71,"HSR Layout, Bengaluru",43,0.14,0.0013
2026-05-07 19:53:11,74,"HSR Layout, Bengaluru",45,0.14,0.0013
2026-05-07 19:52:59,71,"HSR Layout, Bengaluru",43,0.14,0.0013
2026-05-07 19:52:59,71,"HSR Layout, Bengaluru",43,0.14,0.0013
2026-05-07 19:52:59,71,"HSR Layout, Bengaluru",43,0.14,0.0013
2026-05-07 19:52:59,71,"HSR Layout, Bengaluru",43,0.14,0.0013
2026-05-07 19:52:47,71,"HSR Layout, Bengaluru",43,0.14,0.0013
2026-05-07 19:52:35,71,"HSR Layout, Bengaluru",43,0.14,0.0013
2026-05-07 19:52:23,74,"HSR Layout, Bengaluru",45,0.14,0.0013
2026-05-07 19:52:11,72,"HSR Layout, Bengaluru",44,0.14,0.0013
2026-05-07 19:51:59,72,"HSR Layout, Bengaluru",44,0.14,0.0013
2026-05-07 19:51:47,72,"HSR Layout, Bengaluru",44,0.14,0.0013
2026-05-07 19:51:35,71,"HSR Layout, Bengaluru",43,0.14,0.0013
2026-05-07 19:51:23,72,"HSR Layout, Bengaluru",44,0.14,0.0013
2026-05-07 19:51:11,72,"HSR Layout, Bengaluru",44,0.14,0.0013
2026-05-07 19:50:59,72,"HSR Layout, Bengaluru",44,0.14,0.0013
2026-05-07 19:50:47,71,"HSR Layout, Bengaluru",43,0.14,0.0013
2026-05-07 19:50:35,72,"HSR Layout, Bengaluru",44,0.14,0.0013
2026-05-07 19:50:23,72,"HSR Layout, Bengaluru",44,0.14,0.0013
2026-05-07 19:50:11,72,"HSR Layout, Bengaluru",44,0.14,0.0013
2026-05-07 19:49:59,72,"HSR Layout, Bengaluru",44,0.14,0.0013
2026-05-07 19:49:47,72,"HSR Layout, Bengaluru",44,0.14,0.0013
2026-05-07 19:49:35,74,"HSR Layout, Bengaluru",45,0.14,0.0013
2026-05-07 19:49:23,72,"HSR Layout, Bengaluru",44,0.14,0.0013
2026-05-07 19:49:11,72,"HSR Layout, Bengaluru",44,0.14,0.0013
2026-05-07 19:48:59,76,"HSR Layout, Bengaluru",46,0.14,0.0014
2026-05-07 19:48:47,72,"HSR Layout, Bengaluru",44,0.14,0.0013
2026-05-07 19:48:35,71,"HSR Layout, Bengaluru",43,0.14,0.0013
2026-05-07 19:48:23,72,"HSR Layout, Bengaluru",44,0.14,0.0013
2026-05-07 19:48:11,72,"HSR Layout, Bengaluru",44,0.14,0.0013
2026-05-07 19:47:59,71,"HSR Layout, Bengaluru",43,0.14,0.0013
2026-05-07 19:47:48,71,"HSR Layout, Bengaluru",43,0.14,0.0013
2026-05-07 19:47:47,71,"HSR Layout, Bengaluru",43,0.14,0.0013
2026-05-07 19:47:47,71,"HSR Layout, Bengaluru",43,0.14,0.0013
2026-05-07 19:47:35,74,"HSR Layout, Bengaluru",45,0.14,0.0013
2026-05-07 19:47:23,71,"HSR Layout, Bengaluru",43,0.14,0.0013
2026-05-07 19:47:11,69,"HSR Layout, Bengaluru",42,0.14,0.0012
2026-05-07 19:46:59,71,"HSR Layout, Bengaluru",43,0.14,0.0013
2026-05-07 19:46:47,71,"HSR Layout, Bengaluru",43,0.14,0.0013
2026-05-07 19:46:35,72,"HSR Layout, Bengaluru",44,0.14,0.0013
2026-05-07 19:46:23,72,"HSR Layout, Bengaluru",44,0.14,0.0013
2026-05-07 19:46:11,71,"HSR Layout, Bengaluru",43,0.14,0.0013
2026-05-07 19:45:59,71,"HSR Layout, Bengaluru",43,0.14,0.0013
2026-05-07 19:45:47,69,"HSR Layout, Bengaluru",42,0.14,0.0012
2026-05-07 19:45:35,71,"HSR Layout, Bengaluru",43,0.14,0.0013
2026-05-07 19:45:23,72,"HSR Layout, Bengaluru",44,0.14,0.0013
2026-05-07 19:45:11,71,"HSR Layout, Bengaluru",43,0.14,0.0013
2026-05-07 19:44:59,72,"HSR Layout, Bengaluru",44,0.14,0.0013
2026-05-07 19:44:47,72,"HSR Layout, Bengaluru",44,0.14,0.0013
2026-05-07 19:44:35,72,"HSR Layout, Bengaluru",44,0.14,0.0013
2026-05-07 19:44:23,72,"HSR Layout, Bengaluru",44,0.14,0.0013
2026-05-07 19:44:11,72,"HSR Layout, Bengaluru",44,0.14,0.0013
2026-05-07 19:43:59,71,"HSR Layout, Bengaluru",43,0.14,0.0013
2026-05-07 19:43:47,71,"HSR Layout, Bengaluru",43,0.14,0.0013
2026-05-07 19:43:35,72,"HSR Layout, Bengaluru",44,0.14,0.0013
2026-05-07 19:43:23,69,"HSR Layout, Bengaluru",42,0.14,0.0012
2026-05-07 19:43:11,71,"HSR Layout, Bengaluru",43,0.14,0.0013
2026-05-07 19:42:59,69,"HSR Layout, Bengaluru",42,0.14,0.0012
2026-05-07 19:42:47,71,"HSR Layout, Bengaluru",43,0.14,0.0013
2026-05-07 19:42:35,72,"HSR Layout, Bengaluru",44,0.14,0.0013
2026-05-07 19:42:35,72,"HSR Layout, Bengaluru",44,0.14,0.0013
2026-05-07 19:42:35,72,"HSR Layout, Bengaluru",44,0.14,0.0013
2026-05-07 19:42:35,72,"HSR Layout, Bengaluru",44,0.14,0.0013
2026-05-07 19:42:23,71,"HSR Layout, Bengaluru",43,0.14,0.0013
2026-05-07 19:42:11,71,"HSR Layout, Bengaluru",43,0.14,0.0013
2026-05-07 19:41:59,71,"HSR Layout, Bengaluru",43,0.14,0.0013
2026-05-07 19:41:47,69,"HSR Layout, Bengaluru",42,0.14,0.0012
2026-05-07 19:41:35,72,"HSR Layout, Bengaluru",44,0.14,0.0013
2026-05-07 19:41:23,71,"HSR Layout, Bengaluru",43,0.14,0.0013
2026-05-07 19:41:11,69,"HSR Layout, Bengaluru",42,0.14,0.0012
2026-05-07 19:40:59,71,"HSR Layout, Bengaluru",43,0.14,0.0013
2026-05-07 19:40:47,72,"HSR Layout, Bengaluru",44,0.14,0.0013
2026-05-07 19:40:35,71,"HSR Layout, Bengaluru",43,0.14,0.0013
2026-05-07 19:40:23,69,"HSR Layout, Bengaluru",42,0.14,0.0012
2026-05-07 19:40:11,71,"HSR Layout, Bengaluru",43,0.14,0.0013
2026-05-07 19:39:59,69,"HSR Layout, Bengaluru",42,0.14,0.0012
2026-05-07 19:39:47,69,"HSR Layout, Bengaluru",42,0.14,0.0012
2026-05-07 19:39:35,69,"HSR Layout, Bengaluru",42,0.14,0.0012
2026-05-07 19:39:23,69,"HSR Layout, Bengaluru",42,0.14,0.0012
2026-05-07 19:39:11,69,"HSR Layout, Bengaluru",42,0.14,0.0012
2026-05-07 19:38:59,67,"HSR Layout, Bengaluru",41,0.14,0.0012
2026-05-07 19:38:47,69,"HSR Layout, Bengaluru",42,0.14,0.0012
2026-05-07 19:38:35,71,"HSR Layout, Bengaluru",43,0.14,0.0013
2026-05-07 19:38:23,71,"HSR Layout, Bengaluru",43,0.14,0.0013
2026-05-07 19:38:11,67,"HSR Layout, Bengaluru",41,0.14,0.0012
2026-05-07 19:37:59,69,"HSR Layout, Bengaluru",42,0.14,0.0012
2026-05-07 19:37:47,72,"HSR Layout, Bengaluru",44,0.14,0.0013
2026-05-07 19:37:35,72,"HSR Layout, Bengaluru",44,0.14,0.0013
2026-05-07 19:37:24,71,"HSR Layout, Bengaluru",43,0.14,0.0013
2026-05-07 19:37:24,71,"HSR Layout, Bengaluru",43,0.14,0.0013
2026-05-07 19:37:23,71,"HSR Layout, Bengaluru",43,0.14,0.0013
2026-05-07 19:37:11,72,"HSR Layout, Bengaluru",44,0.14,0.0013
2026-05-07 19:36:59,72,"HSR Layout, Bengaluru",44,0.14,0.0013
2026-05-07 19:36:47,67,"HSR Layout, Bengaluru",41,0.14,0.0012
2026-05-07 19:36:35,69,"HSR Layout, Bengaluru",42,0.14,0.0012
2026-05-07 19:36:23,69,"HSR Layout, Bengaluru",42,0.14,0.0012
2026-05-07 19:36:11,72,"HSR Layout, Bengaluru",44,0.14,0.0013
2026-05-07 19:35:59,71,"HSR Layout, Bengaluru",43,0.14,0.0013
2026-05-07 19:35:47,72,"HSR Layout, Bengaluru",44,0.14,0.0013
2026-05-07 19:35:35,74,"HSR Layout, Bengaluru",45,0.14,0.0013
2026-05-07 19:35:23,74,"HSR Layout, Bengaluru",45,0.14,0.0013
2026-05-07 19:35:11,81,"HSR Layout, Bengaluru",49,0.14,0.0015
2026-05-07 19:35:05,91,"HSR Layout, Bengaluru",55,0.14,0.0017
2026-05-07 19:35:01,101,"HSR Layout, Bengaluru",61,0.14,0.0019
2026-05-07 19:34:58,124,"HSR Layout, Bengaluru",68,0.14,0.0022
2026-05-07 19:34:55,152,"HSR Layout, Bengaluru",76,0.14,0.0025
2026-05-07 19:34:52,172,"HSR Layout, Bengaluru",82,0.14,0.0027
2026-05-07 19:34:49,189,"HSR Layout, Bengaluru",87,0.14,0.0029
2026-05-07 19:34:46,148,"HSR Layout, Bengaluru",75,0.14,0.0025
2026-05-07 19:34:43,94,"HSR Layout, Bengaluru",57,0.14,0.0018
2026-05-07 19:34:40,76,"HSR Layout, Bengaluru",46,0.14,0.0014
2026-05-07 19:34:28,71,"HSR Layout, Bengaluru",43,0.14,0.0013
2026-05-07 19:34:16,71,"HSR Layout, Bengaluru",43,0.14,0.0013
2026-05-07 19:34:04,69,"HSR Layout, Bengaluru",42,0.14,0.0012
2026-05-07 19:33:52,71,"HSR Layout, Bengaluru",43,0.14,0.0013
2026-05-07 19:33:40,71,"HSR Layout, Bengaluru",43,0.14,0.0013
2026-05-07 19:33:28,71,"HSR Layout, Bengaluru",43,0.14,0.0013
2026-05-07 19:33:16,71,"HSR Layout, Bengaluru",43,0.14,0.0013
2026-05-07 19:33:04,71,"HSR Layout, Bengaluru",43,0.14,0.0013
2026-05-07 19:32:52,69,"HSR Layout, Bengaluru",42,0.14,0.0012
2026-05-07 19:32:40,71,"HSR Layout, Bengaluru",43,0.14,0.0013
2026-05-07 19:32:28,69,"HSR Layout, Bengaluru",42,0.14,0.0012
2026-05-07 19:32:17,71,"HSR Layout, Bengaluru",43,0.14,0.0013
2026-05-07 19:32:17,71,"HSR Layout, Bengaluru",43,0.14,0.0013
2026-05-07 19:32:16,71,"HSR Layout, Bengaluru",43,0.14,0.0013
2026-05-07 19:32:04,71,"HSR Layout, Bengaluru",43,0.14,0.0013
2026-05-07 19:31:52,69,"HSR Layout, Bengaluru",42,0.14,0.0012
2026-05-07 19:31:40,71,"HSR Layout, Bengaluru",43,0.14,0.0013
2026-05-07 19:31:28,71,"HSR Layout, Bengaluru",43,0.14,0.0013
2026-05-07 19:31:16,71,"HSR Layout, Bengaluru",43,0.14,0.0013
2026-05-07 19:31:04,69,"HSR Layout, Bengaluru",42,0.14,0.0012
2026-05-07 19:30:52,71,"HSR Layout, Bengaluru",43,0.14,0.0013
2026-05-07 19:30:40,71,"HSR Layout, Bengaluru",43,0.14,0.0013
2026-05-07 19:30:28,71,"HSR Layout, Bengaluru",43,0.14,0.0013
2026-05-07 19:30:16,72,"HSR Layout, Bengaluru",44,0.14,0.0013
2026-05-07 19:30:04,72,"HSR Layout, Bengaluru",44,0.14,0.0013
2026-05-07 19:29:52,69,"HSR Layout, Bengaluru",42,0.14,0.0012
2026-05-07 19:29:40,72,"HSR Layout, Bengaluru",44,0.14,0.0013
2026-05-07 19:29:28,69,"HSR Layout, Bengaluru",42,0.14,0.0012
2026-05-07 19:29:16,69,"HSR Layout, Bengaluru",42,0.14,0.0012
2026-05-07 19:29:04,71,"HSR Layout, Bengaluru",43,0.14,0.0013
2026-05-07 19:28:52,69,"HSR Layout, Bengaluru",42,0.14,0.0012
2026-05-07 19:28:40,67,"HSR Layout, Bengaluru",41,0.14,0.0012
2026-05-07 19:28:28,72,"HSR Layout, Bengaluru",44,0.14,0.0013
2026-05-07 19:28:16,71,"HSR Layout, Bengaluru",43,0.14,0.0013
2026-05-07 19:28:04,69,"HSR Layout, Bengaluru",42,0.14,0.0012
2026-05-07 19:27:52,66,"HSR Layout, Bengaluru",40,0.14,0.0011
2026-05-07 19:27:40,67,"HSR Layout, Bengaluru",41,0.14,0.0012
2026-05-07 19:27:28,69,"HSR Layout, Bengaluru",42,0.14,0.0012
2026-05-07 19:27:16,71,"HSR Layout, Bengaluru",43,0.14,0.0013
2026-05-07 19:27:05,72,"HSR Layout, Bengaluru",44,0.14,0.0013
2026-05-07 19:27:04,72,"HSR Layout, Bengaluru",44,0.14,0.0013
2026-05-07 19:27:04,72,"HSR Layout, Bengaluru",44,0.14,0.0013
2026-05-07 19:26:52,79,"HSR Layout, Bengaluru",48,0.14,0.0014
2026-05-07 19:26:43,89,"HSR Layout, Bengaluru",54,0.14,0.0017
2026-05-07 19:26:40,100,"HSR Layout, Bengaluru",60,0.14,0.0019
2026-05-07 19:26:37,118,"HSR Layout, Bengaluru",66,0.14,0.0021
2026-05-07 19:26:34,141,"HSR Layout, Bengaluru",73,0.14,0.0024
2026-05-07 19:26:31,159,"HSR Layout, Bengaluru",78,0.14,0.0026
2026-05-07 19:26:28,196,"HSR Layout, Bengaluru",89,0.14,0.0030
2026-05-07 19:26:25,245,"HSR Layout, Bengaluru",104,0.14,0.0036
2026-05-07 19:26:22,293,"HSR Layout, Bengaluru",118,0.14,0.0041
2026-05-07 19:26:19,303,"HSR Layout, Bengaluru",124,0.14,0.0043
2026-05-07 19:26:16,231,"HSR Layout, Bengaluru",100,0.14,0.0034
2026-05-07 19:26:13,131,"HSR Layout, Bengaluru",70,0.14,0.0023
2026-05-07 19:26:10,83,"HSR Layout, Bengaluru",50,0.14,0.0015
2026-05-07 19:26:05,69,"HSR Layout, Bengaluru",42,0.14,0.0012
2026-05-07 19:25:53,67,"HSR Layout, Bengaluru",41,0.14,0.0012
2026-05-07 19:25:41,69,"HSR Layout, Bengaluru",42,0.14,0.0012
2026-05-07 19:25:29,69,"HSR Layout, Bengaluru",42,0.14,0.0012
2026-05-07 19:25:17,71,"HSR Layout, Bengaluru",43,0.14,0.0013
2026-05-07 19:25:05,71,"HSR Layout, Bengaluru",43,0.14,0.0013
2026-05-07 19:24:53,71,"HSR Layout, Bengaluru",43,0.14,0.0013
2026-05-07 19:24:41,72,"HSR Layout, Bengaluru",44,0.14,0.0013
2026-05-07 19:24:29,69,"HSR Layout, Bengaluru",42,0.14,0.0012
2026-05-07 19:24:17,71,"HSR Layout, Bengaluru",43,0.14,0.0013
2026-05-07 19:24:05,69,"HSR Layout, Bengaluru",42,0.14,0.0012
2026-05-07 19:23:53,71,"HSR Layout, Bengaluru",43,0.14,0.0013
2026-05-07 19:23:41,72,"HSR Layout, Bengaluru",44,0.14,0.0013
2026-05-07 19:23:29,71,"HSR Layout, Bengaluru",43,0.14,0.0013
2026-05-07 19:23:17,72,"HSR Layout, Bengaluru",44,0.14,0.0013
2026-05-07 19:23:05,72,"HSR Layout, Bengaluru",44,0.14,0.0013
2026-05-07 19:22:53,72,"HSR Layout, Bengaluru",44,0.14,0.0013
2026-05-07 19:22:41,69,"HSR Layout, Bengaluru",42,0.14,0.0012
2026-05-07 19:22:29,71,"HSR Layout, Bengaluru",43,0.14,0.0013
2026-05-07 19:22:17,69,"HSR Layout, Bengaluru",42,0.14,0.0012
2026-05-07 19:22:05,71,"HSR Layout, Bengaluru",43,0.14,0.0013
2026-05-07 19:21:54,69,"HSR Layout, Bengaluru",42,0.14,0.0012
2026-05-07 19:21:54,69,"HSR Layout, Bengaluru",42,0.14,0.0012
2026-05-07 19:21:53,69,"HSR Layout, Bengaluru",42,0.14,0.0012
2026-05-07 19:21:41,69,"HSR Layout, Bengaluru",42,0.14,0.0012
2026-05-07 19:21:29,67,"HSR Layout, Bengaluru",41,0.14,0.0012
2026-05-07 19:21:17,69,"HSR Layout, Bengaluru",42,0.14,0.0012
2026-05-07 19:21:05,69,"HSR Layout, Bengaluru",42,0.14,0.0012
2026-05-07 19:20:53,69,"HSR Layout, Bengaluru",42,0.14,0.0012
2026-05-07 19:20:41,69,"HSR Layout, Bengaluru",42,0.14,0.0012
2026-05-07 19:20:29,67,"HSR Layout, Bengaluru",41,0.14,0.0012
2026-05-07 19:20:17,71,"HSR Layout, Bengaluru",43,0.14,0.0013
2026-05-07 19:20:05,69,"HSR Layout, Bengaluru",42,0.14,0.0012
2026-05-07 19:19:53,69,"HSR Layout, Bengaluru",42,0.14,0.0012
2026-05-07 19:19:41,69,"HSR Layout, Bengaluru",42,0.14,0.0012
2026-05-07 19:19:29,69,"HSR Layout, Bengaluru",42,0.14,0.0012
2026-05-07 19:19:17,71,"HSR Layout, Bengaluru",43,0.14,0.0013
2026-05-07 19:19:05,71,"HSR Layout, Bengaluru",43,0.14,0.0013
2026-05-07 19:18:53,67,"HSR Layout, Bengaluru",41,0.14,0.0012
2026-05-07 19:18:41,69,"HSR Layout, Bengaluru",42,0.14,0.0012
2026-05-07 19:18:29,69,"HSR Layout, Bengaluru",42,0.14,0.0012
2026-05-07 19:18:17,66,"HSR Layout, Bengaluru",40,0.14,0.0011
2026-05-07 19:18:05,66,"HSR Layout, Bengaluru",40,0.14,0.0011
2026-05-07 19:17:53,67,"HSR Layout, Bengaluru",41,0.14,0.0012
2026-05-07 19:17:41,69,"HSR Layout, Bengaluru",42,0.14,0.0012
2026-05-07 19:17:29,67,"HSR Layout, Bengaluru",41,0.14,0.0012
2026-05-07 19:17:17,66,"HSR Layout, Bengaluru",40,0.14,0.0011
2026-05-07 19:17:05,67,"HSR Layout, Bengaluru",41,0.14,0.0012
2026-05-07 19:16:53,69,"HSR Layout, Bengaluru",42,0.14,0.0012
2026-05-07 19:16:42,69,"HSR Layout, Bengaluru",42,0.14,0.0012
2026-05-07 19:16:42,69,"HSR Layout, Bengaluru",42,0.14,0.0012
2026-05-07 19:16:41,69,"HSR Layout, Bengaluru",42,0.14,0.0012
2026-05-07 19:16:29,71,"HSR Layout, Bengaluru",43,0.14,0.0013
2026-05-07 19:16:17,72,"HSR Layout, Bengaluru",44,0.14,0.0013
2026-05-07 19:16:05,71,"HSR Layout, Bengaluru",43,0.14,0.0013
2026-05-07 19:15:53,67,"HSR Layout, Bengaluru",41,0.14,0.0012
2026-05-07 19:15:41,66,"HSR Layout, Bengaluru",40,0.14,0.0011
2026-05-07 19:15:29,69,"HSR Layout, Bengaluru",42,0.14,0.0012
2026-05-07 19:15:17,71,"HSR Layout, Bengaluru",43,0.14,0.0013
2026-05-07 19:15:05,71,"HSR Layout, Bengaluru",43,0.14,0.0013
2026-05-07 19:14:53,71,"HSR Layout, Bengaluru",43,0.14,0.0013
2026-05-07 19:14:41,71,"HSR Layout, Bengaluru",43,0.14,0.0013
2026-05-07 19:14:29,69,"HSR Layout, Bengaluru",42,0.14,0.0012
2026-05-07 19:14:17,71,"HSR Layout, Bengaluru",43,0.14,0.0013
2026-05-07 19:14:05,67,"HSR Layout, Bengaluru",41,0.14,0.0012
2026-05-07 19:13:53,67,"HSR Layout, Bengaluru",41,0.15,0.0012
2026-05-07 19:13:41,67,"HSR Layout, Bengaluru",41,0.15,0.0012
2026-05-07 19:13:29,69,"HSR Layout, Bengaluru",42,0.15,0.0012
2026-05-07 19:13:17,69,"HSR Layout, Bengaluru",42,0.15,0.0012
2026-05-07 19:13:05,69,"HSR Layout, Bengaluru",42,0.15,0.0012
2026-05-07 19:12:53,67,"HSR Layout, Bengaluru",41,0.15,0.0012
2026-05-07 19:12:41,69,"HSR Layout, Bengaluru",42,0.15,0.0012
2026-05-07 19:12:29,67,"HSR Layout, Bengaluru",41,0.15,0.0012
2026-05-07 19:12:17,67,"HSR Layout, Bengaluru",41,0.15,0.0012
2026-05-07 19:12:05,67,"HSR Layout, Bengaluru",41,0.15,0.0012
2026-05-07 19:11:53,69,"HSR Layout, Bengaluru",42,0.15,0.0012
2026-05-07 19:11:41,69,"HSR Layout, Bengaluru",42,0.15,0.0012
2026-05-07 19:11:29,69,"HSR Layout, Bengaluru",42,0.15,0.0012
2026-05-07 19:11:29,69,"HSR Layout, Bengaluru",42,0.15,0.0012
2026-05-07 19:11:29,69,"HSR Layout, Bengaluru",42,0.15,0.0012
2026-05-07 19:11:29,69,"HSR Layout, Bengaluru",42,0.15,0.0012
2026-05-07 19:11:17,71,"HSR Layout, Bengaluru",43,0.15,0.0013
2026-05-07 19:11:05,71,"HSR Layout, Bengaluru",43,0.15,0.0013
2026-05-07 19:10:53,71,"HSR Layout, Bengaluru",43,0.14,0.0013
2026-05-07 19:10:41,78,"HSR Layout, Bengaluru",47,0.14,0.0014
2026-05-07 19:10:29,71,"HSR Layout, Bengaluru",43,0.14,0.0013
2026-05-07 19:10:17,71,"HSR Layout, Bengaluru",43,0.14,0.0013
2026-05-07 19:10:05,69,"HSR Layout, Bengaluru",42,0.14,0.0012
2026-05-07 19:09:53,69,"HSR Layout, Bengaluru",42,0.15,0.0012
2026-05-07 19:09:41,67,"HSR Layout, Bengaluru",41,0.15,0.0012
2026-05-07 19:09:29,69,"HSR Layout, Bengaluru",42,0.15,0.0012
2026-05-07 19:09:17,71,"HSR Layout, Bengaluru",43,0.15,0.0013
2026-05-07 19:09:05,69,"HSR Layout, Bengaluru",42,0.15,0.0012
2026-05-07 19:08:53,67,"HSR Layout, Bengaluru",41,0.15,0.0012
2026-05-07 19:08:41,69,"HSR Layout, Bengaluru",42,0.15,0.0012
2026-05-07 19:08:29,67,"HSR Layout, Bengaluru",41,0.15,0.0012
2026-05-07 19:08:17,69,"HSR Layout, Bengaluru",42,0.15,0.0012
2026-05-07 19:08:05,69,"HSR Layout, Bengaluru",42,0.15,0.0012
2026-05-07 19:07:53,67,"HSR Layout, Bengaluru",41,0.15,0.0012
2026-05-07 19:07:41,66,"HSR Layout, Bengaluru",40,0.15,0.0011
2026-05-07 19:07:29,67,"HSR Layout, Bengaluru",41,0.15,0.0012
2026-05-07 19:07:17,67,"HSR Layout, Bengaluru",41,0.15,0.0012
2026-05-07 19:07:05,67,"HSR Layout, Bengaluru",41,0.15,0.0012
2026-05-07 19:06:53,69,"HSR Layout, Bengaluru",42,0.14,0.0012
2026-05-07 19:06:41,67,"HSR Layout, Bengaluru",41,0.14,0.0012
2026-05-07 19:06:29,69,"HSR Layout, Bengaluru",42,0.14,0.0012
2026-05-07 19:06:18,69,"HSR Layout, Bengaluru",42,0.14,0.0012
2026-05-07 19:06:18,69,"HSR Layout, Bengaluru",42,0.14,0.0012
2026-05-07 19:06:18,69,"HSR Layout, Bengaluru",42,0.14,0.0012
2026-05-07 19:06:17,69,"HSR Layout, Bengaluru",42,0.14,0.0012
2026-05-07 19:06:05,71,"HSR Layout, Bengaluru",43,0.14,0.0013
2026-05-07 19:05:53,71,"HSR Layout, Bengaluru",43,0.14,0.0013
2026-05-07 19:05:41,69,"HSR Layout, Bengaluru",42,0.14,0.0012
2026-05-07 19:05:29,69,"HSR Layout, Bengaluru",42,0.14,0.0012
2026-05-07 19:05:17,67,"HSR Layout, Bengaluru",41,0.14,0.0012
2026-05-07 19:05:05,67,"HSR Layout, Bengaluru",41,0.14,0.0012
2026-05-07 19:04:53,67,"HSR Layout, Bengaluru",41,0.15,0.0012
2026-05-07 19:04:41,66,"HSR Layout, Bengaluru",40,0.15,0.0011
2026-05-07 19:04:29,67,"HSR Layout, Bengaluru",41,0.15,0.0012
2026-05-07 19:04:17,69,"HSR Layout, Bengaluru",42,0.15,0.0012
2026-05-07 19:04:05,67,"HSR Layout, Bengaluru",41,0.15,0.0012
2026-05-07 19:03:53,72,"HSR Layout, Bengaluru",44,0.15,0.0013
2026-05-07 19:03:41,74,"HSR Layout, Bengaluru",45,0.15,0.0013
2026-05-07 19:03:29,78,"HSR Layout, Bengaluru",47,0.15,0.0014
2026-05-07 19:03:17,71,"HSR Layout, Bengaluru",43,0.15,0.0013
2026-05-07 19:03:05,67,"HSR Layout, Bengaluru",41,0.15,0.0012
2026-05-07 19:02:53,69,"HSR Layout, Bengaluru",42,0.14,0.0012
2026-05-07 19:02:41,67,"HSR Layout, Bengaluru",41,0.14,0.0012
2026-05-07 19:02:29,67,"HSR Layout, Bengaluru",41,0.14,0.0012
2026-05-07 19:02:17,66,"HSR Layout, Bengaluru",40,0.14,0.0011
2026-05-07 19:02:05,67,"HSR Layout, Bengaluru",41,0.14,0.0012
2026-05-07 19:01:53,67,"HSR Layout, Bengaluru",41,0.14,0.0012
2026-05-07 19:01:41,64,"HSR Layout, Bengaluru",39,0.14,0.0011
2026-05-07 19:01:29,67,"HSR Layout, Bengaluru",41,0.14,0.0012
2026-05-07 19:01:17,67,"HSR Layout, Bengaluru",41,0.14,0.0012
2026-05-07 19:01:06,69,"HSR Layout, Bengaluru",42,0.14,0.0012
2026-05-07 19:01:06,69,"HSR Layout, Bengaluru",42,0.14,0.0012
2026-05-07 19:01:05,69,"HSR Layout, Bengaluru",42,0.14,0.0012
2026-05-07 19:01:05,69,"HSR Layout, Bengaluru",42,0.14,0.0012
2026-05-07 19:00:53,67,"HSR Layout, Bengaluru",41,0.14,0.0012
2026-05-07 19:00:41,67,"HSR Layout, Bengaluru",41,0.14,0.0012
2026-05-07 19:00:29,66,"HSR Layout, Bengaluru",40,0.14,0.0011
2026-05-07 19:00:17,69,"HSR Layout, Bengaluru",42,0.14,0.0012
2026-05-07 19:00:05,69,"HSR Layout, Bengaluru",42,0.14,0.0012
2026-05-07 18:59:53,67,"HSR Layout, Bengaluru",41,0.14,0.0012
2026-05-07 18:59:41,67,"HSR Layout, Bengaluru",41,0.14,0.0012
2026-05-07 18:59:29,67,"HSR Layout, Bengaluru",41,0.14,0.0012
2026-05-07 18:59:17,66,"HSR Layout, Bengaluru",40,0.14,0.0011
2026-05-07 18:59:05,64,"HSR Layout, Bengaluru",39,0.14,0.0011
2026-05-07 18:58:53,67,"HSR Layout, Bengaluru",41,0.15,0.0012
2026-05-07 18:58:41,66,"HSR Layout, Bengaluru",40,0.15,0.0011
2026-05-07 18:58:29,64,"HSR Layout, Bengaluru",39,0.15,0.0011
2026-05-07 18:58:17,67,"HSR Layout, Bengaluru",41,0.15,0.0012
2026-05-07 18:58:05,69,"HSR Layout, Bengaluru",42,0.15,0.0012
2026-05-07 18:57:53,66,"HSR Layout, Bengaluru",40,0.14,0.0011
2026-05-07 18:57:41,66,"HSR Layout, Bengaluru",40,0.14,0.0011
2026-05-07 18:57:29,66,"HSR Layout, Bengaluru",40,0.14,0.0011
2026-05-07 18:57:17,67,"HSR Layout, Bengaluru",41,0.14,0.0012
2026-05-07 18:57:05,66,"HSR Layout, Bengaluru",40,0.14,0.0011
2026-05-07 18:56:53,66,"HSR Layout, Bengaluru",40,0.14,0.0011
2026-05-07 18:56:41,66,"HSR Layout, Bengaluru",40,0.14,0.0011
2026-05-07 18:56:29,67,"HSR Layout, Bengaluru",41,0.14,0.0012
2026-05-07 18:56:17,66,"HSR Layout, Bengaluru",40,0.14,0.0011
2026-05-07 18:56:05,66,"HSR Layout, Bengaluru",40,0.14,0.0011
2026-05-07 18:55:54,64,"HSR Layout, Bengaluru",39,0.14,0.0011
2026-05-07 18:55:54,64,"HSR Layout, Bengaluru",39,0.14,0.0011
2026-05-07 18:55:54,64,"HSR Layout, Bengaluru",39,0.14,0.0011
2026-05-07 18:55:53,64,"HSR Layout, Bengaluru",39,0.14,0.0011
2026-05-07 18:55:41,67,"HSR Layout, Bengaluru",41,0.14,0.0012
2026-05-07 18:55:29,66,"HSR Layout, Bengaluru",40,0.14,0.0011
2026-05-07 18:55:17,67,"HSR Layout, Bengaluru",41,0.14,0.0012
2026-05-07 18:55:05,67,"HSR Layout, Bengaluru",41,0.14,0.0012
2026-05-07 18:54:52,66,"HSR Layout, Bengaluru",40,0.14,0.0011
2026-05-07 18:54:40,66,"HSR Layout, Bengaluru",40,0.14,0.0011
2026-05-07 18:54:28,66,"HSR Layout, Bengaluru",40,0.14,0.0011
2026-05-07 18:54:16,67,"HSR Layout, Bengaluru",41,0.14,0.0012
2026-05-07 18:54:04,66,"HSR Layout, Bengaluru",40,0.14,0.0011
2026-05-07 18:53:52,64,"HSR Layout, Bengaluru",39,0.15,0.0011
2026-05-07 18:53:41,64,"HSR Layout, Bengaluru",39,0.15,0.0011
2026-05-07 18:53:28,66,"HSR Layout, Bengaluru",40,0.15,0.0011
2026-05-07 18:53:17,64,"HSR Layout, Bengaluru",39,0.15,0.0011
2026-05-07 18:53:05,67,"HSR Layout, Bengaluru",41,0.15,0.0012
2026-05-07 18:52:53,67,"HSR Layout, Bengaluru",41,0.14,0.0012
2026-05-07 18:52:41,66,"HSR Layout, Bengaluru",40,0.14,0.0011
2026-05-07 18:52:29,62,"HSR Layout, Bengaluru",38,0.14,0.0011
2026-05-07 18:52:17,66,"HSR Layout, Bengaluru",40,0.14,0.0011
2026-05-07 18:52:05,62,"HSR Layout, Bengaluru",38,0.14,0.0011
2026-05-07 18:51:53,64,"HSR Layout, Bengaluru",39,0.14,0.0011
2026-05-07 18:51:41,66,"HSR Layout, Bengaluru",40,0.14,0.0011
2026-05-07 18:51:29,66,"HSR Layout, Bengaluru",40,0.14,0.0011
2026-05-07 18:51:17,66,"HSR Layout, Bengaluru",40,0.14,0.0011
2026-05-07 18:51:05,64,"HSR Layout, Bengaluru",39,0.14,0.0011
2026-05-07 18:50:53,67,"HSR Layout, Bengaluru",41,0.14,0.0012
2026-05-07 18:50:42,64,"HSR Layout, Bengaluru",39,0.14,0.0011
2026-05-07 18:50:42,64,"HSR Layout, Bengaluru",39,0.14,0.0011
2026-05-07 18:50:42,64,"HSR Layout, Bengaluru",39,0.14,0.0011
2026-05-07 18:50:41,64,"HSR Layout, Bengaluru",39,0.14,0.0011
2026-05-07 18:50:29,64,"HSR Layout, Bengaluru",39,0.14,0.0011
2026-05-07 18:50:17,64,"HSR Layout, Bengaluru",39,0.14,0.0011
2026-05-07 18:50:05,62,"HSR Layout, Bengaluru",38,0.14,0.0011
2026-05-07 18:49:53,62,"HSR Layout, Bengaluru",38,0.14,0.0011
2026-05-07 18:49:41,62,"HSR Layout, Bengaluru",38,0.14,0.0011
2026-05-07 18:49:29,66,"HSR Layout, Bengaluru",40,0.14,0.0011
2026-05-07 18:49:17,66,"HSR Layout, Bengaluru",40,0.14,0.0011
2026-05-07 18:49:05,66,"HSR Layout, Bengaluru",40,0.14,0.0011
2026-05-07 18:48:53,67,"HSR Layout, Bengaluru",41,0.14,0.0012
2026-05-07 18:48:41,66,"HSR Layout, Bengaluru",40,0.14,0.0011
2026-05-07 18:48:29,66,"HSR Layout, Bengaluru",40,0.14,0.0011
2026-05-07 18:48:17,66,"HSR Layout, Bengaluru",40,0.14,0.0011
2026-05-07 18:48:05,66,"HSR Layout, Bengaluru",40,0.14,0.0011
2026-05-07 18:47:53,66,"HSR Layout, Bengaluru",40,0.14,0.0011
2026-05-07 18:47:41,64,"HSR Layout, Bengaluru",39,0.14,0.0011
2026-05-07 18:47:29,64,"HSR Layout, Bengaluru",39,0.14,0.0011
2026-05-07 18:47:17,66,"HSR Layout, Bengaluru",40,0.14,0.0011
2026-05-07 18:47:05,66,"HSR Layout, Bengaluru",40,0.14,0.0011
2026-05-07 18:46:53,64,"HSR Layout, Bengaluru",39,0.14,0.0011
2026-05-07 18:46:41,64,"HSR Layout, Bengaluru",39,0.14,0.0011
2026-05-07 18:46:29,64,"HSR Layout, Bengaluru",39,0.14,0.0011
2026-05-07 18:46:17,66,"HSR Layout, Bengaluru",40,0.14,0.0011
2026-05-07 18:46:05,64,"HSR Layout, Bengaluru",39,0.14,0.0011
2026-05-07 18:45:53,62,"HSR Layout, Bengaluru",38,0.14,0.0011
2026-05-07 18:45:41,62,"HSR Layout, Bengaluru",38,0.14,0.0011
2026-05-07 18:45:30,62,"HSR Layout, Bengaluru",38,0.14,0.0011
2026-05-07 18:45:30,62,"HSR Layout, Bengaluru",38,0.14,0.0011
2026-05-07 18:45:29,62,"HSR Layout, Bengaluru",38,0.14,0.0011
2026-05-07 18:45:17,66,"HSR Layout, Bengaluru",40,0.14,0.0011
2026-05-07 18:45:05,66,"HSR Layout, Bengaluru",40,0.14,0.0011
2026-05-07 18:44:53,62,"HSR Layout, Bengaluru",38,0.15,0.0011
2026-05-07 18:44:41,62,"HSR Layout, Bengaluru",38,0.15,0.0011
2026-05-07 18:44:29,62,"HSR Layout, Bengaluru",38,0.15,0.0011
2026-05-07 18:44:17,66,"HSR Layout, Bengaluru",40,0.15,0.0011
2026-05-07 18:44:05,64,"HSR Layout, Bengaluru",39,0.15,0.0011
2026-05-07 18:43:53,64,"HSR Layout, Bengaluru",39,0.15,0.0011
2026-05-07 18:43:41,64,"HSR Layout, Bengaluru",39,0.15,0.0011
2026-05-07 18:43:29,64,"HSR Layout, Bengaluru",39,0.15,0.0011
2026-05-07 18:43:17,64,"HSR Layout, Bengaluru",39,0.15,0.0011
2026-05-07 18:43:05,66,"HSR Layout, Bengaluru",40,0.15,0.0011
2026-05-07 18:42:53,64,"HSR Layout, Bengaluru",39,0.14,0.0011
2026-05-07 18:42:41,64,"HSR Layout, Bengaluru",39,0.14,0.0011
2026-05-07 18:42:29,66,"HSR Layout, Bengaluru",40,0.14,0.0011
2026-05-07 18:42:17,66,"HSR Layout, Bengaluru",40,0.14,0.0011
2026-05-07 18:42:05,64,"HSR Layout, Bengaluru",39,0.14,0.0011
2026-05-07 18:41:53,66,"HSR Layout, Bengaluru",40,0.14,0.0011
2026-05-07 18:41:41,66,"HSR Layout, Bengaluru",40,0.14,0.0011
2026-05-07 18:41:29,64,"HSR Layout, Bengaluru",39,0.14,0.0011
2026-05-07 18:41:17,64,"HSR Layout, Bengaluru",39,0.14,0.0011
2026-05-07 18:41:05,62,"HSR Layout, Bengaluru",38,0.14,0.0011
2026-05-07 18:40:53,64,"HSR Layout, Bengaluru",39,0.15,0.0011
2026-05-07 18:40:41,66,"HSR Layout, Bengaluru",40,0.15,0.0011
2026-05-07 18:40:29,66,"HSR Layout, Bengaluru",40,0.15,0.0011
2026-05-07 18:40:18,66,"HSR Layout, Bengaluru",40,0.15,0.0011
2026-05-07 18:40:18,66,"HSR Layout, Bengaluru",40,0.15,0.0011
2026-05-07 18:40:17,66,"HSR Layout, Bengaluru",40,0.15,0.0011
2026-05-07 18:40:05,62,"HSR Layout, Bengaluru",38,0.15,0.0011
2026-05-07 18:39:53,64,"HSR Layout, Bengaluru",39,0.15,0.0011
2026-05-07 18:39:41,64,"HSR Layout, Bengaluru",39,0.15,0.0011
2026-05-07 18:39:29,62,"HSR Layout, Bengaluru",38,0.15,0.0011
2026-05-07 18:39:17,61,"HSR Layout, Bengaluru",37,0.15,0.0010
2026-05-07 18:39:05,61,"HSR Layout, Bengaluru",37,0.15,0.0010
2026-05-07 18:38:53,62,"HSR Layout, Bengaluru",38,0.15,0.0011
2026-05-07 18:38:41,62,"HSR Layout, Bengaluru",38,0.15,0.0011
2026-05-07 18:38:29,62,"HSR Layout, Bengaluru",38,0.15,0.0011
2026-05-07 18:38:17,61,"HSR Layout, Bengaluru",37,0.15,0.0010
2026-05-07 18:38:05,64,"HSR Layout, Bengaluru",39,0.15,0.0011
2026-05-07 18:37:52,62,"HSR Layout, Bengaluru",38,0.15,0.0011
2026-05-07 18:37:41,64,"HSR Layout, Bengaluru",39,0.15,0.0011
2026-05-07 18:37:29,64,"HSR Layout, Bengaluru",39,0.15,0.0011
2026-05-07 18:37:16,66,"HSR Layout, Bengaluru",40,0.15,0.0011
2026-05-07 18:37:04,67,"HSR Layout, Bengaluru",41,0.15,0.0012
2026-05-07 18:36:53,62,"HSR Layout, Bengaluru",38,0.15,0.0011
2026-05-07 18:36:41,64,"HSR Layout, Bengaluru",39,0.15,0.0011
2026-05-07 18:36:29,62,"HSR Layout, Bengaluru",38,0.15,0.0011
2026-05-07 18:36:17,64,"HSR Layout, Bengaluru",39,0.15,0.0011
2026-05-07 18:36:05,64,"HSR Layout, Bengaluru",39,0.15,0.0011
2026-05-07 18:35:53,62,"HSR Layout, Bengaluru",38,0.15,0.0011
2026-05-07 18:35:41,64,"HSR Layout, Bengaluru",39,0.15,0.0011
2026-05-07 18:35:28,62,"HSR Layout, Bengaluru",38,0.15,0.0011
2026-05-07 18:35:16,62,"HSR Layout, Bengaluru",38,0.15,0.0011
2026-05-07 18:35:06,61,"HSR Layout, Bengaluru",37,0.15,0.0010
2026-05-07 18:35:06,61,"HSR Layout, Bengaluru",37,0.15,0.0010
2026-05-07 18:35:06,61,"HSR Layout, Bengaluru",37,0.15,0.0010
2026-05-07 18:35:05,61,"HSR Layout, Bengaluru",37,0.15,0.0010
2026-05-07 18:34:53,59,"HSR Layout, Bengaluru",36,0.15,0.0010
2026-05-07 18:34:40,62,"HSR Layout, Bengaluru",38,0.15,0.0011
2026-05-07 18:34:28,61,"HSR Layout, Bengaluru",37,0.15,0.0010
2026-05-07 18:34:17,59,"HSR Layout, Bengaluru",36,0.15,0.0010
2026-05-07 18:34:04,61,"HSR Layout, Bengaluru",37,0.15,0.0010
2026-05-07 18:33:52,61,"HSR Layout, Bengaluru",37,0.15,0.0010
2026-05-07 18:33:41,59,"HSR Layout, Bengaluru",36,0.15,0.0010
2026-05-07 18:33:29,57,"HSR Layout, Bengaluru",35,0.15,0.0009
2026-05-07 18:33:16,61,"HSR Layout, Bengaluru",37,0.15,0.0010
2026-05-07 18:33:04,59,"HSR Layout, Bengaluru",36,0.15,0.0010
2026-05-07 18:32:53,59,"HSR Layout, Bengaluru",36,0.14,0.0010
2026-05-07 18:32:41,61,"HSR Layout, Bengaluru",37,0.14,0.0010
2026-05-07 18:32:28,61,"HSR Layout, Bengaluru",37,0.14,0.0010
2026-05-07 18:32:17,59,"HSR Layout, Bengaluru",36,0.14,0.0010
2026-05-07 18:32:05,61,"HSR Layout, Bengaluru",37,0.14,0.0010
2026-05-07 18:31:52,61,"HSR Layout, Bengaluru",37,0.15,0.0010
2026-05-07 18:31:40,62,"HSR Layout, Bengaluru",38,0.15,0.0011
2026-05-07 18:31:28,61,"HSR Layout, Bengaluru",37,0.15,0.0010
2026-05-07 18:31:16,59,"HSR Layout, Bengaluru",36,0.15,0.0010
2026-05-07 18:31:04,62,"HSR Layout, Bengaluru",38,0.15,0.0011
2026-05-07 18:30:52,62,"HSR Layout, Bengaluru",38,0.15,0.0011
2026-05-07 18:30:40,62,"HSR Layout, Bengaluru",38,0.15,0.0011
2026-05-07 18:30:28,61,"HSR Layout, Bengaluru",37,0.15,0.0010
2026-05-07 18:30:16,62,"HSR Layout, Bengaluru",38,0.15,0.0011
2026-05-07 18:30:04,59,"HSR Layout, Bengaluru",36,0.15,0.0010
2026-05-07 18:29:52,57,"HSR Layout, Bengaluru",35,0.15,0.0009
2026-05-07 18:29:40,61,"HSR Layout, Bengaluru",37,0.15,0.0010
2026-05-07 18:29:28,62,"HSR Layout, Bengaluru",38,0.15,0.0011
2026-05-07 18:29:16,62,"HSR Layout, Bengaluru",38,0.15,0.0011
2026-05-07 18:29:04,57,"HSR Layout, Bengaluru",35,0.15,0.0009
2026-05-07 18:28:52,61,"HSR Layout, Bengaluru",37,0.15,0.0010
2026-05-07 18:28:40,59,"HSR Layout, Bengaluru",36,0.15,0.0010
2026-05-07 18:28:28,59,"HSR Layout, Bengaluru",36,0.15,0.0010
2026-05-07 18:28:16,59,"HSR Layout, Bengaluru",36,0.15,0.0010
2026-05-07 18:28:04,59,"HSR Layout, Bengaluru",36,0.15,0.0010
2026-05-07 18:27:52,62,"HSR Layout, Bengaluru",38,0.15,0.0011
2026-05-07 18:27:40,62,"HSR Layout, Bengaluru",38,0.15,0.0011
2026-05-07 18:27:28,59,"HSR Layout, Bengaluru",36,0.15,0.0010
2026-05-07 18:27:16,59,"HSR Layout, Bengaluru",36,0.15,0.0010
2026-05-07 18:27:04,57,"HSR Layout, Bengaluru",35,0.15,0.0009
2026-05-07 18:26:52,59,"HSR Layout, Bengaluru",36,0.15,0.0010
2026-05-07 18:26:40,57,"HSR Layout, Bengaluru",35,0.15,0.0009
2026-05-07 18:26:28,57,"HSR Layout, Bengaluru",35,0.15,0.0009
2026-05-07 18:26:16,59,"HSR Layout, Bengaluru",36,0.15,0.0010
2026-05-07 18:26:04,57,"HSR Layout, Bengaluru",35,0.15,0.0009
2026-05-07 18:25:52,57,"HSR Layout, Bengaluru",35,0.15,0.0009
2026-05-07 18:25:40,59,"HSR Layout, Bengaluru",36,0.15,0.0010
2026-05-07 18:25:28,62,"HSR Layout, Bengaluru",38,0.15,0.0011
2026-05-07 18:25:16,62,"HSR Layout, Bengaluru",38,0.15,0.0011
2026-05-07 18:25:04,61,"HSR Layout, Bengaluru",37,0.15,0.0010
2026-05-07 18:24:54,61,"HSR Layout, Bengaluru",37,0.15,0.0010
2026-05-07 18:24:54,61,"HSR Layout, Bengaluru",37,0.15,0.0010
2026-05-07 18:24:53,61,"HSR Layout, Bengaluru",37,0.15,0.0010
2026-05-07 18:24:40,61,"HSR Layout, Bengaluru",37,0.15,0.0010
2026-05-07 18:24:28,59,"HSR Layout, Bengaluru",36,0.15,0.0010
2026-05-07 18:24:16,59,"HSR Layout, Bengaluru",36,0.15,0.0010
2026-05-07 18:24:04,57,"HSR Layout, Bengaluru",35,0.15,0.0009
2026-05-07 18:23:52,57,"HSR Layout, Bengaluru",35,0.15,0.0009
2026-05-07 18:23:40,57,"HSR Layout, Bengaluru",35,0.15,0.0009
2026-05-07 18:23:28,56,"HSR Layout, Bengaluru",34,0.15,0.0009
2026-05-07 18:23:16,54,"HSR Layout, Bengaluru",33,0.15,0.0009
2026-05-07 18:23:04,57,"HSR Layout, Bengaluru",35,0.15,0.0009
2026-05-07 18:22:52,57,"HSR Layout, Bengaluru",35,0.15,0.0009
2026-05-07 18:22:40,57,"HSR Layout, Bengaluru",35,0.15,0.0009
2026-05-07 18:22:28,56,"HSR Layout, Bengaluru",34,0.15,0.0009
2026-05-07 18:22:16,59,"HSR Layout, Bengaluru",36,0.15,0.0010
2026-05-07 18:22:04,57,"HSR Layout, Bengaluru",35,0.15,0.0009
2026-05-07 18:21:52,61,"HSR Layout, Bengaluru",37,0.15,0.0010
2026-05-07 18:21:40,57,"HSR Layout, Bengaluru",35,0.15,0.0009
2026-05-07 18:21:28,57,"HSR Layout, Bengaluru",35,0.15,0.0009
2026-05-07 18:21:16,57,"HSR Layout, Bengaluru",35,0.15,0.0009
2026-05-07 18:21:04,59,"HSR Layout, Bengaluru",36,0.15,0.0010
2026-05-07 18:20:52,59,"HSR Layout, Bengaluru",36,0.15,0.0010
2026-05-07 18:20:40,57,"HSR Layout, Bengaluru",35,0.15,0.0009
2026-05-07 18:20:28,54,"HSR Layout, Bengaluru",33,0.15,0.0009
2026-05-07 18:20:16,57,"HSR Layout, Bengaluru",35,0.15,0.0009
2026-05-07 18:20:04,61,"HSR Layout, Bengaluru",37,0.15,0.0010
2026-05-07 18:19:52,59,"HSR Layout, Bengaluru",36,0.15,0.0010
2026-05-07 18:19:41,57,"HSR Layout, Bengaluru",35,0.15,0.0009
2026-05-07 18:19:41,57,"HSR Layout, Bengaluru",35,0.15,0.0009
2026-05-07 18:19:41,57,"HSR Layout, Bengaluru",35,0.15,0.0009
2026-05-07 18:19:41,57,"HSR Layout, Bengaluru",35,0.15,0.0009
2026-05-07 18:19:28,57,"HSR Layout, Bengaluru",35,0.15,0.0009
2026-05-07 18:19:16,57,"HSR Layout, Bengaluru",35,0.15,0.0009
2026-05-07 18:19:04,57,"HSR Layout, Bengaluru",35,0.15,0.0009
2026-05-07 18:18:52,57,"HSR Layout, Bengaluru",35,0.15,0.0009
2026-05-07 18:18:40,57,"HSR Layout, Bengaluru",35,0.15,0.0009
2026-05-07 18:18:28,57,"HSR Layout, Bengaluru",35,0.15,0.0009
2026-05-07 18:18:16,57,"HSR Layout, Bengaluru",35,0.15,0.0009
2026-05-07 18:18:04,59,"HSR Layout, Bengaluru",36,0.15,0.0010
2026-05-07 18:17:52,56,"HSR Layout, Bengaluru",34,0.15,0.0009
2026-05-07 18:17:40,56,"HSR Layout, Bengaluru",34,0.15,0.0009
2026-05-07 18:17:28,56,"HSR Layout, Bengaluru",34,0.15,0.0009
2026-05-07 18:17:16,57,"HSR Layout, Bengaluru",35,0.15,0.0009
2026-05-07 18:17:04,57,"HSR Layout, Bengaluru",35,0.15,0.0009
2026-05-07 18:16:52,57,"HSR Layout, Bengaluru",35,0.15,0.0009
2026-05-07 18:16:40,57,"HSR Layout, Bengaluru",35,0.15,0.0009
2026-05-07 18:16:28,59,"HSR Layout, Bengaluru",36,0.15,0.0010
2026-05-07 18:16:16,59,"HSR Layout, Bengaluru",36,0.15,0.0010
2026-05-07 18:16:04,56,"HSR Layout, Bengaluru",34,0.15,0.0009
2026-05-07 18:15:52,57,"HSR Layout, Bengaluru",35,0.15,0.0009
2026-05-07 18:15:40,56,"HSR Layout, Bengaluru",34,0.15,0.0009
2026-05-07 18:15:28,57,"HSR Layout, Bengaluru",35,0.15,0.0009
2026-05-07 18:15:16,54,"HSR Layout, Bengaluru",33,0.15,0.0009
2026-05-07 18:15:04,54,"HSR Layout, Bengaluru",33,0.15,0.0009
2026-05-07 18:14:52,56,"HSR Layout, Bengaluru",34,0.15,0.0009
2026-05-07 18:14:40,54,"HSR Layout, Bengaluru",33,0.15,0.0009
2026-05-07 18:14:30,56,"HSR Layout, Bengaluru",34,0.15,0.0009
2026-05-07 18:14:29,56,"HSR Layout, Bengaluru",34,0.15,0.0009
2026-05-07 18:14:29,56,"HSR Layout, Bengaluru",34,0.15,0.0009
2026-05-07 18:14:16,56,"HSR Layout, Bengaluru",34,0.15,0.0009
2026-05-07 18:14:04,57,"HSR Layout, Bengaluru",35,0.15,0.0009
2026-05-07 18:13:52,59,"HSR Layout, Bengaluru",36,0.15,0.0010
2026-05-07 18:13:40,59,"HSR Layout, Bengaluru",36,0.15,0.0010
2026-05-07 18:13:28,56,"HSR Layout, Bengaluru",34,0.15,0.0009
2026-05-07 18:13:16,59,"HSR Layout, Bengaluru",36,0.15,0.0010
2026-05-07 18:13:04,56,"HSR Layout, Bengaluru",34,0.15,0.0009
2026-05-07 18:12:52,56,"HSR Layout, Bengaluru",34,0.15,0.0009
2026-05-07 18:12:40,56,"HSR Layout, Bengaluru",34,0.15,0.0009
2026-05-07 18:12:28,57,"HSR Layout, Bengaluru",35,0.15,0.0009
2026-05-07 18:12:16,57,"HSR Layout, Bengaluru",35,0.15,0.0009
2026-05-07 18:12:04,57,"HSR Layout, Bengaluru",35,0.15,0.0009
2026-05-07 18:11:52,57,"HSR Layout, Bengaluru",35,0.15,0.0009
2026-05-07 18:11:40,59,"HSR Layout, Bengaluru",36,0.15,0.0010
2026-05-07 18:11:28,59,"HSR Layout, Bengaluru",36,0.15,0.0010
2026-05-07 18:11:16,57,"HSR Layout, Bengaluru",35,0.15,0.0009
2026-05-07 18:11:04,57,"HSR Layout, Bengaluru",35,0.15,0.0009
2026-05-07 18:10:52,57,"HSR Layout, Bengaluru",35,0.15,0.0009
2026-05-07 18:10:40,57,"HSR Layout, Bengaluru",35,0.15,0.0009
2026-05-07 18:10:28,59,"HSR Layout, Bengaluru",36,0.15,0.0010
2026-05-07 18:10:16,56,"HSR Layout, Bengaluru",34,0.15,0.0009
2026-05-07 18:10:04,54,"HSR Layout, Bengaluru",33,0.15,0.0009
2026-05-07 18:09:52,54,"HSR Layout, Bengaluru",33,0.15,0.0009
2026-05-07 18:09:40,56,"HSR Layout, Bengaluru",34,0.15,0.0009
2026-05-07 18:09:28,56,"HSR Layout, Bengaluru",34,0.15,0.0009
2026-05-07 18:09:17,56,"HSR Layout, Bengaluru",34,0.15,0.0009
2026-05-07 18:09:17,56,"HSR Layout, Bengaluru",34,0.15,0.0009
2026-05-07 18:09:17,56,"HSR Layout, Bengaluru",34,0.15,0.0009
2026-05-07 18:09:04,56,"HSR Layout, Bengaluru",34,0.15,0.0009
2026-05-07 18:08:52,56,"HSR Layout, Bengaluru",34,0.15,0.0009
2026-05-07 18:08:40,54,"HSR Layout, Bengaluru",33,0.15,0.0009
2026-05-07 18:08:28,57,"HSR Layout, Bengaluru",35,0.15,0.0009
2026-05-07 18:08:16,56,"HSR Layout, Bengaluru",34,0.15,0.0009
2026-05-07 18:08:04,54,"HSR Layout, Bengaluru",33,0.15,0.0009
2026-05-07 18:07:52,57,"HSR Layout, Bengaluru",35,0.15,0.0009
2026-05-07 18:07:40,57,"HSR Layout, Bengaluru",35,0.15,0.0009
2026-05-07 18:07:28,56,"HSR Layout, Bengaluru",34,0.15,0.0009
2026-05-07 18:07:16,54,"HSR Layout, Bengaluru",33,0.15,0.0009
2026-05-07 18:07:04,52,"HSR Layout, Bengaluru",32,0.15,0.0008
2026-05-07 18:06:52,52,"HSR Layout, Bengaluru",32,0.15,0.0008
2026-05-07 18:06:40,56,"HSR Layout, Bengaluru",34,0.15,0.0009
2026-05-07 18:06:28,57,"HSR Layout, Bengaluru",35,0.15,0.0009
2026-05-07 18:06:16,57,"HSR Layout, Bengaluru",35,0.15,0.0009
2026-05-07 18:06:04,56,"HSR Layout, Bengaluru",34,0.15,0.0009
2026-05-07 18:05:52,57,"HSR Layout, Bengaluru",35,0.15,0.0009
2026-05-07 18:05:40,54,"HSR Layout, Bengaluru",33,0.15,0.0009
2026-05-07 18:05:28,57,"HSR Layout, Bengaluru",35,0.15,0.0009
2026-05-07 18:05:16,56,"HSR Layout, Bengaluru",34,0.15,0.0009
2026-05-07 18:05:04,56,"HSR Layout, Bengaluru",34,0.15,0.0009
2026-05-07 18:04:52,56,"HSR Layout, Bengaluru",34,0.15,0.0009
2026-05-07 18:04:40,56,"HSR Layout, Bengaluru",34,0.15,0.0009
2026-05-07 18:04:28,56,"HSR Layout, Bengaluru",34,0.15,0.0009
2026-05-07 18:04:16,57,"HSR Layout, Bengaluru",35,0.15,0.0009
2026-05-07 18:04:05,57,"HSR Layout, Bengaluru",35,0.15,0.0009
2026-05-07 18:04:05,57,"HSR Layout, Bengaluru",35,0.15,0.0009
2026-05-07 18:04:05,57,"HSR Layout, Bengaluru",35,0.15,0.0009
2026-05-07 18:04:05,57,"HSR Layout, Bengaluru",35,0.15,0.0009
2026-05-07 18:04:05,57,"HSR Layout, Bengaluru",35,0.15,0.0009
2026-05-07 18:03:52,57,"HSR Layout, Bengaluru",35,0.15,0.0009
2026-05-07 18:03:40,57,"HSR Layout, Bengaluru",35,0.15,0.0009
2026-05-07 18:03:28,59,"HSR Layout, Bengaluru",36,0.15,0.0010
2026-05-07 18:03:16,59,"HSR Layout, Bengaluru",36,0.15,0.0010
2026-05-07 18:03:04,57,"HSR Layout, Bengaluru",35,0.15,0.0009
2026-05-07 18:02:52,56,"HSR Layout, Bengaluru",34,0.15,0.0009
2026-05-07 18:02:40,59,"HSR Layout, Bengaluru",36,0.15,0.0010
2026-05-07 18:02:28,59,"HSR Layout, Bengaluru",36,0.15,0.0010
2026-05-07 18:02:16,57,"HSR Layout, Bengaluru",35,0.15,0.0009
2026-05-07 18:02:04,56,"HSR Layout, Bengaluru",34,0.15,0.0009
2026-05-07 18:01:52,57,"HSR Layout, Bengaluru",35,0.15,0.0009
2026-05-07 18:01:40,57,"HSR Layout, Bengaluru",35,0.15,0.0009
2026-05-07 18:01:28,57,"HSR Layout, Bengaluru",35,0.15,0.0009
2026-05-07 18:01:16,57,"HSR Layout, Bengaluru",35,0.15,0.0009
2026-05-07 18:01:04,57,"HSR Layout, Bengaluru",35,0.15,0.0009
2026-05-07 18:00:52,56,"HSR Layout, Bengaluru",34,0.15,0.0009
2026-05-07 18:00:40,57,"HSR Layout, Bengaluru",35,0.15,0.0009
2026-05-07 18:00:28,59,"HSR Layout, Bengaluru",36,0.15,0.0010
2026-05-07 18:00:16,61,"HSR Layout, Bengaluru",37,0.15,0.0010
2026-05-07 18:00:04,67,"HSR Layout, Bengaluru",41,0.15,0.0012
2026-05-07 17:59:52,76,"HSR Layout, Bengaluru",46,0.15,0.0014
2026-05-07 17:59:40,76,"HSR Layout, Bengaluru",46,0.15,0.0014
2026-05-07 17:59:37,66,"HSR Layout, Bengaluru",40,0.15,0.0011
2026-05-07 17:59:30,56,"HSR Layout, Bengaluru",34,0.15,0.0009
2026-05-07 17:59:18,56,"HSR Layout, Bengaluru",34,0.15,0.0009
2026-05-07 17:59:06,57,"HSR Layout, Bengaluru",35,0.15,0.0009
2026-05-07 17:58:57,59,"HSR Layout, Bengaluru",36,0.15,0.0010
2026-05-07 17:58:55,59,"HSR Layout, Bengaluru",36,0.15,0.0010
2026-05-07 17:58:55,59,"HSR Layout, Bengaluru",36,0.15,0.0010
2026-05-07 17:58:55,59,"HSR Layout, Bengaluru",36,0.15,0.0010
2026-05-07 17:58:55,59,"HSR Layout, Bengaluru",36,0.15,0.0010
2026-05-07 17:58:42,57,"HSR Layout, Bengaluru",35,0.15,0.0009
2026-05-07 17:58:30,56,"HSR Layout, Bengaluru",34,0.15,0.0009
2026-05-07 17:58:18,57,"HSR Layout, Bengaluru",35,0.15,0.0009
2026-05-07 17:58:06,54,"HSR Layout, Bengaluru",33,0.15,0.0009
2026-05-07 17:57:54,54,"HSR Layout, Bengaluru",33,0.15,0.0009
2026-05-07 17:57:42,57,"HSR Layout, Bengaluru",35,0.15,0.0009
2026-05-07 17:57:30,56,"HSR Layout, Bengaluru",34,0.15,0.0009
2026-05-07 17:57:18,54,"HSR Layout, Bengaluru",33,0.15,0.0009
2026-05-07 17:57:06,56,"HSR Layout, Bengaluru",34,0.15,0.0009
2026-05-07 17:56:54,57,"HSR Layout, Bengaluru",35,0.15,0.0009
2026-05-07 17:56:42,54,"HSR Layout, Bengaluru",33,0.15,0.0009
2026-05-07 17:56:30,52,"HSR Layout, Bengaluru",32,0.15,0.0008
2026-05-07 17:56:18,52,"HSR Layout, Bengaluru",32,0.15,0.0008
2026-05-07 17:56:06,54,"HSR Layout, Bengaluru",33,0.15,0.0009
2026-05-07 17:55:54,56,"HSR Layout, Bengaluru",34,0.15,0.0009
2026-05-07 17:55:42,52,"HSR Layout, Bengaluru",32,0.15,0.0008
2026-05-07 17:55:30,54,"HSR Layout, Bengaluru",33,0.15,0.0009
2026-05-07 17:55:18,59,"HSR Layout, Bengaluru",36,0.15,0.0010
2026-05-07 17:55:06,59,"HSR Layout, Bengaluru",36,0.15,0.0010
2026-05-07 17:54:54,56,"HSR Layout, Bengaluru",34,0.15,0.0009
2026-05-07 17:54:42,59,"HSR Layout, Bengaluru",36,0.15,0.0010
2026-05-07 17:54:30,64,"HSR Layout, Bengaluru",39,0.15,0.0011
2026-05-07 17:54:19,67,"HSR Layout, Bengaluru",41,0.15,0.0012
2026-05-07 17:54:10,78,"HSR Layout, Bengaluru",47,0.15,0.0014
2026-05-07 17:54:02,88,"HSR Layout, Bengaluru",53,0.15,0.0016
2026-05-07 17:54:00,101,"HSR Layout, Bengaluru",61,0.15,0.0019
2026-05-07 17:53:56,131,"HSR Layout, Bengaluru",70,0.15,0.0023
2026-05-07 17:53:55,162,"HSR Layout, Bengaluru",79,0.15,0.0026
2026-05-07 17:53:52,207,"HSR Layout, Bengaluru",93,0.15,0.0031
2026-05-07 17:53:52,207,"HSR Layout, Bengaluru",93,0.15,0.0031
2026-05-07 17:53:52,207,"HSR Layout, Bengaluru",93,0.15,0.0031
2026-05-07 17:53:51,207,"HSR Layout, Bengaluru",93,0.15,0.0031
2026-05-07 17:53:48,265,"HSR Layout, Bengaluru",110,0.15,0.0038
2026-05-07 17:53:45,305,"HSR Layout, Bengaluru",127,0.15,0.0044
2026-05-07 17:53:42,317,"HSR Layout, Bengaluru",143,0.15,0.0050
2026-05-07 17:53:38,327,"HSR Layout, Bengaluru",156,0.15,0.0055
2026-05-07 17:53:35,289,"HSR Layout, Bengaluru",117,0.15,0.0041
2026-05-07 17:53:32,148,"HSR Layout, Bengaluru",75,0.15,0.0025
2026-05-07 17:53:29,78,"HSR Layout, Bengaluru",47,0.15,0.0014
2026-05-07 17:53:25,57,"HSR Layout, Bengaluru",35,0.15,0.0009
2026-05-07 17:53:12,56,"HSR Layout, Bengaluru",34,0.15,0.0009
2026-05-07 17:53:00,56,"HSR Layout, Bengaluru",34,0.15,0.0009
2026-05-07 17:52:49,56,"HSR Layout, Bengaluru",34,0.15,0.0009
2026-05-07 17:52:36,56,"HSR Layout, Bengaluru",34,0.15,0.0009
2026-05-07 17:52:24,52,"HSR Layout, Bengaluru",32,0.15,0.0008
2026-05-07 17:52:12,54,"HSR Layout, Bengaluru",33,0.15,0.0009
2026-05-07 17:52:00,54,"HSR Layout, Bengaluru",33,0.15,0.0009
2026-05-07 17:51:49,56,"HSR Layout, Bengaluru",34,0.15,0.0009
2026-05-07 17:51:36,56,"HSR Layout, Bengaluru",34,0.15,0.0009
2026-05-07 17:51:24,54,"HSR Layout, Bengaluru",33,0.15,0.0009
2026-05-07 17:51:12,56,"HSR Layout, Bengaluru",34,0.15,0.0009
2026-05-07 17:51:00,57,"HSR Layout, Bengaluru",35,0.15,0.0009
2026-05-07 17:50:49,54,"HSR Layout, Bengaluru",33,0.15,0.0009
2026-05-07 17:50:36,54,"HSR Layout, Bengaluru",33,0.15,0.0009
2026-05-07 17:50:24,57,"HSR Layout, Bengaluru",35,0.15,0.0009
2026-05-07 17:50:12,54,"HSR Layout, Bengaluru",33,0.15,0.0009
2026-05-07 17:50:00,54,"HSR Layout, Bengaluru",33,0.15,0.0009
2026-05-07 17:49:49,51,"HSR Layout, Bengaluru",31,0.15,0.0008
2026-05-07 17:49:36,51,"HSR Layout, Bengaluru",31,0.15,0.0008
2026-05-07 17:49:24,54,"HSR Layout, Bengaluru",33,0.15,0.0009
2026-05-07 17:49:12,52,"HSR Layout, Bengaluru",32,0.15,0.0008
2026-05-07 17:49:00,52,"HSR Layout, Bengaluru",32,0.15,0.0008
2026-05-07 17:48:50,54,"HSR Layout, Bengaluru",33,0.15,0.0009
2026-05-07 17:48:50,54,"HSR Layout, Bengaluru",33,0.15,0.0009
2026-05-07 17:48:50,54,"HSR Layout, Bengaluru",33,0.15,0.0009
2026-05-07 17:48:49,54,"HSR Layout, Bengaluru",33,0.15,0.0009
2026-05-07 17:48:36,56,"HSR Layout, Bengaluru",34,0.15,0.0009
2026-05-07 17:48:24,54,"HSR Layout, Bengaluru",33,0.15,0.0009
2026-05-07 17:48:12,51,"HSR Layout, Bengaluru",31,0.15,0.0008
2026-05-07 17:48:00,52,"HSR Layout, Bengaluru",32,0.15,0.0008
2026-05-07 17:47:49,54,"HSR Layout, Bengaluru",33,0.15,0.0009
2026-05-07 17:47:36,56,"HSR Layout, Bengaluru",34,0.15,0.0009
2026-05-07 17:47:24,54,"HSR Layout, Bengaluru",33,0.15,0.0009
2026-05-07 17:47:12,56,"HSR Layout, Bengaluru",34,0.15,0.0009
2026-05-07 17:47:00,52,"HSR Layout, Bengaluru",32,0.15,0.0008
2026-05-07 17:46:49,56,"HSR Layout, Bengaluru",34,0.15,0.0009
2026-05-07 17:46:37,52,"HSR Layout, Bengaluru",32,0.15,0.0008
2026-05-07 17:46:24,56,"HSR Layout, Bengaluru",34,0.15,0.0009
2026-05-07 17:46:12,54,"HSR Layout, Bengaluru",33,0.15,0.0009
2026-05-07 17:46:00,52,"HSR Layout, Bengaluru",32,0.15,0.0008
2026-05-07 17:45:49,52,"HSR Layout, Bengaluru",32,0.15,0.0008
2026-05-07 17:45:36,54,"HSR Layout, Bengaluru",33,0.15,0.0009
2026-05-07 17:45:24,56,"HSR Layout, Bengaluru",34,0.15,0.0009
2026-05-07 17:45:12,54,"HSR Layout, Bengaluru",33,0.15,0.0009
2026-05-07 17:45:00,54,"HSR Layout, Bengaluru",33,0.15,0.0009
2026-05-07 17:44:48,54,"HSR Layout, Bengaluru",33,0.15,0.0009
2026-05-07 17:44:36,54,"HSR Layout, Bengaluru",33,0.15,0.0009
2026-05-07 17:44:24,54,"HSR Layout, Bengaluru",33,0.15,0.0009
2026-05-07 17:44:12,54,"HSR Layout, Bengaluru",33,0.15,0.0009
2026-05-07 17:44:00,51,"HSR Layout, Bengaluru",31,0.15,0.0008
2026-05-07 17:43:48,52,"HSR Layout, Bengaluru",32,0.15,0.0008
2026-05-07 17:43:37,54,"HSR Layout, Bengaluru",33,0.15,0.0009
2026-05-07 17:43:37,54,"HSR Layout, Bengaluru",33,0.15,0.0009
2026-05-07 17:43:37,54,"HSR Layout, Bengaluru",33,0.15,0.0009
2026-05-07 17:43:37,54,"HSR Layout, Bengaluru",33,0.15,0.0009
2026-05-07 17:43:24,52,"HSR Layout, Bengaluru",32,0.15,0.0008
2026-05-07 17:43:12,54,"HSR Layout, Bengaluru",33,0.15,0.0009
2026-05-07 17:43:01,54,"HSR Layout, Bengaluru",33,0.15,0.0009
2026-05-07 17:42:49,56,"HSR Layout, Bengaluru",34,0.15,0.0009
2026-05-07 17:42:36,54,"HSR Layout, Bengaluru",33,0.15,0.0009
2026-05-07 17:42:24,52,"HSR Layout, Bengaluru",32,0.15,0.0008
2026-05-07 17:42:12,51,"HSR Layout, Bengaluru",31,0.15,0.0008
2026-05-07 17:42:00,51,"HSR Layout, Bengaluru",31,0.15,0.0008
2026-05-07 17:41:49,52,"HSR Layout, Bengaluru",32,0.15,0.0008
2026-05-07 17:41:36,51,"HSR Layout, Bengaluru",31,0.15,0.0008
2026-05-07 17:41:24,51,"HSR Layout, Bengaluru",31,0.15,0.0008
2026-05-07 17:41:12,51,"HSR Layout, Bengaluru",31,0.15,0.0008
2026-05-07 17:41:00,51,"HSR Layout, Bengaluru",31,0.15,0.0008
2026-05-07 17:40:49,52,"HSR Layout, Bengaluru",32,0.15,0.0008
2026-05-07 17:40:37,50,"HSR Layout, Bengaluru",30,0.15,0.0008
2026-05-07 17:40:24,48,"HSR Layout, Bengaluru",29,0.15,0.0007
2026-05-07 17:40:12,51,"HSR Layout, Bengaluru",31,0.15,0.0008
2026-05-07 17:40:00,54,"HSR Layout, Bengaluru",33,0.15,0.0009
2026-05-07 17:39:49,51,"HSR Layout, Bengaluru",31,0.15,0.0008
2026-05-07 17:39:36,52,"HSR Layout, Bengaluru",32,0.15,0.0008
2026-05-07 17:39:24,52,"HSR Layout, Bengaluru",32,0.15,0.0008
2026-05-07 17:39:13,51,"HSR Layout, Bengaluru",31,0.15,0.0008
2026-05-07 17:39:00,52,"HSR Layout, Bengaluru",32,0.15,0.0008
2026-05-07 17:38:49,52,"HSR Layout, Bengaluru",32,0.15,0.0008
2026-05-07 17:38:36,52,"HSR Layout, Bengaluru",32,0.15,0.0008
2026-05-07 17:38:26,51,"HSR Layout, Bengaluru",31,0.15,0.0008
2026-05-07 17:38:26,51,"HSR Layout, Bengaluru",31,0.15,0.0008
2026-05-07 17:38:26,51,"HSR Layout, Bengaluru",31,0.15,0.0008
2026-05-07 17:38:25,51,"HSR Layout, Bengaluru",31,0.15,0.0008
2026-05-07 17:38:12,52,"HSR Layout, Bengaluru",32,0.15,0.0008
2026-05-07 17:38:00,51,"HSR Layout, Bengaluru",31,0.15,0.0008
2026-05-07 17:37:49,52,"HSR Layout, Bengaluru",32,0.15,0.0008
2026-05-07 17:37:36,51,"HSR Layout, Bengaluru",31,0.15,0.0008
2026-05-07 17:37:24,52,"HSR Layout, Bengaluru",32,0.15,0.0008
2026-05-07 17:37:12,54,"HSR Layout, Bengaluru",33,0.15,0.0009
2026-05-07 17:37:00,52,"HSR Layout, Bengaluru",32,0.15,0.0008
2026-05-07 17:36:48,52,"HSR Layout, Bengaluru",32,0.15,0.0008
2026-05-07 17:36:36,51,"HSR Layout, Bengaluru",31,0.15,0.0008
2026-05-07 17:36:24,54,"HSR Layout, Bengaluru",33,0.15,0.0009
2026-05-07 17:36:12,52,"HSR Layout, Bengaluru",32,0.15,0.0008
2026-05-07 17:36:00,54,"HSR Layout, Bengaluru",33,0.15,0.0009
2026-05-07 17:35:49,52,"HSR Layout, Bengaluru",32,0.15,0.0008
2026-05-07 17:35:36,52,"HSR Layout, Bengaluru",32,0.15,0.0008
2026-05-07 17:35:24,52,"HSR Layout, Bengaluru",32,0.15,0.0008
2026-05-07 17:35:12,52,"HSR Layout, Bengaluru",32,0.15,0.0008
2026-05-07 17:35:00,51,"HSR Layout, Bengaluru",31,0.15,0.0008
2026-05-07 17:34:49,51,"HSR Layout, Bengaluru",31,0.15,0.0008
2026-05-07 17:34:36,52,"HSR Layout, Bengaluru",32,0.15,0.0008
2026-05-07 17:34:24,51,"HSR Layout, Bengaluru",31,0.15,0.0008
2026-05-07 17:34:12,52,"HSR Layout, Bengaluru",32,0.15,0.0008
2026-05-07 17:34:00,54,"HSR Layout, Bengaluru",33,0.15,0.0009
2026-05-07 17:33:49,54,"HSR Layout, Bengaluru",33,0.15,0.0009
2026-05-07 17:33:36,51,"HSR Layout, Bengaluru",31,0.15,0.0008
2026-05-07 17:33:24,52,"HSR Layout, Bengaluru",32,0.15,0.0008
2026-05-07 17:33:13,51,"HSR Layout, Bengaluru",31,0.15,0.0008
2026-05-07 17:33:13,51,"HSR Layout, Bengaluru",31,0.15,0.0008
2026-05-07 17:33:13,51,"HSR Layout, Bengaluru",31,0.15,0.0008
2026-05-07 17:33:13,51,"HSR Layout, Bengaluru",31,0.15,0.0008
2026-05-07 17:33:00,52,"HSR Layout, Bengaluru",32,0.15,0.0008
2026-05-07 17:32:49,51,"HSR Layout, Bengaluru",31,0.15,0.0008
2026-05-07 17:32:36,51,"HSR Layout, Bengaluru",31,0.15,0.0008
2026-05-07 17:32:24,52,"HSR Layout, Bengaluru",32,0.15,0.0008
2026-05-07 17:32:12,50,"HSR Layout, Bengaluru",30,0.15,0.0008
2026-05-07 17:32:00,50,"HSR Layout, Bengaluru",30,0.15,0.0008
2026-05-07 17:31:49,52,"HSR Layout, Bengaluru",32,0.15,0.0008
2026-05-07 17:31:36,51,"HSR Layout, Bengaluru",31,0.15,0.0008
2026-05-07 17:31:24,51,"HSR Layout, Bengaluru",31,0.15,0.0008
2026-05-07 17:31:12,51,"HSR Layout, Bengaluru",31,0.15,0.0008
2026-05-07 17:31:00,52,"HSR Layout, Bengaluru",32,0.15,0.0008
2026-05-07 17:30:49,51,"HSR Layout, Bengaluru",31,0.15,0.0008
2026-05-07 17:30:36,52,"HSR Layout, Bengaluru",32,0.15,0.0008
2026-05-07 17:30:24,52,"HSR Layout, Bengaluru",32,0.15,0.0008
2026-05-07 17:30:12,54,"HSR Layout, Bengaluru",33,0.15,0.0009
2026-05-07 17:30:00,52,"HSR Layout, Bengaluru",32,0.15,0.0008
2026-05-07 17:29:49,51,"HSR Layout, Bengaluru",31,0.15,0.0008
2026-05-07 17:29:36,50,"HSR Layout, Bengaluru",30,0.15,0.0008
2026-05-07 17:29:24,51,"HSR Layout, Bengaluru",31,0.15,0.0008
2026-05-07 17:29:12,50,"HSR Layout, Bengaluru",30,0.15,0.0008
2026-05-07 17:29:00,50,"HSR Layout, Bengaluru",30,0.15,0.0008
2026-05-07 17:28:49,48,"HSR Layout, Bengaluru",29,0.16,0.0007
2026-05-07 17:28:36,52,"HSR Layout, Bengaluru",32,0.16,0.0008
2026-05-07 17:28:24,51,"HSR Layout, Bengaluru",31,0.16,0.0008
2026-05-07 17:28:12,51,"HSR Layout, Bengaluru",31,0.16,0.0008
2026-05-07 17:28:01,52,"HSR Layout, Bengaluru",32,0.16,0.0008
2026-05-07 17:28:01,52,"HSR Layout, Bengaluru",32,0.16,0.0008
2026-05-07 17:28:01,52,"HSR Layout, Bengaluru",32,0.16,0.0008
2026-05-07 17:27:48,48,"HSR Layout, Bengaluru",29,0.15,0.0007
2026-05-07 17:27:36,51,"HSR Layout, Bengaluru",31,0.15,0.0008
2026-05-07 17:27:24,51,"HSR Layout, Bengaluru",31,0.15,0.0008
2026-05-07 17:27:12,51,"HSR Layout, Bengaluru",31,0.15,0.0008
2026-05-07 17:27:00,51,"HSR Layout, Bengaluru",31,0.15,0.0008
2026-05-07 17:26:48,50,"HSR Layout, Bengaluru",30,0.15,0.0008
2026-05-07 17:26:36,50,"HSR Layout, Bengaluru",30,0.15,0.0008
2026-05-07 17:26:24,50,"HSR Layout, Bengaluru",30,0.15,0.0008
2026-05-07 17:26:12,48,"HSR Layout, Bengaluru",29,0.15,0.0007
2026-05-07 17:26:00,48,"HSR Layout, Bengaluru",29,0.15,0.0007
2026-05-07 17:25:48,50,"HSR Layout, Bengaluru",30,0.15,0.0008
2026-05-07 17:25:37,50,"HSR Layout, Bengaluru",30,0.15,0.0008
2026-05-07 17:25:24,51,"HSR Layout, Bengaluru",31,0.15,0.0008
2026-05-07 17:25:12,50,"HSR Layout, Bengaluru",30,0.15,0.0008
2026-05-07 17:25:00,52,"HSR Layout, Bengaluru",32,0.15,0.0008
2026-05-07 17:24:48,52,"HSR Layout, Bengaluru",32,0.15,0.0008
2026-05-07 17:24:36,51,"HSR Layout, Bengaluru",31,0.15,0.0008
2026-05-07 17:24:24,50,"HSR Layout, Bengaluru",30,0.15,0.0008
2026-05-07 17:24:12,51,"HSR Layout, Bengaluru",31,0.15,0.0008
2026-05-07 17:24:00,50,"HSR Layout, Bengaluru",30,0.15,0.0008
2026-05-07 17:23:48,51,"HSR Layout, Bengaluru",31,0.15,0.0008
2026-05-07 17:23:36,48,"HSR Layout, Bengaluru",29,0.15,0.0007
2026-05-07 17:23:24,50,"HSR Layout, Bengaluru",30,0.15,0.0008
2026-05-07 17:23:12,48,"HSR Layout, Bengaluru",29,0.15,0.0007
2026-05-07 17:23:00,50,"HSR Layout, Bengaluru",30,0.15,0.0008
2026-05-07 17:22:48,52,"HSR Layout, Bengaluru",32,0.15,0.0008
2026-05-07 17:22:36,52,"HSR Layout, Bengaluru",32,0.15,0.0008
2026-05-07 17:22:24,51,"HSR Layout, Bengaluru",31,0.15,0.0008
2026-05-07 17:22:12,51,"HSR Layout, Bengaluru",31,0.15,0.0008
2026-05-07 17:22:00,52,"HSR Layout, Bengaluru",32,0.15,0.0008
2026-05-07 17:21:48,51,"HSR Layout, Bengaluru",31,0.15,0.0008
2026-05-07 17:21:36,51,"HSR Layout, Bengaluru",31,0.15,0.0008
2026-05-07 17:21:24,50,"HSR Layout, Bengaluru",30,0.15,0.0008
2026-05-07 17:21:12,50,"HSR Layout, Bengaluru",30,0.15,0.0008
2026-05-07 17:21:00,48,"HSR Layout, Bengaluru",29,0.15,0.0007
2026-05-07 17:20:48,51,"HSR Layout, Bengaluru",31,0.15,0.0008
2026-05-07 17:20:36,48,"HSR Layout, Bengaluru",29,0.15,0.0007
2026-05-07 17:20:24,51,"HSR Layout, Bengaluru",31,0.15,0.0008
2026-05-07 17:20:12,51,"HSR Layout, Bengaluru",31,0.15,0.0008
2026-05-07 17:20:00,51,"HSR Layout, Bengaluru",31,0.15,0.0008
2026-05-07 17:19:48,52,"HSR Layout, Bengaluru",32,0.15,0.0008
2026-05-07 17:19:36,52,"HSR Layout, Bengaluru",32,0.15,0.0008
2026-05-07 17:19:24,51,"HSR Layout, Bengaluru",31,0.15,0.0008
2026-05-07 17:19:12,51,"HSR Layout, Bengaluru",31,0.15,0.0008
2026-05-07 17:19:00,52,"HSR Layout, Bengaluru",32,0.15,0.0008
2026-05-07 17:18:48,52,"HSR Layout, Bengaluru",32,0.15,0.0008
2026-05-07 17:18:36,50,"HSR Layout, Bengaluru",30,0.15,0.0008
2026-05-07 17:18:24,50,"HSR Layout, Bengaluru",30,0.15,0.0008
2026-05-07 17:18:12,50,"HSR Layout, Bengaluru",30,0.15,0.0008
2026-05-07 17:18:00,50,"HSR Layout, Bengaluru",30,0.15,0.0008
2026-05-07 17:17:48,50,"HSR Layout, Bengaluru",30,0.15,0.0008
2026-05-07 16:48:36,52,"HSR Layout, Bengaluru",32,0.2,0.0008
2026-05-07 16:48:24,52,"HSR Layout, Bengaluru",32,0.2,0.0008
2026-05-07 16:48:12,52,"HSR Layout, Bengaluru",32,0.2,0.0008
2026-05-07 16:48:00,52,"HSR Layout, Bengaluru",32,0.2,0.0008
2026-05-07 16:47:49,56,"HSR Layout, Bengaluru",34,0.21,0.0009
2026-05-07 16:47:37,54,"HSR Layout, Bengaluru",33,0.21,0.0009
2026-05-07 16:47:24,54,"HSR Layout, Bengaluru",33,0.21,0.0009
2026-05-07 16:47:14,52,"HSR Layout, Bengaluru",32,0.21,0.0008
2026-05-07 16:47:01,54,"HSR Layout, Bengaluru",33,0.21,0.0009
2026-05-07 16:46:48,54,"HSR Layout, Bengaluru",33,0.21,0.0009
2026-05-07 16:46:36,56,"HSR Layout, Bengaluru",34,0.21,0.0009
2026-05-07 16:46:24,54,"HSR Layout, Bengaluru",33,0.21,0.0009
2026-05-07 16:46:12,56,"HSR Layout, Bengaluru",34,0.21,0.0009
2026-05-07 16:46:00,57,"HSR Layout, Bengaluru",35,0.21,0.0009
2026-05-07 16:45:48,57,"HSR Layout, Bengaluru",35,0.21,0.0009
2026-05-07 16:45:36,54,"HSR Layout, Bengaluru",33,0.21,0.0009
2026-05-07 16:45:24,56,"HSR Layout, Bengaluru",34,0.21,0.0009
2026-05-07 16:45:12,56,"HSR Layout, Bengaluru",34,0.21,0.0009
2026-05-07 16:45:00,56,"HSR Layout, Bengaluru",34,0.21,0.0009
2026-05-07 16:44:48,57,"HSR Layout, Bengaluru",35,0.21,0.0009
2026-05-07 16:44:37,59,"HSR Layout, Bengaluru",36,0.21,0.0010
2026-05-07 16:44:37,59,"HSR Layout, Bengaluru",36,0.21,0.0010
2026-05-07 16:44:37,59,"HSR Layout, Bengaluru",36,0.21,0.0010
2026-05-07 16:44:37,59,"HSR Layout, Bengaluru",36,0.21,0.0010
2026-05-07 16:44:24,64,"Koramangala, Bengaluru",39,0.21,0.0011
2026-05-07 16:44:12,69,"Koramangala, Bengaluru",42,0.21,0.0012
2026-05-07 16:44:00,69,"Koramangala, Bengaluru",42,0.21,0.0012
2026-05-07 16:43:48,69,"Koramangala, Bengaluru",42,0.21,0.0012
2026-05-07 16:43:36,62,"Koramangala, Bengaluru",38,0.21,0.0011
2026-05-07 16:43:24,62,"Koramangala, Bengaluru",38,0.21,0.0011
2026-05-07 16:43:12,61,"Koramangala, Bengaluru",37,0.21,0.0010
2026-05-07 16:43:00,64,"Koramangala, Bengaluru",39,0.21,0.0011
2026-05-07 16:42:48,69,"Koramangala, Bengaluru",42,0.21,0.0012
2026-05-07 16:42:36,64,"Koramangala, Bengaluru",39,0.21,0.0011
2026-05-07 16:42:24,67,"Koramangala, Bengaluru",41,0.21,0.0012
2026-05-07 16:42:12,69,"Koramangala, Bengaluru",42,0.21,0.0012
2026-05-07 16:42:00,72,"Koramangala, Bengaluru",44,0.21,0.0013
2026-05-07 16:41:48,72,"Koramangala, Bengaluru",44,0.21,0.0013
2026-05-07 16:41:36,72,"Koramangala, Bengaluru",44,0.21,0.0013
2026-05-07 16:41:24,66,"Koramangala, Bengaluru",40,0.21,0.0011
2026-05-07 16:41:12,69,"Koramangala, Bengaluru",42,0.21,0.0012
2026-05-07 16:41:00,71,"Koramangala, Bengaluru",43,0.21,0.0013
2026-05-07 16:40:48,69,"Koramangala, Bengaluru",42,0.2,0.0012
2026-05-07 16:40:36,66,"Koramangala, Bengaluru",40,0.2,0.0011
2026-05-07 16:40:24,67,"Koramangala, Bengaluru",41,0.2,0.0012
2026-05-07 16:40:12,72,"Koramangala, Bengaluru",44,0.2,0.0013
2026-05-07 16:40:00,76,"Koramangala, Bengaluru",46,0.2,0.0014
2026-05-07 16:39:48,74,"Koramangala, Bengaluru",45,0.21,0.0013
2026-05-07 16:39:36,69,"Koramangala, Bengaluru",42,0.21,0.0012
2026-05-07 16:39:24,62,"Koramangala, Bengaluru",38,0.21,0.0011
2026-05-07 16:39:12,64,"Koramangala, Bengaluru",39,0.21,0.0011
2026-05-07 16:39:00,66,"Koramangala, Bengaluru",40,0.21,0.0011
2026-05-07 16:38:48,69,"Koramangala, Bengaluru",42,0.21,0.0012
2026-05-07 16:38:36,72,"Koramangala, Bengaluru",44,0.21,0.0013
2026-05-07 16:38:24,72,"Koramangala, Bengaluru",44,0.21,0.0013
2026-05-07 16:38:12,69,"Koramangala, Bengaluru",42,0.21,0.0012
2026-05-07 16:38:00,71,"Koramangala, Bengaluru",43,0.21,0.0013
2026-05-07 16:37:48,62,"Koramangala, Bengaluru",38,0.21,0.0011
2026-05-07 16:37:36,62,"Koramangala, Bengaluru",38,0.21,0.0011
2026-05-07 16:37:24,64,"Koramangala, Bengaluru",39,0.21,0.0011
2026-05-07 16:37:12,66,"Koramangala, Bengaluru",40,0.21,0.0011
2026-05-07 16:37:00,66,"Koramangala, Bengaluru",40,0.21,0.0011
2026-05-07 16:36:48,62,"Koramangala, Bengaluru",38,0.21,0.0011
2026-05-07 16:36:36,67,"Koramangala, Bengaluru",41,0.21,0.0012
2026-05-07 16:36:24,66,"Koramangala, Bengaluru",40,0.21,0.0011
2026-05-07 16:36:12,64,"Koramangala, Bengaluru",39,0.21,0.0011
2026-05-07 16:36:00,64,"Koramangala, Bengaluru",39,0.21,0.0011
2026-05-07 16:35:48,62,"Koramangala, Bengaluru",38,0.21,0.0011
2026-05-07 16:35:36,67,"Koramangala, Bengaluru",41,0.21,0.0012
2026-05-07 16:35:24,74,"Koramangala, Bengaluru",45,0.21,0.0013
2026-05-07 16:35:13,74,"Koramangala, Bengaluru",45,0.21,0.0013
2026-05-07 16:35:00,67,"Koramangala, Bengaluru",41,0.21,0.0012
2026-05-07 16:34:48,61,"Koramangala, Bengaluru",37,0.2,0.0010
2026-05-07 16:34:36,61,"Koramangala, Bengaluru",37,0.2,0.0010
2026-05-07 16:34:24,64,"Koramangala, Bengaluru",39,0.2,0.0011
2026-05-07 16:34:13,69,"Koramangala, Bengaluru",42,0.2,0.0012
2026-05-07 16:34:13,69,"Koramangala, Bengaluru",42,0.2,0.0012
2026-05-07 16:34:13,69,"Koramangala, Bengaluru",42,0.2,0.0012
2026-05-07 16:34:12,69,"Koramangala, Bengaluru",42,0.2,0.0012
2026-05-07 16:34:01,69,"Koramangala, Bengaluru",42,0.2,0.0012
2026-05-07 16:33:48,72,"Koramangala, Bengaluru",44,0.21,0.0013
2026-05-07 16:33:36,76,"Koramangala, Bengaluru",46,0.21,0.0014
2026-05-07 16:33:24,81,"Koramangala, Bengaluru",49,0.21,0.0015
2026-05-07 16:33:12,86,"Koramangala, Bengaluru",52,0.21,0.0016
2026-05-07 16:33:01,81,"Koramangala, Bengaluru",49,0.21,0.0015
2026-05-07 16:32:55,69,"Koramangala, Bengaluru",42,0.2,0.0012
2026-05-07 16:32:49,57,"Koramangala, Bengaluru",35,0.2,0.0009
2026-05-07 16:32:37,59,"Koramangala, Bengaluru",36,0.2,0.0010
2026-05-07 16:32:25,59,"Koramangala, Bengaluru",36,0.2,0.0010
2026-05-07 16:32:13,61,"Koramangala, Bengaluru",37,0.2,0.0010
2026-05-07 16:32:01,66,"Koramangala, Bengaluru",40,0.2,0.0011
2026-05-07 16:31:49,66,"Koramangala, Bengaluru",40,0.2,0.0011
2026-05-07 16:31:37,64,"Koramangala, Bengaluru",39,0.2,0.0011
2026-05-07 16:31:25,64,"Koramangala, Bengaluru",39,0.2,0.0011
2026-05-07 16:31:13,62,"Koramangala, Bengaluru",38,0.2,0.0011
2026-05-07 16:31:01,64,"Koramangala, Bengaluru",39,0.2,0.0011
2026-05-07 16:30:49,66,"Koramangala, Bengaluru",40,0.2,0.0011
2026-05-07 16:30:38,67,"Koramangala, Bengaluru",41,0.2,0.0012
2026-05-07 16:30:25,76,"Koramangala, Bengaluru",46,0.2,0.0014
2026-05-07 16:30:14,84,"Koramangala, Bengaluru",51,0.2,0.0016
2026-05-07 16:30:10,96,"Koramangala, Bengaluru",58,0.2,0.0018
2026-05-07 16:30:07,114,"Koramangala, Bengaluru",65,0.2,0.0021
2026-05-07 16:30:04,131,"Koramangala, Bengaluru",70,0.2,0.0023
2026-05-07 16:30:01,165,"Koramangala, Bengaluru",80,0.2,0.0027
2026-05-07 16:29:58,204,"Koramangala, Bengaluru",92,0.2,0.0031
2026-05-07 16:29:55,255,"Koramangala, Bengaluru",107,0.2,0.0037
2026-05-07 16:29:52,304,"Koramangala, Bengaluru",125,0.2,0.0044
2026-05-07 16:29:49,321,"Koramangala, Bengaluru",148,0.2,0.0052
2026-05-07 16:29:46,341,"Koramangala, Bengaluru",174,0.2,0.0062
2026-05-07 16:29:43,352,"Koramangala, Bengaluru",188,0.2,0.0067
2026-05-07 16:29:35,366,"Koramangala, Bengaluru",206,0.2,0.0074
2026-05-07 16:29:32,341,"Koramangala, Bengaluru",174,0.2,0.0062
2026-05-07 16:29:29,313,"Koramangala, Bengaluru",137,0.2,0.0048
2026-05-07 16:29:26,272,"Koramangala, Bengaluru",112,0.2,0.0039
2026-05-07 16:29:23,228,"Koramangala, Bengaluru",99,0.2,0.0034
2026-05-07 16:29:20,259,"Koramangala, Bengaluru",108,0.2,0.0037
2026-05-07 16:29:17,282,"Koramangala, Bengaluru",115,0.2,0.0040
2026-05-07 16:29:14,309,"Koramangala, Bengaluru",132,0.2,0.0046
2026-05-07 16:29:07,320,"Koramangala, Bengaluru",147,0.2,0.0052
2026-05-07 16:29:04,307,"Koramangala, Bengaluru",130,0.2,0.0045
2026-05-07 16:29:01,276,"Viveka Nagar, Bengaluru",113,0.2,0.0039
2026-05-07 16:28:58,238,"Viveka Nagar, Bengaluru",102,0.2,0.0035
2026-05-07 16:28:55,265,"Viveka Nagar, Bengaluru",110,0.2,0.0038
2026-05-07 16:28:52,293,"Viveka Nagar, Bengaluru",118,0.2,0.0041
2026-05-07 16:28:44,308,"Viveka Nagar, Bengaluru",131,0.2,0.0046
2026-05-07 16:28:41,279,"Viveka Nagar, Bengaluru",114,0.2,0.0039
2026-05-07 16:28:38,186,"Viveka Nagar, Bengaluru",86,0.2,0.0029
2026-05-07 16:28:35,98,"Viveka Nagar, Bengaluru",59,0.2,0.0019
2026-05-07 16:28:32,81,"Viveka Nagar, Bengaluru",49,0.2,0.0015
2026-05-07 16:28:28,71,"Viveka Nagar, Bengaluru",43,0.2,0.0013
2026-05-07 16:28:24,61,"Viveka Nagar, Bengaluru",37,0.2,0.0010
2026-05-07 16:28:12,62,"Viveka Nagar, Bengaluru",38,0.2,0.0011
2026-05-07 16:28:00,66,"Viveka Nagar, Bengaluru",40,0.2,0.0011
2026-05-07 16:27:48,66,"Viveka Nagar, Bengaluru",40,0.21,0.0011
2026-05-07 16:27:36,66,"Viveka Nagar, Bengaluru",40,0.21,0.0011
2026-05-07 16:27:24,67,"Viveka Nagar, Bengaluru",41,0.21,0.0012
2026-05-07 16:27:12,74,"Viveka Nagar, Bengaluru",45,0.21,0.0013
2026-05-07 16:27:01,84,"Viveka Nagar, Bengaluru",51,0.21,0.0016
2026-05-07 16:26:49,81,"Viveka Nagar, Bengaluru",49,0.2,0.0015
2026-05-07 16:26:37,84,"Viveka Nagar, Bengaluru",51,0.2,0.0016
2026-05-07 16:26:25,81,"Viveka Nagar, Bengaluru",49,0.2,0.0015
2026-05-07 16:26:16,71,"Viveka Nagar, Bengaluru",43,0.2,0.0013
2026-05-07 16:26:03,72,"Viveka Nagar, Bengaluru",44,0.2,0.0013
2026-05-07 16:25:51,76,"Viveka Nagar, Bengaluru",46,0.2,0.0014
2026-05-07 16:25:39,81,"Viveka Nagar, Bengaluru",49,0.2,0.0015
2026-05-07 16:25:27,78,"Viveka Nagar, Bengaluru",47,0.2,0.0014
2026-05-07 16:25:16,81,"Viveka Nagar, Bengaluru",49,0.2,0.0015
2026-05-07 16:25:06,91,"Viveka Nagar, Bengaluru",55,0.2,0.0017
2026-05-07 16:25:01,101,"Viveka Nagar, Bengaluru",61,0.2,0.0019
2026-05-07 16:24:56,111,"Viveka Nagar, Bengaluru",64,0.2,0.0020
2026-05-07 16:24:44,121,"Viveka Nagar, Bengaluru",67,0.2,0.0022
2026-05-07 16:24:41,131,"Viveka Nagar, Bengaluru",70,0.2,0.0023
2026-05-07 16:24:37,121,"Viveka Nagar, Bengaluru",67,0.2,0.0022
2026-05-07 16:24:26,111,"Viveka Nagar, Bengaluru",64,0.2,0.0020
2026-05-07 16:24:22,124,"Viveka Nagar, Bengaluru",68,0.2,0.0022
2026-05-07 16:24:10,135,"Viveka Nagar, Bengaluru",71,0.2,0.0023
2026-05-07 16:24:08,118,"Viveka Nagar, Bengaluru",66,0.2,0.0021
2026-05-07 16:24:05,104,"Viveka Nagar, Bengaluru",62,0.2,0.0020
2026-05-07 16:24:02,94,"Viveka Nagar, Bengaluru",57,0.2,0.0018
2026-05-07 16:24:02,94,"Viveka Nagar, Bengaluru",57,0.2,0.0018
2026-05-07 16:24:02,94,"Viveka Nagar, Bengaluru",57,0.2,0.0018
2026-05-07 16:24:01,94,"Viveka Nagar, Bengaluru",57,0.2,0.0018
2026-05-07 16:23:57,84,"Victoria Layout, Bengaluru",51,0.2,0.0016
2026-05-07 16:23:51,74,"Victoria Layout, Bengaluru",45,0.2,0.0013
2026-05-07 16:23:39,76,"Victoria Layout, Bengaluru",46,0.2,0.0014
2026-05-07 16:23:27,79,"Victoria Layout, Bengaluru",48,0.2,0.0014
2026-05-07 16:23:15,79,"Victoria Layout, Bengaluru",48,0.2,0.0014
2026-05-07 16:23:08,89,"Victoria Layout, Bengaluru",54,0.2,0.0017
2026-05-07 16:23:03,101,"Victoria Layout, Bengaluru",61,0.2,0.0019
2026-05-07 16:23:00,121,"Victoria Layout, Bengaluru",67,0.2,0.0022
2026-05-07 16:22:57,138,"Victoria Layout, Bengaluru",72,0.21,0.0023
2026-05-07 16:22:54,155,"Victoria Layout, Bengaluru",77,0.21,0.0025
2026-05-07 16:22:51,169,"Victoria Layout, Bengaluru",81,0.21,0.0027
2026-05-07 16:22:46,182,"Victoria Layout, Bengaluru",85,0.21,0.0028
2026-05-07 16:22:43,193,"Victoria Layout, Bengaluru",88,0.21,0.0030
2026-05-07 16:22:31,189,"Victoria Layout, Bengaluru",87,0.21,0.0029
2026-05-07 16:22:27,201,"Victoria Layout, Bengaluru",91,0.21,0.0031
2026-05-07 16:22:21,211,"Victoria Layout, Bengaluru",94,0.21,0.0032
2026-05-07 16:22:18,189,"Victoria Layout, Bengaluru",87,0.21,0.0029
2026-05-07 16:22:15,179,"Victoria Layout, Bengaluru",84,0.21,0.0028
2026-05-07 16:22:12,162,"Victoria Layout, Bengaluru",79,0.21,0.0026
2026-05-07 16:22:09,145,"Victoria Layout, Bengaluru",74,0.21,0.0024
2026-05-07 16:22:06,121,"Victoria Layout, Bengaluru",67,0.21,0.0022
2026-05-07 16:22:03,100,"Victoria Layout, Bengaluru",60,0.21,0.0019
2026-05-07 16:21:59,84,"Victoria Layout, Bengaluru",51,0.21,0.0016
2026-05-07 16:21:48,74,"Victoria Layout, Bengaluru",45,0.2,0.0013
2026-05-07 16:21:41,84,"Victoria Layout, Bengaluru",51,0.2,0.0016
2026-05-07 16:21:29,91,"Victoria Layout, Bengaluru",55,0.2,0.0017
2026-05-07 16:21:18,84,"Victoria Layout, Bengaluru",51,0.2,0.0016
2026-05-07 16:21:08,74,"Victoria Layout, Bengaluru",45,0.2,0.0013
2026-05-07 16:20:56,71,"Victoria Layout, Bengaluru",43,0.2,0.0013
2026-05-07 16:20:44,74,"Victoria Layout, Bengaluru",45,0.2,0.0013
2026-05-07 16:20:32,72,"Victoria Layout, Bengaluru",44,0.2,0.0013
2026-05-07 16:20:20,71,"Victoria Layout, Bengaluru",43,0.2,0.0013
2026-05-07 16:20:09,76,"Victoria Layout, Bengaluru",46,0.2,0.0014
2026-05-07 16:19:57,81,"Victoria Layout, Bengaluru",49,0.2,0.0015
2026-05-07 16:19:48,91,"Victoria Layout, Bengaluru",55,0.2,0.0017
2026-05-07 16:19:45,101,"Victoria Layout, Bengaluru",61,0.2,0.0019
2026-05-07 16:19:42,118,"Victoria Layout, Bengaluru",66,0.2,0.0021
2026-05-07 16:19:39,135,"Victoria Layout, Bengaluru",71,0.2,0.0023
2026-05-07 16:19:35,159,"Victoria Layout, Bengaluru",78,0.2,0.0026
2026-05-07 16:19:33,172,"Victoria Layout, Bengaluru",82,0.2,0.0027
2026-05-07 16:19:30,182,"Victoria Layout, Bengaluru",85,0.2,0.0028
2026-05-07 16:19:26,193,"Victoria Layout, Bengaluru",88,0.2,0.0030
2026-05-07 16:19:22,182,"Victoria Layout, Bengaluru",85,0.2,0.0028
2026-05-07 16:19:10,176,"Victoria Layout, Bengaluru",83,0.2,0.0028
2026-05-07 16:19:07,165,"Victoria Layout, Bengaluru",80,0.2,0.0027
2026-05-07 16:19:04,155,"Victoria Layout, Bengaluru",77,0.2,0.0025
2026-05-07 16:19:01,145,"Victoria Layout, Bengaluru",74,0.2,0.0024
2026-05-07 15:52:13,54,"Shanthala Nagar, Bengaluru",33,0.18,0.0009
2026-05-07 15:52:01,54,"Shanthala Nagar, Bengaluru",33,0.18,0.0009
2026-05-07 15:51:49,52,"Shanthala Nagar, Bengaluru",32,0.18,0.0008
2026-05-07 15:51:37,57,"Shanthala Nagar, Bengaluru",35,0.18,0.0009
2026-05-07 15:51:25,56,"Shanthala Nagar, Bengaluru",34,0.18,0.0009
2026-05-07 15:51:13,54,"Shanthala Nagar, Bengaluru",33,0.18,0.0009
2026-05-07 15:51:01,52,"Shanthala Nagar, Bengaluru",32,0.18,0.0008
2026-05-07 15:50:49,52,"Shanthala Nagar, Bengaluru",32,0.18,0.0008
2026-05-07 15:50:37,52,"Shanthala Nagar, Bengaluru",32,0.18,0.0008
2026-05-07 15:50:25,51,"Shanthala Nagar, Bengaluru",31,0.18,0.0008
2026-05-07 15:50:13,51,"Shanthala Nagar, Bengaluru",31,0.18,0.0008
2026-05-07 15:50:01,54,"Shanthala Nagar, Bengaluru",33,0.18,0.0009
2026-05-07 15:49:49,56,"Shanthala Nagar, Bengaluru",34,0.19,0.0009
2026-05-07 15:49:37,57,"Shanthala Nagar, Bengaluru",35,0.19,0.0009
2026-05-07 15:49:25,56,"Shanthala Nagar, Bengaluru",34,0.19,0.0009
2026-05-07 15:49:13,57,"Shanthala Nagar, Bengaluru",35,0.19,0.0009
2026-05-07 15:49:03,57,"Shanthala Nagar, Bengaluru",35,0.19,0.0009
2026-05-07 15:49:01,56,"Shanthala Nagar, Bengaluru",34,0.18,0.0009
2026-05-07 15:49:01,56,"Shanthala Nagar, Bengaluru",34,0.18,0.0009
2026-05-07 15:48:57,56,"Shanthala Nagar, Bengaluru",34,0.18,0.0009
2026-05-07 15:48:37,56,"Shanthala Nagar, Bengaluru",34,0.18,0.0009
2026-05-07 15:48:25,56,"Shanthala Nagar, Bengaluru",34,0.18,0.0009
2026-05-07 15:48:13,57,"Shanthala Nagar, Bengaluru",35,0.18,0.0009
2026-05-07 15:48:01,57,"Shanthala Nagar, Bengaluru",35,0.18,0.0009
2026-05-07 15:47:49,52,"Shanthala Nagar, Bengaluru",32,0.18,0.0008
2026-05-07 15:47:37,54,"Shanthala Nagar, Bengaluru",33,0.18,0.0009
2026-05-07 15:47:25,54,"Shanthala Nagar, Bengaluru",33,0.18,0.0009
2026-05-07 15:47:13,54,"Shanthala Nagar, Bengaluru",33,0.18,0.0009
2026-05-07 15:47:01,56,"Shanthala Nagar, Bengaluru",34,0.18,0.0009
2026-05-07 15:46:49,56,"Shanthala Nagar, Bengaluru",34,0.18,0.0009
2026-05-07 15:46:37,56,"Shanthala Nagar, Bengaluru",34,0.18,0.0009
2026-05-07 15:46:25,56,"Shanthala Nagar, Bengaluru",34,0.18,0.0009
2026-05-07 15:46:13,57,"Shanthala Nagar, Bengaluru",35,0.18,0.0009
2026-05-07 15:46:01,56,"Shanthala Nagar, Bengaluru",34,0.18,0.0009
2026-05-07 15:45:49,54,"Shanthala Nagar, Bengaluru",33,0.18,0.0009
2026-05-07 15:45:37,52,"Shanthala Nagar, Bengaluru",32,0.18,0.0008
2026-05-07 15:45:25,56,"Shanthala Nagar, Bengaluru",34,0.18,0.0009
2026-05-07 15:45:13,56,"Shanthala Nagar, Bengaluru",34,0.18,0.0009
2026-05-07 15:45:01,57,"Shanthala Nagar, Bengaluru",35,0.18,0.0009
2026-05-07 15:44:49,56,"Shanthala Nagar, Bengaluru",34,0.18,0.0009
2026-05-07 15:44:37,56,"Shanthala Nagar, Bengaluru",34,0.18,0.0009
2026-05-07 15:44:25,57,"Shanthala Nagar, Bengaluru",35,0.18,0.0009
2026-05-07 15:44:13,57,"Shanthala Nagar, Bengaluru",35,0.18,0.0009
2026-05-07 15:44:01,56,"Shanthala Nagar, Bengaluru",34,0.18,0.0009
2026-05-07 15:43:49,57,"Shanthala Nagar, Bengaluru",35,0.18,0.0009
2026-05-07 15:43:38,57,"Shanthala Nagar, Bengaluru",35,0.18,0.0009
2026-05-07 15:43:38,57,"Shanthala Nagar, Bengaluru",35,0.18,0.0009
2026-05-07 15:43:38,57,"Shanthala Nagar, Bengaluru",35,0.18,0.0009
2026-05-07 15:43:38,57,"Shanthala Nagar, Bengaluru",35,0.18,0.0009
2026-05-07 15:43:38,57,"Shanthala Nagar, Bengaluru",35,0.18,0.0009
2026-05-07 15:43:37,56,"Bengaluru, Karnataka",34,0.18,0.0009
2026-05-07 15:43:37,56,"Bengaluru, Karnataka",34,0.18,0.0009
2026-05-07 15:43:13,54,"Shanthala Nagar, Bengaluru",33,0.18,0.0009
2026-05-07 15:43:01,57,"Shanthala Nagar, Bengaluru",35,0.18,0.0009
2026-05-07 15:42:49,57,"Shanthala Nagar, Bengaluru",35,0.18,0.0009
2026-05-07 15:42:37,59,"Shanthala Nagar, Bengaluru",36,0.18,0.0010
2026-05-07 15:42:25,61,"Shanthala Nagar, Bengaluru",37,0.18,0.0010
2026-05-07 15:42:13,59,"Shanthala Nagar, Bengaluru",36,0.18,0.0010
2026-05-07 15:42:01,57,"Shanthala Nagar, Bengaluru",35,0.18,0.0009
2026-05-07 15:41:49,59,"Shanthala Nagar, Bengaluru",36,0.18,0.0010
2026-05-07 15:41:37,57,"Shanthala Nagar, Bengaluru",35,0.18,0.0009
2026-05-07 15:41:25,59,"Shanthala Nagar, Bengaluru",36,0.18,0.0010
2026-05-07 15:41:13,57,"Shanthala Nagar, Bengaluru",35,0.18,0.0009
2026-05-07 15:41:01,57,"Shanthala Nagar, Bengaluru",35,0.18,0.0009
2026-05-07 15:40:49,57,"Shanthala Nagar, Bengaluru",35,0.18,0.0009
2026-05-07 15:40:37,56,"Shanthala Nagar, Bengaluru",34,0.18,0.0009
2026-05-07 15:40:25,57,"Shanthala Nagar, Bengaluru",35,0.18,0.0009
2026-05-07 15:40:13,56,"Shanthala Nagar, Bengaluru",34,0.18,0.0009
2026-05-07 15:40:01,56,"Shanthala Nagar, Bengaluru",34,0.18,0.0009
2026-05-07 15:39:49,54,"Shanthala Nagar, Bengaluru",33,0.18,0.0009
2026-05-07 15:39:37,56,"Shanthala Nagar, Bengaluru",34,0.18,0.0009
2026-05-07 15:39:25,57,"Shanthala Nagar, Bengaluru",35,0.18,0.0009
2026-05-07 15:39:13,56,"Shanthala Nagar, Bengaluru",34,0.18,0.0009
2026-05-07 15:39:01,56,"Shanthala Nagar, Bengaluru",34,0.18,0.0009
2026-05-07 15:38:49,57,"Shanthala Nagar, Bengaluru",35,0.18,0.0009
2026-05-07 15:38:37,56,"Shanthala Nagar, Bengaluru",34,0.18,0.0009
2026-05-07 15:38:25,56,"Shanthala Nagar, Bengaluru",34,0.18,0.0009
2026-05-07 15:38:15,56,"Shanthala Nagar, Bengaluru",34,0.18,0.0009
2026-05-07 15:38:15,56,"Shanthala Nagar, Bengaluru",34,0.18,0.0009
2026-05-07 15:38:15,56,"Shanthala Nagar, Bengaluru",34,0.18,0.0009
2026-05-07 15:38:14,56,"Shanthala Nagar, Bengaluru",34,0.18,0.0009
2026-05-07 15:38:01,56,"Shanthala Nagar, Bengaluru",34,0.18,0.0009
2026-05-07 15:37:49,54,"Shanthala Nagar, Bengaluru",33,0.18,0.0009
2026-05-07 15:37:37,52,"Shanthala Nagar, Bengaluru",32,0.18,0.0008
2026-05-07 15:37:25,52,"Shanthala Nagar, Bengaluru",32,0.18,0.0008
2026-05-07 15:37:13,52,"Shanthala Nagar, Bengaluru",32,0.18,0.0008
2026-05-07 15:37:01,52,"Shanthala Nagar, Bengaluru",32,0.18,0.0008
2026-05-07 15:36:49,54,"Shanthala Nagar, Bengaluru",33,0.18,0.0009
2026-05-07 15:36:37,54,"Shanthala Nagar, Bengaluru",33,0.18,0.0009
2026-05-07 15:36:25,54,"Shanthala Nagar, Bengaluru",33,0.18,0.0009
2026-05-07 15:36:13,54,"Shanthala Nagar, Bengaluru",33,0.18,0.0009
2026-05-07 15:36:01,52,"Shanthala Nagar, Bengaluru",32,0.18,0.0008
2026-05-07 15:35:49,54,"Shanthala Nagar, Bengaluru",33,0.18,0.0009
2026-05-07 15:35:37,57,"Shanthala Nagar, Bengaluru",35,0.18,0.0009
2026-05-07 15:35:25,57,"Shanthala Nagar, Bengaluru",35,0.18,0.0009
2026-05-07 15:35:13,56,"Shanthala Nagar, Bengaluru",34,0.18,0.0009
2026-05-07 15:35:01,59,"Shanthala Nagar, Bengaluru",36,0.18,0.0010
2026-05-07 15:34:49,57,"Shanthala Nagar, Bengaluru",35,0.18,0.0009
2026-05-07 15:34:37,57,"Shanthala Nagar, Bengaluru",35,0.18,0.0009
2026-05-07 15:34:25,57,"Shanthala Nagar, Bengaluru",35,0.18,0.0009
2026-05-07 15:34:13,59,"Shanthala Nagar, Bengaluru",36,0.18,0.0010
2026-05-07 15:34:01,59,"Shanthala Nagar, Bengaluru",36,0.18,0.0010
2026-05-07 15:33:49,57,"Shanthala Nagar, Bengaluru",35,0.18,0.0009
2026-05-07 15:33:37,57,"Shanthala Nagar, Bengaluru",35,0.18,0.0009
2026-05-07 15:33:25,57,"Shanthala Nagar, Bengaluru",35,0.18,0.0009
2026-05-07 15:33:13,59,"Shanthala Nagar, Bengaluru",36,0.18,0.0010
2026-05-07 15:33:02,56,"Shanthala Nagar, Bengaluru",34,0.18,0.0009
2026-05-07 15:33:02,56,"Shanthala Nagar, Bengaluru",34,0.18,0.0009
2026-05-07 15:33:02,56,"Shanthala Nagar, Bengaluru",34,0.18,0.0009
2026-05-07 15:32:49,56,"Shanthala Nagar, Bengaluru",34,0.18,0.0009
2026-05-07 15:32:37,57,"Shanthala Nagar, Bengaluru",35,0.18,0.0009
2026-05-07 15:32:25,56,"Shanthala Nagar, Bengaluru",34,0.18,0.0009
2026-05-07 15:32:13,57,"Shanthala Nagar, Bengaluru",35,0.18,0.0009
2026-05-07 15:32:01,56,"Shanthala Nagar, Bengaluru",34,0.18,0.0009
2026-05-07 15:31:49,57,"Shanthala Nagar, Bengaluru",35,0.18,0.0009
2026-05-07 15:31:37,56,"Shanthala Nagar, Bengaluru",34,0.18,0.0009
2026-05-07 15:31:25,51,"Shanthala Nagar, Bengaluru",31,0.18,0.0008
2026-05-07 15:31:13,52,"Shanthala Nagar, Bengaluru",32,0.18,0.0008
2026-05-07 15:31:01,50,"Shanthala Nagar, Bengaluru",30,0.18,0.0008
2026-05-07 15:30:49,51,"Shanthala Nagar, Bengaluru",31,0.18,0.0008
2026-05-07 15:30:37,54,"Shanthala Nagar, Bengaluru",33,0.18,0.0009
2026-05-07 15:30:25,52,"Shanthala Nagar, Bengaluru",32,0.18,0.0008
2026-05-07 15:30:13,52,"Shanthala Nagar, Bengaluru",32,0.18,0.0008
2026-05-07 15:30:01,52,"Shanthala Nagar, Bengaluru",32,0.18,0.0008
2026-05-07 15:29:49,51,"Shanthala Nagar, Bengaluru",31,0.18,0.0008
2026-05-07 15:29:37,52,"Shanthala Nagar, Bengaluru",32,0.18,0.0008
2026-05-07 15:29:25,52,"Shanthala Nagar, Bengaluru",32,0.18,0.0008
2026-05-07 15:29:13,51,"Shanthala Nagar, Bengaluru",31,0.18,0.0008
2026-05-07 15:29:01,52,"Shanthala Nagar, Bengaluru",32,0.18,0.0008
2026-05-07 15:28:49,51,"Shanthala Nagar, Bengaluru",31,0.18,0.0008
2026-05-07 15:28:37,51,"Shanthala Nagar, Bengaluru",31,0.18,0.0008
2026-05-07 15:28:25,51,"Shanthala Nagar, Bengaluru",31,0.18,0.0008
2026-05-07 15:28:13,51,"Shanthala Nagar, Bengaluru",31,0.18,0.0008
2026-05-07 15:28:01,52,"Shanthala Nagar, Bengaluru",32,0.18,0.0008
2026-05-07 15:27:49,52,"Shanthala Nagar, Bengaluru",32,0.18,0.0008
2026-05-07 15:27:37,52,"Shanthala Nagar, Bengaluru",32,0.18,0.0008
2026-05-07 15:27:25,51,"Shanthala Nagar, Bengaluru",31,0.18,0.0008
2026-05-07 15:27:13,54,"Shanthala Nagar, Bengaluru",33,0.18,0.0009
2026-05-07 15:27:01,50,"Shanthala Nagar, Bengaluru",30,0.18,0.0008
2026-05-07 15:26:49,50,"Shanthala Nagar, Bengaluru",30,0.18,0.0008
2026-05-07 15:26:37,51,"Shanthala Nagar, Bengaluru",31,0.18,0.0008
2026-05-07 15:26:25,51,"Shanthala Nagar, Bengaluru",31,0.18,0.0008
2026-05-07 15:26:13,52,"Shanthala Nagar, Bengaluru",32,0.18,0.0008
2026-05-07 15:26:01,54,"Shanthala Nagar, Bengaluru",33,0.18,0.0009
2026-05-07 15:25:49,51,"Shanthala Nagar, Bengaluru",31,0.18,0.0008
2026-05-07 15:25:37,51,"Shanthala Nagar, Bengaluru",31,0.18,0.0008
2026-05-07 15:25:25,51,"Shanthala Nagar, Bengaluru",31,0.18,0.0008
2026-05-07 15:25:13,51,"Shanthala Nagar, Bengaluru",31,0.18,0.0008
2026-05-07 15:25:01,51,"Shanthala Nagar, Bengaluru",31,0.18,0.0008
2026-05-07 15:24:49,51,"Shanthala Nagar, Bengaluru",31,0.18,0.0008
2026-05-07 15:24:37,52,"Shanthala Nagar, Bengaluru",32,0.18,0.0008
2026-05-07 15:24:25,51,"Shanthala Nagar, Bengaluru",31,0.18,0.0008
2026-05-07 15:24:13,51,"Shanthala Nagar, Bengaluru",31,0.18,0.0008
2026-05-07 15:24:01,52,"Shanthala Nagar, Bengaluru",32,0.18,0.0008
2026-05-07 15:23:49,52,"Shanthala Nagar, Bengaluru",32,0.18,0.0008
2026-05-07 15:23:37,51,"Shanthala Nagar, Bengaluru",31,0.18,0.0008
2026-05-07 15:23:25,52,"Shanthala Nagar, Bengaluru",32,0.18,0.0008
2026-05-07 15:23:13,52,"Shanthala Nagar, Bengaluru",32,0.18,0.0008
2026-05-07 15:23:01,51,"Shanthala Nagar, Bengaluru",31,0.18,0.0008
2026-05-07 15:22:49,51,"Shanthala Nagar, Bengaluru",31,0.18,0.0008
2026-05-07 15:22:37,52,"Shanthala Nagar, Bengaluru",32,0.18,0.0008
2026-05-07 15:22:25,52,"Shanthala Nagar, Bengaluru",32,0.18,0.0008
2026-05-07 15:22:13,54,"Shanthala Nagar, Bengaluru",33,0.18,0.0009
2026-05-07 15:22:01,52,"Shanthala Nagar, Bengaluru",32,0.18,0.0008
2026-05-07 15:21:49,51,"Shanthala Nagar, Bengaluru",31,0.18,0.0008
2026-05-07 15:21:37,50,"Shanthala Nagar, Bengaluru",30,0.18,0.0008
2026-05-07 15:21:25,50,"Shanthala Nagar, Bengaluru",30,0.18,0.0008
2026-05-07 15:21:13,48,"Shanthala Nagar, Bengaluru",29,0.18,0.0007
2026-05-07 15:21:01,52,"Shanthala Nagar, Bengaluru",32,0.18,0.0008
2026-05-07 15:20:49,51,"Shanthala Nagar, Bengaluru",31,0.18,0.0008
2026-05-07 15:20:37,51,"Shanthala Nagar, Bengaluru",31,0.18,0.0008
2026-05-07 15:20:25,50,"Shanthala Nagar, Bengaluru",30,0.18,0.0008
2026-05-07 15:20:13,52,"Shanthala Nagar, Bengaluru",32,0.18,0.0008
2026-05-07 15:20:01,52,"Shanthala Nagar, Bengaluru",32,0.18,0.0008
2026-05-07 15:19:49,51,"Shanthala Nagar, Bengaluru",31,0.18,0.0008
2026-05-07 15:19:37,51,"Shanthala Nagar, Bengaluru",31,0.18,0.0008
2026-05-07 15:19:25,50,"Shanthala Nagar, Bengaluru",30,0.18,0.0008
2026-05-07 15:19:13,52,"Shanthala Nagar, Bengaluru",32,0.18,0.0008
2026-05-07 15:19:01,52,"Shanthala Nagar, Bengaluru",32,0.18,0.0008
2026-05-07 15:18:49,54,"Shanthala Nagar, Bengaluru",33,0.18,0.0009
2026-05-07 15:18:37,52,"Shanthala Nagar, Bengaluru",32,0.18,0.0008
2026-05-07 15:18:25,52,"Shanthala Nagar, Bengaluru",32,0.18,0.0008
2026-05-07 15:18:13,51,"Shanthala Nagar, Bengaluru",31,0.18,0.0008
2026-05-07 15:18:01,51,"Shanthala Nagar, Bengaluru",31,0.18,0.0008
2026-05-07 15:17:49,51,"Shanthala Nagar, Bengaluru",31,0.18,0.0008
2026-05-07 15:17:37,50,"Shanthala Nagar, Bengaluru",30,0.18,0.0008
2026-05-07 15:17:32,50,"Shanthala Nagar, Bengaluru",30,0.18,0.0008
2026-05-07 15:17:32,50,"Shanthala Nagar, Bengaluru",30,0.18,0.0008
2026-05-07 15:17:32,50,"Shanthala Nagar, Bengaluru",30,0.18,0.0008
2026-05-07 15:17:13,51,"Shanthala Nagar, Bengaluru",31,0.18,0.0008
2026-05-07 15:17:01,51,"Shanthala Nagar, Bengaluru",31,0.18,0.0008
2026-05-07 15:16:49,51,"Shanthala Nagar, Bengaluru",31,0.18,0.0008
2026-05-07 15:16:37,51,"Shanthala Nagar, Bengaluru",31,0.18,0.0008
2026-05-07 15:16:25,52,"Shanthala Nagar, Bengaluru",32,0.18,0.0008
2026-05-07 15:16:13,54,"Shanthala Nagar, Bengaluru",33,0.18,0.0009
2026-05-07 15:16:01,51,"Shanthala Nagar, Bengaluru",31,0.18,0.0008
2026-05-07 15:15:49,51,"Shanthala Nagar, Bengaluru",31,0.18,0.0008
2026-05-07 15:15:37,51,"Shanthala Nagar, Bengaluru",31,0.18,0.0008
2026-05-07 15:15:25,48,"Shanthala Nagar, Bengaluru",29,0.18,0.0007
2026-05-07 15:15:13,51,"Shanthala Nagar, Bengaluru",31,0.18,0.0008
2026-05-07 15:15:01,51,"Shanthala Nagar, Bengaluru",31,0.18,0.0008
2026-05-07 15:14:49,51,"Shanthala Nagar, Bengaluru",31,0.18,0.0008
2026-05-07 15:14:37,54,"Shanthala Nagar, Bengaluru",33,0.18,0.0009
2026-05-07 15:14:25,52,"Shanthala Nagar, Bengaluru",32,0.18,0.0008
2026-05-07 15:14:13,51,"Shanthala Nagar, Bengaluru",31,0.18,0.0008
2026-05-07 15:14:01,52,"Shanthala Nagar, Bengaluru",32,0.18,0.0008
2026-05-07 15:13:49,52,"Shanthala Nagar, Bengaluru",32,0.17,0.0008
2026-05-07 15:13:37,52,"Shanthala Nagar, Bengaluru",32,0.17,0.0008
2026-05-07 15:13:25,54,"Shanthala Nagar, Bengaluru",33,0.17,0.0009
2026-05-07 15:13:13,52,"Shanthala Nagar, Bengaluru",32,0.17,0.0008
2026-05-07 15:13:01,51,"Shanthala Nagar, Bengaluru",31,0.17,0.0008
2026-05-07 15:12:49,51,"Shanthala Nagar, Bengaluru",31,0.18,0.0008
2026-05-07 15:12:37,51,"Shanthala Nagar, Bengaluru",31,0.18,0.0008
2026-05-07 15:12:25,52,"Shanthala Nagar, Bengaluru",32,0.18,0.0008
2026-05-07 15:12:21,52,"Shanthala Nagar, Bengaluru",32,0.18,0.0008
2026-05-07 15:12:19,52,"Shanthala Nagar, Bengaluru",32,0.18,0.0008
2026-05-07 15:12:19,52,"Shanthala Nagar, Bengaluru",32,0.18,0.0008
2026-05-07 15:12:01,51,"Shanthala Nagar, Bengaluru",31,0.18,0.0008
2026-05-07 15:11:49,52,"Shanthala Nagar, Bengaluru",32,0.18,0.0008
2026-05-07 15:11:37,54,"Shanthala Nagar, Bengaluru",33,0.18,0.0009
2026-05-07 15:11:25,54,"Shanthala Nagar, Bengaluru",33,0.18,0.0009
2026-05-07 15:11:13,56,"Shanthala Nagar, Bengaluru",34,0.18,0.0009
2026-05-07 15:11:01,52,"Shanthala Nagar, Bengaluru",32,0.18,0.0008
2026-05-07 15:10:49,54,"Shanthala Nagar, Bengaluru",33,0.18,0.0009
2026-05-07 15:10:37,54,"Shanthala Nagar, Bengaluru",33,0.18,0.0009
2026-05-07 15:10:25,52,"Shanthala Nagar, Bengaluru",32,0.18,0.0008
2026-05-07 15:10:13,51,"Shanthala Nagar, Bengaluru",31,0.18,0.0008
2026-05-07 15:10:01,51,"Shanthala Nagar, Bengaluru",31,0.18,0.0008
2026-05-07 15:09:49,51,"Shanthala Nagar, Bengaluru",31,0.18,0.0008
2026-05-07 15:09:37,54,"Shanthala Nagar, Bengaluru",33,0.18,0.0009
2026-05-07 15:09:25,52,"Shanthala Nagar, Bengaluru",32,0.18,0.0008
2026-05-07 15:09:13,52,"Shanthala Nagar, Bengaluru",32,0.18,0.0008
2026-05-07 15:09:01,52,"Shanthala Nagar, Bengaluru",32,0.18,0.0008
2026-05-07 15:08:49,51,"Shanthala Nagar, Bengaluru",31,0.18,0.0008
2026-05-07 15:08:37,54,"Shanthala Nagar, Bengaluru",33,0.18,0.0009
2026-05-07 15:08:25,54,"Shanthala Nagar, Bengaluru",33,0.18,0.0009
2026-05-07 15:08:13,54,"Shanthala Nagar, Bengaluru",33,0.18,0.0009
2026-05-07 15:08:01,56,"Shanthala Nagar, Bengaluru",34,0.18,0.0009
2026-05-07 15:07:49,52,"Shanthala Nagar, Bengaluru",32,0.18,0.0008
2026-05-07 15:07:37,54,"Shanthala Nagar, Bengaluru",33,0.18,0.0009
2026-05-07 15:07:25,52,"Shanthala Nagar, Bengaluru",32,0.18,0.0008
2026-05-07 15:07:13,56,"Shanthala Nagar, Bengaluru",34,0.18,0.0009
2026-05-07 15:07:02,54,"Shanthala Nagar, Bengaluru",33,0.18,0.0009
2026-05-07 15:07:02,54,"Shanthala Nagar, Bengaluru",33,0.18,0.0009
2026-05-07 15:07:02,54,"Shanthala Nagar, Bengaluru",33,0.18,0.0009
2026-05-07 15:07:01,54,"Shanthala Nagar, Bengaluru",33,0.18,0.0009
2026-05-07 15:06:49,52,"Shanthala Nagar, Bengaluru",32,0.18,0.0008
2026-05-07 15:06:37,54,"Shanthala Nagar, Bengaluru",33,0.18,0.0009
2026-05-07 15:06:25,54,"Shanthala Nagar, Bengaluru",33,0.18,0.0009
2026-05-07 15:06:13,52,"Shanthala Nagar, Bengaluru",32,0.18,0.0008
2026-05-07 15:06:01,51,"Shanthala Nagar, Bengaluru",31,0.18,0.0008
2026-05-07 15:05:49,52,"Shanthala Nagar, Bengaluru",32,0.18,0.0008
2026-05-07 15:05:37,54,"Shanthala Nagar, Bengaluru",33,0.18,0.0009
2026-05-07 15:05:25,54,"Shanthala Nagar, Bengaluru",33,0.18,0.0009
2026-05-07 15:05:13,52,"Shanthala Nagar, Bengaluru",32,0.18,0.0008
2026-05-07 15:05:01,54,"Shanthala Nagar, Bengaluru",33,0.18,0.0009
2026-05-07 15:04:49,52,"Shanthala Nagar, Bengaluru",32,0.18,0.0008
2026-05-07 15:04:37,52,"Shanthala Nagar, Bengaluru",32,0.18,0.0008
2026-05-07 15:04:25,52,"Shanthala Nagar, Bengaluru",32,0.18,0.0008
2026-05-07 15:04:13,51,"Shanthala Nagar, Bengaluru",31,0.18,0.0008
2026-05-07 15:04:01,51,"Shanthala Nagar, Bengaluru",31,0.18,0.0008
2026-05-07 15:03:49,51,"Shanthala Nagar, Bengaluru",31,0.18,0.0008
2026-05-07 15:03:37,54,"Shanthala Nagar, Bengaluru",33,0.18,0.0009
2026-05-07 15:03:25,54,"Shanthala Nagar, Bengaluru",33,0.18,0.0009
2026-05-07 15:03:13,52,"Shanthala Nagar, Bengaluru",32,0.18,0.0008
2026-05-07 15:03:01,51,"Shanthala Nagar, Bengaluru",31,0.18,0.0008
2026-05-07 15:02:49,52,"Shanthala Nagar, Bengaluru",32,0.18,0.0008
2026-05-07 15:02:37,56,"Shanthala Nagar, Bengaluru",34,0.18,0.0009
2026-05-07 15:02:25,54,"Shanthala Nagar, Bengaluru",33,0.18,0.0009
2026-05-07 15:02:13,54,"Shanthala Nagar, Bengaluru",33,0.18,0.0009
2026-05-07 15:02:01,51,"Shanthala Nagar, Bengaluru",31,0.18,0.0008
2026-05-07 15:01:50,51,"Shanthala Nagar, Bengaluru",31,0.18,0.0008
2026-05-07 15:01:50,51,"Shanthala Nagar, Bengaluru",31,0.18,0.0008
2026-05-07 15:01:50,51,"Shanthala Nagar, Bengaluru",31,0.18,0.0008
2026-05-07 15:01:50,51,"Shanthala Nagar, Bengaluru",31,0.18,0.0008
2026-05-07 15:01:50,51,"Shanthala Nagar, Bengaluru",31,0.18,0.0008
2026-05-07 15:01:37,56,"Shanthala Nagar, Bengaluru",34,0.18,0.0009
2026-05-07 15:01:25,52,"Shanthala Nagar, Bengaluru",32,0.18,0.0008
2026-05-07 15:01:13,54,"Shanthala Nagar, Bengaluru",33,0.18,0.0009
2026-05-07 15:01:01,52,"Shanthala Nagar, Bengaluru",32,0.18,0.0008
2026-05-07 15:00:49,51,"Shanthala Nagar, Bengaluru",31,0.18,0.0008
2026-05-07 15:00:37,52,"Shanthala Nagar, Bengaluru",32,0.18,0.0008
2026-05-07 15:00:25,52,"Shanthala Nagar, Bengaluru",32,0.18,0.0008
2026-05-07 15:00:13,52,"Shanthala Nagar, Bengaluru",32,0.18,0.0008
2026-05-07 15:00:01,51,"Shanthala Nagar, Bengaluru",31,0.18,0.0008
2026-05-07 14:59:49,52,"Shanthala Nagar, Bengaluru",32,0.18,0.0008
2026-05-07 14:59:37,51,"Shanthala Nagar, Bengaluru",31,0.18,0.0008
2026-05-07 14:59:25,52,"Shanthala Nagar, Bengaluru",32,0.18,0.0008
2026-05-07 14:59:13,51,"Shanthala Nagar, Bengaluru",31,0.18,0.0008
2026-05-07 14:59:01,51,"Shanthala Nagar, Bengaluru",31,0.18,0.0008
2026-05-07 14:58:49,50,"Shanthala Nagar, Bengaluru",30,0.18,0.0008
2026-05-07 14:58:37,48,"Shanthala Nagar, Bengaluru",29,0.18,0.0007
2026-05-07 14:58:25,52,"Shanthala Nagar, Bengaluru",32,0.18,0.0008
2026-05-07 14:58:13,52,"Shanthala Nagar, Bengaluru",32,0.18,0.0008
2026-05-07 14:58:01,54,"Shanthala Nagar, Bengaluru",33,0.18,0.0009
2026-05-07 14:57:49,56,"Shanthala Nagar, Bengaluru",34,0.18,0.0009
2026-05-07 14:57:37,54,"Shanthala Nagar, Bengaluru",33,0.18,0.0009
2026-05-07 14:57:25,54,"Shanthala Nagar, Bengaluru",33,0.18,0.0009
2026-05-07 14:57:13,52,"Shanthala Nagar, Bengaluru",32,0.18,0.0008
2026-05-07 14:57:01,51,"Shanthala Nagar, Bengaluru",31,0.18,0.0008
2026-05-07 14:56:49,52,"Shanthala Nagar, Bengaluru",32,0.18,0.0008
2026-05-07 14:56:43,52,"Shanthala Nagar, Bengaluru",32,0.18,0.0008
2026-05-07 14:56:43,52,"Shanthala Nagar, Bengaluru",32,0.18,0.0008
2026-05-07 14:56:42,52,"Shanthala Nagar, Bengaluru",32,0.18,0.0008
2026-05-07 14:56:25,51,"Shanthala Nagar, Bengaluru",31,0.18,0.0008
2026-05-07 14:56:13,54,"Shanthala Nagar, Bengaluru",33,0.18,0.0009
2026-05-07 14:56:01,54,"Shanthala Nagar, Bengaluru",33,0.18,0.0009
2026-05-07 14:55:49,54,"Shanthala Nagar, Bengaluru",33,0.18,0.0009
2026-05-07 14:55:37,54,"Shanthala Nagar, Bengaluru",33,0.18,0.0009
2026-05-07 14:55:25,51,"Shanthala Nagar, Bengaluru",31,0.18,0.0008
2026-05-07 14:55:15,51,"Shanthala Nagar, Bengaluru",31,0.18,0.0008
2026-05-07 14:55:01,54,"Shanthala Nagar, Bengaluru",33,0.18,0.0009
2026-05-07 14:54:49,52,"Shanthala Nagar, Bengaluru",32,0.18,0.0008
2026-05-07 14:54:37,56,"Shanthala Nagar, Bengaluru",34,0.18,0.0009
2026-05-07 14:54:25,54,"Shanthala Nagar, Bengaluru",33,0.18,0.0009
2026-05-07 14:54:13,57,"Shanthala Nagar, Bengaluru",35,0.18,0.0009
2026-05-07 14:54:01,54,"Shanthala Nagar, Bengaluru",33,0.18,0.0009
2026-05-07 14:53:49,54,"Shanthala Nagar, Bengaluru",33,0.19,0.0009
2026-05-07 14:53:37,52,"Shanthala Nagar, Bengaluru",32,0.19,0.0008
2026-05-07 14:53:25,57,"Shanthala Nagar, Bengaluru",35,0.19,0.0009
2026-05-07 14:53:13,56,"Shanthala Nagar, Bengaluru",34,0.19,0.0009
2026-05-07 14:53:01,56,"Shanthala Nagar, Bengaluru",34,0.19,0.0009
2026-05-07 14:52:49,54,"Shanthala Nagar, Bengaluru",33,0.19,0.0009
2026-05-07 14:52:37,56,"Shanthala Nagar, Bengaluru",34,0.19,0.0009
2026-05-07 14:52:25,56,"Shanthala Nagar, Bengaluru",34,0.19,0.0009
2026-05-07 14:52:13,54,"Shanthala Nagar, Bengaluru",33,0.19,0.0009
2026-05-07 14:52:01,57,"Shanthala Nagar, Bengaluru",35,0.19,0.0009
2026-05-07 14:51:49,56,"Shanthala Nagar, Bengaluru",34,0.19,0.0009
2026-05-07 14:51:37,54,"Shanthala Nagar, Bengaluru",33,0.19,0.0009
2026-05-07 14:51:33,52,"Shanthala Nagar, Bengaluru",32,0.19,0.0008
2026-05-07 14:51:33,52,"Shanthala Nagar, Bengaluru",32,0.19,0.0008
2026-05-07 14:51:33,52,"Shanthala Nagar, Bengaluru",32,0.19,0.0008
2026-05-07 14:51:13,54,"Shanthala Nagar, Bengaluru",33,0.19,0.0009
2026-05-07 14:51:01,51,"Shanthala Nagar, Bengaluru",31,0.19,0.0008
2026-05-07 14:50:49,54,"Shanthala Nagar, Bengaluru",33,0.19,0.0009
2026-05-07 14:50:37,51,"Shanthala Nagar, Bengaluru",31,0.19,0.0008
2026-05-07 14:50:25,56,"Shanthala Nagar, Bengaluru",34,0.19,0.0009
2026-05-07 14:50:13,54,"Shanthala Nagar, Bengaluru",33,0.19,0.0009
2026-05-07 14:50:01,54,"Shanthala Nagar, Bengaluru",33,0.19,0.0009
2026-05-07 14:49:49,52,"Shanthala Nagar, Bengaluru",32,0.19,0.0008
2026-05-07 14:49:37,54,"Shanthala Nagar, Bengaluru",33,0.19,0.0009
2026-05-07 14:49:25,52,"Shanthala Nagar, Bengaluru",32,0.19,0.0008
2026-05-07 14:49:13,52,"Shanthala Nagar, Bengaluru",32,0.19,0.0008
2026-05-07 14:49:01,51,"Shanthala Nagar, Bengaluru",31,0.19,0.0008
2026-05-07 14:48:49,52,"Shanthala Nagar, Bengaluru",32,0.19,0.0008
2026-05-07 14:48:37,54,"Shanthala Nagar, Bengaluru",33,0.19,0.0009
2026-05-07 14:48:25,54,"Shanthala Nagar, Bengaluru",33,0.19,0.0009
2026-05-07 14:48:13,54,"Shanthala Nagar, Bengaluru",33,0.19,0.0009
2026-05-07 14:48:01,52,"Shanthala Nagar, Bengaluru",32,0.19,0.0008
2026-05-07 14:47:49,50,"Shanthala Nagar, Bengaluru",30,0.19,0.0008
2026-05-07 14:47:37,51,"Shanthala Nagar, Bengaluru",31,0.19,0.0008
2026-05-07 14:47:25,54,"Shanthala Nagar, Bengaluru",33,0.19,0.0009
2026-05-07 14:47:13,51,"Shanthala Nagar, Bengaluru",31,0.19,0.0008
2026-05-07 14:47:01,51,"Shanthala Nagar, Bengaluru",31,0.19,0.0008
2026-05-07 14:46:49,52,"Shanthala Nagar, Bengaluru",32,0.18,0.0008
2026-05-07 14:46:37,51,"Shanthala Nagar, Bengaluru",31,0.18,0.0008
2026-05-07 14:46:25,51,"Shanthala Nagar, Bengaluru",31,0.18,0.0008
2026-05-07 14:46:16,52,"Shanthala Nagar, Bengaluru",32,0.18,0.0008
2026-05-07 14:46:13,52,"Shanthala Nagar, Bengaluru",32,0.18,0.0008
2026-05-07 14:46:13,52,"Shanthala Nagar, Bengaluru",32,0.18,0.0008
2026-05-07 14:46:13,52,"Shanthala Nagar, Bengaluru",32,0.18,0.0008
2026-05-07 14:46:01,54,"Shanthala Nagar, Bengaluru",33,0.18,0.0009
2026-05-07 14:45:49,51,"Shanthala Nagar, Bengaluru",31,0.18,0.0008
2026-05-07 14:45:37,51,"Shanthala Nagar, Bengaluru",31,0.18,0.0008
2026-05-07 14:45:25,51,"Shanthala Nagar, Bengaluru",31,0.18,0.0008
2026-05-07 14:45:13,51,"Shanthala Nagar, Bengaluru",31,0.18,0.0008
2026-05-07 14:45:01,56,"Shanthala Nagar, Bengaluru",34,0.18,0.0009
2026-05-07 14:44:49,56,"Shanthala Nagar, Bengaluru",34,0.19,0.0009
2026-05-07 14:44:37,56,"Shanthala Nagar, Bengaluru",34,0.19,0.0009
2026-05-07 14:44:25,59,"Shanthala Nagar, Bengaluru",36,0.19,0.0010
2026-05-07 14:44:13,57,"Shanthala Nagar, Bengaluru",35,0.19,0.0009
2026-05-07 14:44:01,57,"Shanthala Nagar, Bengaluru",35,0.19,0.0009
2026-05-07 14:43:49,56,"Shanthala Nagar, Bengaluru",34,0.18,0.0009
2026-05-07 14:43:37,57,"Shanthala Nagar, Bengaluru",35,0.18,0.0009
2026-05-07 14:43:25,57,"Shanthala Nagar, Bengaluru",35,0.18,0.0009
2026-05-07 14:43:13,56,"Shanthala Nagar, Bengaluru",34,0.18,0.0009
2026-05-07 14:43:01,54,"Shanthala Nagar, Bengaluru",33,0.18,0.0009
2026-05-07 14:42:49,56,"Shanthala Nagar, Bengaluru",34,0.18,0.0009
2026-05-07 14:42:37,54,"Shanthala Nagar, Bengaluru",33,0.18,0.0009
2026-05-07 14:42:26,57,"Shanthala Nagar, Bengaluru",35,0.18,0.0009
2026-05-07 14:42:13,57,"Shanthala Nagar, Bengaluru",35,0.18,0.0009
2026-05-07 14:42:01,56,"Shanthala Nagar, Bengaluru",34,0.18,0.0009
2026-05-07 14:41:49,56,"Shanthala Nagar, Bengaluru",34,0.18,0.0009
2026-05-07 14:41:37,59,"Shanthala Nagar, Bengaluru",36,0.18,0.0010
2026-05-07 14:41:25,59,"Shanthala Nagar, Bengaluru",36,0.18,0.0010
2026-05-07 14:41:13,57,"Shanthala Nagar, Bengaluru",35,0.18,0.0009
2026-05-07 14:41:02,57,"Shanthala Nagar, Bengaluru",35,0.18,0.0009
2026-05-07 14:41:02,57,"Shanthala Nagar, Bengaluru",35,0.18,0.0009
2026-05-07 14:41:02,57,"Shanthala Nagar, Bengaluru",35,0.18,0.0009
2026-05-07 14:40:49,56,"Shanthala Nagar, Bengaluru",34,0.19,0.0009
2026-05-07 14:40:37,57,"Shanthala Nagar, Bengaluru",35,0.19,0.0009
2026-05-07 14:40:25,54,"Shanthala Nagar, Bengaluru",33,0.19,0.0009
2026-05-07 14:40:13,57,"Shanthala Nagar, Bengaluru",35,0.19,0.0009
2026-05-07 14:40:01,59,"Shanthala Nagar, Bengaluru",36,0.19,0.0010
2026-05-07 14:39:50,57,"Shanthala Nagar, Bengaluru",35,0.19,0.0009
2026-05-07 14:39:38,54,"Shanthala Nagar, Bengaluru",33,0.19,0.0009
2026-05-07 14:39:25,51,"Shanthala Nagar, Bengaluru",31,0.19,0.0008
2026-05-07 14:39:13,52,"Shanthala Nagar, Bengaluru",32,0.19,0.0008
2026-05-07 14:39:01,51,"Shanthala Nagar, Bengaluru",31,0.19,0.0008
2026-05-07 14:38:49,52,"Shanthala Nagar, Bengaluru",32,0.2,0.0008
2026-05-07 14:38:37,54,"Shanthala Nagar, Bengaluru",33,0.2,0.0009
2026-05-07 14:38:25,54,"Shanthala Nagar, Bengaluru",33,0.2,0.0009
2026-05-07 14:38:14,54,"Shanthala Nagar, Bengaluru",33,0.2,0.0009
2026-05-07 14:38:01,52,"Shanthala Nagar, Bengaluru",32,0.2,0.0008
2026-05-07 14:37:49,57,"Shanthala Nagar, Bengaluru",35,0.2,0.0009
2026-05-07 14:37:37,56,"Shanthala Nagar, Bengaluru",34,0.2,0.0009
2026-05-07 14:37:25,57,"Shanthala Nagar, Bengaluru",35,0.2,0.0009
2026-05-07 14:37:13,56,"Shanthala Nagar, Bengaluru",34,0.2,0.0009
2026-05-07 14:37:01,56,"Shanthala Nagar, Bengaluru",34,0.2,0.0009
2026-05-07 14:36:49,56,"Shanthala Nagar, Bengaluru",34,0.2,0.0009
2026-05-07 14:36:37,56,"Shanthala Nagar, Bengaluru",34,0.2,0.0009
2026-05-07 14:36:25,59,"Shanthala Nagar, Bengaluru",36,0.2,0.0010
2026-05-07 14:36:13,57,"Shanthala Nagar, Bengaluru",35,0.2,0.0009
2026-05-07 14:36:01,57,"Shanthala Nagar, Bengaluru",35,0.2,0.0009
2026-05-07 14:35:49,56,"Shanthala Nagar, Bengaluru",34,0.21,0.0009
2026-05-07 14:35:37,57,"Shanthala Nagar, Bengaluru",35,0.21,0.0009
2026-05-07 14:35:25,52,"Shanthala Nagar, Bengaluru",32,0.21,0.0008
2026-05-07 14:35:13,52,"Shanthala Nagar, Bengaluru",32,0.21,0.0008
2026-05-07 14:35:01,51,"Shanthala Nagar, Bengaluru",31,0.21,0.0008
2026-05-07 14:34:49,61,"Shanthala Nagar, Bengaluru",37,0.23,0.0010
2026-05-07 14:34:37,57,"Shanthala Nagar, Bengaluru",35,0.23,0.0009
2026-05-07 14:34:25,54,"Shanthala Nagar, Bengaluru",33,0.23,0.0009
2026-05-07 14:34:13,56,"Shanthala Nagar, Bengaluru",34,0.23,0.0009
2026-05-07 14:34:02,57,"Shanthala Nagar, Bengaluru",35,0.23,0.0009
2026-05-07 14:33:49,62,"Shanthala Nagar, Bengaluru",38,0.24,0.0011
2026-05-07 14:33:37,64,"Shanthala Nagar, Bengaluru",39,0.24,0.0011
2026-05-07 14:33:25,62,"Shanthala Nagar, Bengaluru",38,0.24,0.0011
2026-05-07 14:33:13,66,"Shanthala Nagar, Bengaluru",40,0.24,0.0011
2026-05-07 14:33:01,64,"Shanthala Nagar, Bengaluru",39,0.24,0.0011
2026-05-07 14:32:49,64,"Shanthala Nagar, Bengaluru",39,0.23,0.0011
2026-05-07 14:32:37,62,"Shanthala Nagar, Bengaluru",38,0.23,0.0011
2026-05-07 14:32:25,62,"Shanthala Nagar, Bengaluru",38,0.23,0.0011
2026-05-07 14:32:13,59,"Shanthala Nagar, Bengaluru",36,0.23,0.0010
2026-05-07 14:32:01,59,"Shanthala Nagar, Bengaluru",36,0.23,0.0010
2026-05-07 14:31:49,59,"Shanthala Nagar, Bengaluru",36,0.23,0.0010
2026-05-07 14:31:37,61,"Shanthala Nagar, Bengaluru",37,0.23,0.0010
2026-05-07 14:31:25,66,"Shanthala Nagar, Bengaluru",40,0.23,0.0011
2026-05-07 14:31:14,66,"Shanthala Nagar, Bengaluru",40,0.23,0.0011
2026-05-07 14:31:01,61,"Shanthala Nagar, Bengaluru",37,0.23,0.0010
2026-05-07 14:30:49,62,"Shanthala Nagar, Bengaluru",38,0.23,0.0011
2026-05-07 14:30:38,66,"Shanthala Nagar, Bengaluru",40,0.23,0.0011
2026-05-07 14:30:25,69,"Richmond Town, Bengaluru",42,0.23,0.0012
2026-05-07 14:30:13,66,"Richmond Town, Bengaluru",40,0.23,0.0011
2026-05-07 14:30:01,64,"Richmond Town, Bengaluru",39,0.23,0.0011
2026-05-07 14:29:49,64,"Richmond Town, Bengaluru",39,0.23,0.0011
2026-05-07 14:29:37,66,"Richmond Town, Bengaluru",40,0.23,0.0011
2026-05-07 14:29:25,72,"Richmond Town, Bengaluru",44,0.23,0.0013
2026-05-07 14:29:13,76,"Richmond Town, Bengaluru",46,0.23,0.0014
2026-05-07 14:29:01,72,"Richmond Town, Bengaluru",44,0.23,0.0013
2026-05-07 14:28:50,62,"Richmond Town, Bengaluru",38,0.23,0.0011
2026-05-07 14:28:38,67,"Richmond Town, Bengaluru",41,0.23,0.0012
2026-05-07 14:28:27,74,"Richmond Town, Bengaluru",45,0.23,0.0013
2026-05-07 14:28:17,84,"Richmond Town, Bengaluru",51,0.23,0.0016
2026-05-07 14:28:04,78,"Richmond Town, Bengaluru",47,0.23,0.0014
2026-05-07 14:27:58,67,"Richmond Town, Bengaluru",41,0.23,0.0012
2026-05-07 14:27:46,67,"Richmond Town, Bengaluru",41,0.23,0.0012
2026-05-07 14:27:34,71,"Richmond Town, Bengaluru",43,0.23,0.0013
2026-05-07 14:27:22,72,"Richmond Town, Bengaluru",44,0.23,0.0013
2026-05-07 14:27:10,72,"Richmond Town, Bengaluru",44,0.23,0.0013
2026-05-07 14:26:59,83,"Richmond Town, Bengaluru",50,0.23,0.0015
2026-05-07 14:26:48,84,"Richmond Town, Bengaluru",51,0.23,0.0016
2026-05-07 14:26:38,72,"Richmond Town, Bengaluru",44,0.23,0.0013
2026-05-07 14:26:27,62,"Richmond Town, Bengaluru",38,0.23,0.0011
2026-05-07 14:26:15,64,"Richmond Town, Bengaluru",39,0.23,0.0011
2026-05-07 14:26:04,71,"Richmond Town, Bengaluru",43,0.23,0.0013
2026-05-07 14:25:51,74,"Richmond Town, Bengaluru",45,0.23,0.0013
2026-05-07 14:25:39,83,"Richmond Town, Bengaluru",50,0.23,0.0015
2026-05-07 14:25:29,83,"Richmond Town, Bengaluru",50,0.23,0.0015
2026-05-07 14:25:15,74,"Richmond Town, Bengaluru",45,0.23,0.0013
2026-05-07 14:25:04,71,"Richmond Town, Bengaluru",43,0.23,0.0013
2026-05-07 14:24:53,69,"Richmond Town, Bengaluru",42,0.23,0.0012
2026-05-07 14:24:39,62,"Richmond Town, Bengaluru",38,0.23,0.0011
2026-05-07 14:24:28,57,"Richmond Town, Bengaluru",35,0.23,0.0009
2026-05-07 14:24:15,57,"Richmond Town, Bengaluru",35,0.23,0.0009
2026-05-07 14:24:03,57,"Richmond Town, Bengaluru",35,0.23,0.0009
2026-05-07 14:23:51,59,"Richmond Town, Bengaluru",36,0.22,0.0010
2026-05-07 14:23:40,59,"Richmond Town, Bengaluru",36,0.22,0.0010
2026-05-07 14:23:27,57,"Richmond Town, Bengaluru",35,0.22,0.0009
2026-05-07 14:23:15,56,"Richmond Town, Bengaluru",34,0.22,0.0009
2026-05-07 14:23:04,54,"Richmond Town, Bengaluru",33,0.22,0.0009
2026-05-07 14:22:51,56,"Richmond Town, Bengaluru",34,0.22,0.0009
2026-05-07 14:22:40,56,"Richmond Town, Bengaluru",34,0.22,0.0009
2026-05-07 14:22:27,56,"Richmond Town, Bengaluru",34,0.22,0.0009
2026-05-07 14:22:15,57,"Richmond Town, Bengaluru",35,0.22,0.0009
2026-05-07 14:22:04,57,"Richmond Town, Bengaluru",35,0.22,0.0009
2026-05-07 14:21:51,56,"Richmond Town, Bengaluru",34,0.21,0.0009
2026-05-07 14:21:40,57,"Richmond Town, Bengaluru",35,0.21,0.0009
2026-05-07 14:21:27,54,"Richmond Town, Bengaluru",33,0.21,0.0009
2026-05-07 14:21:16,56,"Richmond Town, Bengaluru",34,0.21,0.0009
2026-05-07 14:21:04,56,"Richmond Town, Bengaluru",34,0.21,0.0009
2026-05-07 14:20:51,57,"Richmond Town, Bengaluru",35,0.2,0.0009
2026-05-07 14:20:40,62,"Richmond Town, Bengaluru",38,0.2,0.0011
2026-05-07 14:20:27,61,"Richmond Town, Bengaluru",37,0.2,0.0010
2026-05-07 14:20:16,61,"Richmond Town, Bengaluru",37,0.2,0.0010
2026-05-07 14:20:16,61,"Richmond Town, Bengaluru",37,0.2,0.0010
2026-05-07 14:20:16,61,"Richmond Town, Bengaluru",37,0.2,0.0010
2026-05-07 14:20:16,61,"Richmond Town, Bengaluru",37,0.2,0.0010
2026-05-07 14:20:04,59,"Adugodi, Bengaluru",36,0.2,0.0010
2026-05-07 14:19:52,61,"Adugodi, Bengaluru",37,0.21,0.0010
2026-05-07 14:19:40,62,"Adugodi, Bengaluru",38,0.21,0.0011
2026-05-07 14:19:28,64,"Adugodi, Bengaluru",39,0.21,0.0011
2026-05-07 14:19:16,72,"Adugodi, Bengaluru",44,0.21,0.0013
2026-05-07 14:19:04,74,"Adugodi, Bengaluru",45,0.21,0.0013
2026-05-07 14:18:51,72,"Adugodi, Bengaluru",44,0.21,0.0013
2026-05-07 14:18:44,62,"Adugodi, Bengaluru",38,0.21,0.0011
2026-05-07 14:18:32,61,"Adugodi, Bengaluru",37,0.21,0.0010
2026-05-07 14:18:21,61,"Adugodi, Bengaluru",37,0.21,0.0010
2026-05-07 14:18:08,64,"Adugodi, Bengaluru",39,0.21,0.0011
2026-05-07 14:17:57,62,"Adugodi, Bengaluru",38,0.2,0.0011
2026-05-07 14:17:44,62,"Adugodi, Bengaluru",38,0.2,0.0011
2026-05-07 14:17:32,66,"Adugodi, Bengaluru",40,0.2,0.0011
2026-05-07 14:17:21,69,"Adugodi, Bengaluru",42,0.2,0.0012
2026-05-07 14:17:08,72,"Adugodi, Bengaluru",44,0.2,0.0013
2026-05-07 14:16:56,76,"Adugodi, Bengaluru",46,0.2,0.0014
2026-05-07 14:16:45,79,"Adugodi, Bengaluru",48,0.2,0.0014
2026-05-07 14:16:32,79,"Adugodi, Bengaluru",48,0.2,0.0014
2026-05-07 14:16:22,69,"Adugodi, Bengaluru",42,0.2,0.0012
2026-05-07 14:16:10,64,"Adugodi, Bengaluru",39,0.2,0.0011
2026-05-07 14:15:59,64,"Adugodi, Bengaluru",39,0.2,0.0011
2026-05-07 14:15:46,64,"Adugodi, Bengaluru",39,0.2,0.0011
2026-05-07 14:15:34,64,"Adugodi, Bengaluru",39,0.2,0.0011
2026-05-07 14:15:23,62,"Adugodi, Bengaluru",38,0.2,0.0011
2026-05-07 14:15:10,66,"Adugodi, Bengaluru",40,0.2,0.0011
2026-05-07 14:15:10,66,"Adugodi, Bengaluru",40,0.2,0.0011
2026-05-07 14:15:10,66,"Adugodi, Bengaluru",40,0.2,0.0011
2026-05-07 14:15:10,66,"Adugodi, Bengaluru",40,0.2,0.0011
2026-05-07 14:14:58,69,"Jayanagar, Bengaluru",42,0.2,0.0012
2026-05-07 14:14:46,67,"Jayanagar, Bengaluru",41,0.21,0.0012
2026-05-07 14:14:34,71,"Jayanagar, Bengaluru",43,0.21,0.0013
2026-05-07 14:14:22,72,"Jayanagar, Bengaluru",44,0.21,0.0013
2026-05-07 14:14:12,62,"Jayanagar, Bengaluru",38,0.21,0.0011
2026-05-07 14:14:01,61,"Jayanagar, Bengaluru",37,0.21,0.0010
2026-05-07 14:13:48,62,"Jayanagar, Bengaluru",38,0.21,0.0011
2026-05-07 14:13:36,64,"Jayanagar, Bengaluru",39,0.21,0.0011
2026-05-07 14:13:24,61,"Jayanagar, Bengaluru",37,0.21,0.0010
2026-05-07 14:13:13,62,"Jayanagar, Bengaluru",38,0.21,0.0011
2026-05-07 14:13:00,62,"Jayanagar, Bengaluru",38,0.21,0.0011
2026-05-07 14:12:48,64,"Jayanagar, Bengaluru",39,0.21,0.0011
2026-05-07 14:12:36,62,"Jayanagar, Bengaluru",38,0.21,0.0011
2026-05-07 14:12:24,64,"Jayanagar, Bengaluru",39,0.21,0.0011
2026-05-07 14:12:13,64,"Jayanagar, Bengaluru",39,0.21,0.0011
2026-05-07 14:12:00,64,"Jayanagar, Bengaluru",39,0.21,0.0011
2026-05-07 14:11:48,66,"Jayanagar, Bengaluru",40,0.21,0.0011
2026-05-07 14:11:37,62,"Jayanagar, Bengaluru",38,0.21,0.0011
2026-05-07 14:11:24,61,"Jayanagar, Bengaluru",37,0.21,0.0010
2026-05-07 14:11:12,64,"Jayanagar, Bengaluru",39,0.21,0.0011
2026-05-07 14:11:00,67,"Jayanagar, Bengaluru",41,0.21,0.0012
2026-05-07 14:10:48,67,"Jayanagar, Bengaluru",41,0.22,0.0012
2026-05-07 14:10:36,69,"Jayanagar, Bengaluru",42,0.22,0.0012
2026-05-07 14:10:24,74,"Jayanagar, Bengaluru",45,0.22,0.0013
2026-05-07 14:10:12,79,"Jayanagar, Bengaluru",48,0.22,0.0014
2026-05-07 14:10:01,83,"Jayanagar, Bengaluru",50,0.22,0.0015
2026-05-07 14:10:01,83,"Jayanagar, Bengaluru",50,0.22,0.0015
2026-05-07 14:10:01,83,"Jayanagar, Bengaluru",50,0.22,0.0015
2026-05-07 14:10:01,83,"Jayanagar, Bengaluru",50,0.22,0.0015
2026-05-07 14:09:48,78,"BTM Layout Stage 2, Bengaluru",47,0.21,0.0014
2026-05-07 14:09:37,67,"BTM Layout Stage 2, Bengaluru",41,0.21,0.0012
2026-05-07 14:09:25,64,"BTM Layout Stage 2, Bengaluru",39,0.21,0.0011
2026-05-07 14:09:13,64,"BTM Layout Stage 2, Bengaluru",39,0.21,0.0011
2026-05-07 14:09:01,66,"BTM Layout Stage 2, Bengaluru",40,0.21,0.0011
2026-05-07 14:08:49,69,"BTM Layout Stage 2, Bengaluru",42,0.21,0.0012
2026-05-07 14:08:37,69,"BTM Layout Stage 2, Bengaluru",42,0.21,0.0012
2026-05-07 14:08:25,71,"BTM Layout Stage 2, Bengaluru",43,0.21,0.0013
2026-05-07 14:08:13,67,"BTM Layout Stage 2, Bengaluru",41,0.21,0.0012
2026-05-07 14:08:01,67,"BTM Layout Stage 2, Bengaluru",41,0.21,0.0012
2026-05-07 14:07:49,67,"BTM Layout Stage 2, Bengaluru",41,0.21,0.0012
2026-05-07 14:07:37,72,"BTM Layout Stage 2, Bengaluru",44,0.21,0.0013
2026-05-07 14:07:25,69,"BTM Layout Stage 2, Bengaluru",42,0.21,0.0012
2026-05-07 14:07:13,71,"BTM Layout Stage 2, Bengaluru",43,0.21,0.0013
2026-05-07 14:07:01,74,"BTM Layout Stage 2, Bengaluru",45,0.21,0.0013
2026-05-07 14:06:49,76,"BTM Layout Stage 2, Bengaluru",46,0.21,0.0014
2026-05-07 14:06:37,74,"BTM Layout Stage 2, Bengaluru",45,0.21,0.0013
2026-05-07 14:06:25,72,"BTM Layout Stage 2, Bengaluru",44,0.21,0.0013
2026-05-07 14:06:14,71,"BTM Layout Stage 2, Bengaluru",43,0.21,0.0013
2026-05-07 14:06:02,74,"BTM Layout Stage 2, Bengaluru",45,0.21,0.0013
2026-05-07 14:05:49,79,"BTM Layout Stage 2, Bengaluru",48,0.21,0.0014
2026-05-07 14:05:37,83,"BTM Layout Stage 2, Bengaluru",50,0.21,0.0015
2026-05-07 14:05:25,91,"BTM Layout Stage 2, Bengaluru",55,0.21,0.0017
2026-05-07 14:05:21,101,"BTM Layout Stage 2, Bengaluru",61,0.21,0.0019
2026-05-07 14:05:18,114,"BTM Layout Stage 2, Bengaluru",65,0.21,0.0021
2026-05-07 14:05:15,135,"BTM Layout Stage 2, Bengaluru",71,0.21,0.0023
2026-05-07 14:05:12,152,"BTM Layout Stage 2, Bengaluru",76,0.21,0.0025
2026-05-07 14:05:09,169,"BTM Layout Stage 2, Bengaluru",81,0.21,0.0027
2026-05-07 14:05:06,200,"BTM Layout Stage 2, Bengaluru",90,0.21,0.0030
2026-05-07 14:05:04,231,"BTM Layout Stage 2, Bengaluru",100,0.21,0.0034
2026-05-07 14:05:01,262,"BTM Layout Stage 2, Bengaluru",109,0.21,0.0038
2026-05-07 14:04:58,282,"BTM Layout Stage 2, Bengaluru",115,0.21,0.0040
2026-05-07 14:04:56,259,"BTM Layout Stage 2, Bengaluru",108,0.21,0.0037
2026-05-07 14:04:52,179,"BTM Layout Stage 2, Bengaluru",84,0.21,0.0028
2026-05-07 14:04:52,179,"BTM Layout Stage 2, Bengaluru",84,0.21,0.0028
2026-05-07 14:04:48,124,"Bilekahalli, Bengaluru",68,0.21,0.0022
2026-05-07 14:04:45,83,"Bilekahalli, Bengaluru",50,0.21,0.0015
2026-05-07 14:04:33,74,"Bilekahalli, Bengaluru",45,0.21,0.0013
2026-05-07 14:04:21,76,"Bilekahalli, Bengaluru",46,0.21,0.0014
2026-05-07 14:04:10,74,"Bilekahalli, Bengaluru",45,0.21,0.0013
2026-05-07 14:03:57,72,"Bilekahalli, Bengaluru",44,0.21,0.0013
2026-05-07 14:03:47,79,"Bilekahalli, Bengaluru",48,0.22,0.0014
2026-05-07 14:03:35,91,"Bilekahalli, Bengaluru",55,0.22,0.0017
2026-05-07 14:03:31,101,"Bilekahalli, Bengaluru",61,0.22,0.0019
2026-05-07 14:03:27,124,"Bilekahalli, Bengaluru",68,0.22,0.0022
2026-05-07 14:03:25,155,"Bilekahalli, Bengaluru",77,0.22,0.0025
2026-05-07 14:03:22,200,"Bilekahalli, Bengaluru",90,0.22,0.0030
2026-05-07 14:03:18,245,"Bilekahalli, Bengaluru",104,0.22,0.0036
2026-05-07 14:03:15,293,"Bilekahalli, Bengaluru",118,0.22,0.0041
2026-05-07 14:03:12,307,"Bilekahalli, Bengaluru",130,0.22,0.0045
2026-05-07 14:03:03,320,"Bilekahalli, Bengaluru",146,0.22,0.0052
2026-05-07 14:02:59,308,"Bilekahalli, Bengaluru",131,0.22,0.0046
2026-05-07 14:02:56,262,"Bilekahalli, Bengaluru",109,0.2,0.0038
2026-05-07 14:02:54,169,"Bilekahalli, Bengaluru",81,0.2,0.0027
2026-05-07 14:02:50,98,"Bilekahalli, Bengaluru",59,0.2,0.0019
2026-05-07 14:02:47,81,"Bilekahalli, Bengaluru",49,0.2,0.0015
2026-05-07 14:02:35,72,"Bilekahalli, Bengaluru",44,0.2,0.0013
2026-05-07 14:02:23,76,"Bilekahalli, Bengaluru",46,0.2,0.0014
2026-05-07 14:02:11,76,"Bilekahalli, Bengaluru",46,0.2,0.0014
2026-05-07 14:01:59,81,"Bilekahalli, Bengaluru",49,0.2,0.0015
2026-05-07 14:01:48,83,"Bilekahalli, Bengaluru",50,0.2,0.0015
2026-05-07 14:01:35,78,"Bilekahalli, Bengaluru",47,0.2,0.0014
2026-05-07 14:01:29,67,"Bilekahalli, Bengaluru",41,0.2,0.0012
2026-05-07 14:01:17,71,"Bilekahalli, Bengaluru",43,0.2,0.0013
2026-05-07 14:01:04,76,"Bilekahalli, Bengaluru",46,0.2,0.0014
2026-05-07 14:00:53,81,"Bilekahalli, Bengaluru",49,0.2,0.0015
2026-05-07 14:00:45,93,"Bilekahalli, Bengaluru",56,0.2,0.0017
2026-05-07 14:00:41,104,"Bilekahalli, Bengaluru",62,0.2,0.0020
2026-05-07 14:00:38,114,"Bilekahalli, Bengaluru",65,0.2,0.0021
2026-05-07 14:00:35,131,"Bilekahalli, Bengaluru",70,0.2,0.0023
2026-05-07 14:00:32,148,"Bilekahalli, Bengaluru",75,0.2,0.0025
2026-05-07 14:00:27,172,"Bilekahalli, Bengaluru",82,0.2,0.0027
2026-05-07 14:00:24,200,"Bilekahalli, Bengaluru",90,0.2,0.0030
2026-05-07 14:00:20,231,"Bilekahalli, Bengaluru",100,0.2,0.0034
2026-05-07 14:00:17,269,"Bilekahalli, Bengaluru",111,0.2,0.0038
2026-05-07 14:00:14,296,"Bilekahalli, Bengaluru",119,0.2,0.0041
2026-05-07 14:00:08,307,"Bilekahalli, Bengaluru",129,0.2,0.0045
2026-05-07 13:59:59,300,"Bilekahalli, Bengaluru",120,0.2,0.0042
2026-05-07 13:59:56,265,"Bilekahalli, Bengaluru",110,0.2,0.0038
2026-05-07 13:59:51,248,"Bilekahalli, Bengaluru",105,0.2,0.0036
2026-05-07 13:59:51,248,"Bilekahalli, Bengaluru",105,0.2,0.0036
2026-05-07 13:59:51,248,"Bilekahalli, Bengaluru",105,0.2,0.0036
2026-05-07 13:59:51,248,"Bilekahalli, Bengaluru",105,0.2,0.0036
2026-05-07 13:59:51,248,"Bilekahalli, Bengaluru",105,0.2,0.0036
2026-05-07 13:59:44,235,"Arakere, Bengaluru",101,0.2,0.0034
2026-05-07 13:59:41,255,"Arakere, Bengaluru",107,0.2,0.0037
2026-05-07 13:59:38,293,"Arakere, Bengaluru",118,0.2,0.0041
2026-05-07 13:59:26,301,"Arakere, Bengaluru",122,0.2,0.0042
2026-05-07 13:59:23,259,"Arakere, Bengaluru",108,0.2,0.0037
2026-05-07 13:59:20,211,"Arakere, Bengaluru",94,0.2,0.0032
2026-05-07 13:59:17,182,"Arakere, Bengaluru",85,0.2,0.0028
2026-05-07 13:59:15,155,"Arakere, Bengaluru",77,0.2,0.0025
2026-05-07 13:59:11,128,"Arakere, Bengaluru",69,0.2,0.0022
2026-05-07 13:59:08,111,"Arakere, Bengaluru",64,0.2,0.0020
2026-05-07 13:59:06,98,"Arakere, Bengaluru",59,0.2,0.0019
2026-05-07 13:59:02,88,"Arakere, Bengaluru",53,0.2,0.0016
2026-05-07 13:58:57,78,"Arakere, Bengaluru",47,0.2,0.0014
2026-05-07 13:58:45,84,"Arakere, Bengaluru",51,0.2,0.0016
2026-05-07 13:58:33,91,"Arakere, Bengaluru",55,0.2,0.0017
2026-05-07 13:58:24,79,"Arakere, Bengaluru",48,0.2,0.0014
2026-05-07 13:58:20,69,"Arakere, Bengaluru",42,0.2,0.0012
2026-05-07 13:58:11,59,"Arakere, Bengaluru",36,0.2,0.0010
2026-05-07 13:57:59,59,"Arakere, Bengaluru",36,0.2,0.0010
2026-05-07 13:57:47,57,"Arakere, Bengaluru",35,0.2,0.0009
2026-05-07 13:57:35,59,"Arakere, Bengaluru",36,0.2,0.0010
2026-05-07 13:57:23,59,"Arakere, Bengaluru",36,0.2,0.0010
2026-05-07 13:57:11,57,"Arakere, Bengaluru",35,0.2,0.0009
2026-05-07 13:56:59,57,"Arakere, Bengaluru",35,0.2,0.0009
2026-05-07 13:56:47,57,"Arakere, Bengaluru",35,0.2,0.0009
2026-05-07 13:56:35,56,"Arakere, Bengaluru",34,0.2,0.0009
2026-05-07 13:56:23,57,"Arakere, Bengaluru",35,0.2,0.0009
2026-05-07 13:56:11,59,"Arakere, Bengaluru",36,0.2,0.0010
2026-05-07 13:55:59,62,"Arakere, Bengaluru",38,0.2,0.0011
2026-05-07 13:55:48,61,"Arakere, Bengaluru",37,0.19,0.0010
2026-05-07 13:55:35,62,"Arakere, Bengaluru",38,0.19,0.0011
2026-05-07 13:55:23,64,"Arakere, Bengaluru",39,0.19,0.0011
2026-05-07 13:55:11,66,"Arakere, Bengaluru",40,0.19,0.0011
2026-05-07 13:54:59,57,"Arakere, Bengaluru",35,0.19,0.0009
2026-05-07 13:54:48,56,"Arakere, Bengaluru",34,0.19,0.0009
2026-05-07 13:54:48,56,"Arakere, Bengaluru",34,0.19,0.0009
2026-05-07 13:54:48,56,"Arakere, Bengaluru",34,0.19,0.0009
2026-05-07 13:54:48,56,"Arakere, Bengaluru",34,0.19,0.0009
2026-05-07 13:54:35,62,"Arakere, Bengaluru",38,0.19,0.0011
2026-05-07 13:54:23,61,"Arakere, Bengaluru",37,0.19,0.0010
2026-05-07 13:54:11,62,"Arakere, Bengaluru",38,0.19,0.0011
2026-05-07 13:53:59,62,"Arakere, Bengaluru",38,0.19,0.0011
2026-05-07 13:53:47,62,"Arakere, Bengaluru",38,0.19,0.0011
2026-05-07 13:53:35,61,"Arakere, Bengaluru",37,0.19,0.0010
2026-05-07 13:53:23,62,"Arakere, Bengaluru",38,0.19,0.0011
2026-05-07 13:53:11,64,"Arakere, Bengaluru",39,0.19,0.0011
2026-05-07 13:52:59,69,"Arakere, Bengaluru",42,0.19,0.0012
2026-05-07 13:52:47,67,"Arakere, Bengaluru",41,0.2,0.0012
2026-05-07 13:52:35,69,"Arakere, Bengaluru",42,0.2,0.0012
2026-05-07 13:52:24,66,"Arakere, Bengaluru",40,0.2,0.0011
2026-05-07 13:52:11,62,"Arakere, Bengaluru",38,0.2,0.0011
2026-05-07 13:51:59,64,"Arakere, Bengaluru",39,0.2,0.0011
2026-05-07 13:51:47,61,"Arakere, Bengaluru",37,0.19,0.0010
2026-05-07 13:51:35,61,"Arakere, Bengaluru",37,0.19,0.0010
2026-05-07 13:51:23,57,"Arakere, Bengaluru",35,0.19,0.0009
2026-05-07 13:51:11,56,"Arakere, Bengaluru",34,0.19,0.0009
2026-05-07 13:50:59,57,"Arakere, Bengaluru",35,0.19,0.0009
2026-05-07 13:50:47,59,"Arakere, Bengaluru",36,0.19,0.0010
2026-05-07 13:50:35,59,"Arakere, Bengaluru",36,0.19,0.0010
2026-05-07 13:50:23,61,"Arakere, Bengaluru",37,0.19,0.0010
2026-05-07 13:50:11,62,"Arakere, Bengaluru",38,0.19,0.0011
2026-05-07 13:49:59,64,"Arakere, Bengaluru",39,0.19,0.0011
2026-05-07 13:49:47,59,"Arakere, Bengaluru",36,0.18,0.0010
2026-05-07 13:49:47,59,"Arakere, Bengaluru",36,0.18,0.0010
2026-05-07 13:49:47,59,"Arakere, Bengaluru",36,0.18,0.0010
2026-05-07 13:49:35,61,"Arakere, Bengaluru",37,0.18,0.0010
2026-05-07 13:49:23,59,"Arakere, Bengaluru",36,0.18,0.0010
2026-05-07 13:49:11,61,"Arakere, Bengaluru",37,0.18,0.0010
2026-05-07 13:48:59,62,"Arakere, Bengaluru",38,0.18,0.0011
2026-05-07 13:48:47,62,"Arakere, Bengaluru",38,0.19,0.0011
2026-05-07 13:48:35,59,"Arakere, Bengaluru",36,0.19,0.0010
2026-05-07 13:48:23,62,"Arakere, Bengaluru",38,0.19,0.0011
2026-05-07 13:48:11,62,"Arakere, Bengaluru",38,0.19,0.0011
2026-05-07 13:47:59,59,"Arakere, Bengaluru",36,0.19,0.0010
2026-05-07 13:47:47,61,"Arakere, Bengaluru",37,0.18,0.0010
2026-05-07 13:47:35,56,"Arakere, Bengaluru",34,0.18,0.0009
2026-05-07 13:47:23,56,"Arakere, Bengaluru",34,0.18,0.0009
2026-05-07 13:47:11,57,"Arakere, Bengaluru",35,0.18,0.0009
2026-05-07 13:46:59,59,"Arakere, Bengaluru",36,0.18,0.0010
2026-05-07 13:46:47,57,"Arakere, Bengaluru",35,0.18,0.0009
2026-05-07 13:46:35,57,"Arakere, Bengaluru",35,0.18,0.0009
2026-05-07 13:46:23,57,"Arakere, Bengaluru",35,0.18,0.0009
2026-05-07 13:46:11,56,"Arakere, Bengaluru",34,0.18,0.0009
2026-05-07 13:45:59,57,"Arakere, Bengaluru",35,0.18,0.0009
2026-05-07 13:45:47,59,"Arakere, Bengaluru",36,0.19,0.0010
2026-05-07 13:45:35,57,"Arakere, Bengaluru",35,0.19,0.0009
2026-05-07 13:45:23,57,"Arakere, Bengaluru",35,0.19,0.0009
2026-05-07 13:45:11,57,"Arakere, Bengaluru",35,0.19,0.0009
2026-05-07 13:44:59,59,"Arakere, Bengaluru",36,0.19,0.0010
2026-05-07 13:44:47,59,"Arakere, Bengaluru",36,0.19,0.0010
2026-05-07 13:44:35,57,"Arakere, Bengaluru",35,0.19,0.0009
2026-05-07 13:44:23,56,"Arakere, Bengaluru",34,0.19,0.0009
2026-05-07 13:44:11,56,"Arakere, Bengaluru",34,0.19,0.0009
2026-05-07 13:43:59,59,"Arakere, Bengaluru",36,0.19,0.0010
2026-05-07 13:43:47,57,"Arakere, Bengaluru",35,0.2,0.0009
2026-05-07 13:43:35,59,"Arakere, Bengaluru",36,0.2,0.0010
2026-05-07 13:43:23,59,"Arakere, Bengaluru",36,0.2,0.0010
2026-05-07 13:43:11,59,"Arakere, Bengaluru",36,0.2,0.0010
2026-05-07 13:42:59,57,"Arakere, Bengaluru",35,0.2,0.0009
2026-05-07 13:42:47,57,"Arakere, Bengaluru",35,0.2,0.0009
2026-05-07 13:42:35,59,"Arakere, Bengaluru",36,0.2,0.0010
2026-05-07 13:42:23,56,"Arakere, Bengaluru",34,0.2,0.0009
2026-05-07 13:42:11,56,"Arakere, Bengaluru",34,0.2,0.0009
2026-05-07 13:41:59,59,"Arakere, Bengaluru",36,0.2,0.0010
2026-05-07 13:41:47,59,"Arakere, Bengaluru",36,0.19,0.0010
2026-05-07 13:41:35,57,"Arakere, Bengaluru",35,0.19,0.0009
2026-05-07 13:41:23,57,"Arakere, Bengaluru",35,0.19,0.0009
2026-05-07 13:41:11,59,"Arakere, Bengaluru",36,0.19,0.0010
2026-05-07 13:40:59,59,"Arakere, Bengaluru",36,0.19,0.0010
2026-05-07 13:40:47,56,"Arakere, Bengaluru",34,0.19,0.0009
2026-05-07 13:40:35,56,"Arakere, Bengaluru",34,0.19,0.0009
2026-05-07 13:40:23,59,"Arakere, Bengaluru",36,0.19,0.0010
2026-05-07 13:40:11,57,"Arakere, Bengaluru",35,0.19,0.0009
2026-05-07 13:39:59,57,"Arakere, Bengaluru",35,0.19,0.0009
2026-05-07 13:39:47,56,"Arakere, Bengaluru",34,0.19,0.0009
2026-05-07 13:39:35,59,"Arakere, Bengaluru",36,0.19,0.0010
2026-05-07 13:39:23,59,"Arakere, Bengaluru",36,0.19,0.0010
2026-05-07 13:39:23,59,"Arakere, Bengaluru",36,0.19,0.0010
2026-05-07 11:16:35,96,"Arakere, Bengaluru",58,0.2,0.0018
2026-05-07 11:16:23,98,"Arakere, Bengaluru",59,0.2,0.0019
2026-05-07 10:31:52,59,"Arakere, Bengaluru",36,0.2,0.0010
2026-05-07 10:31:39,62,"Arakere, Bengaluru",38,0.2,0.0011
2026-05-07 10:31:27,64,"Arakere, Bengaluru",39,0.2,0.0011
2026-05-07 10:31:15,64,"Arakere, Bengaluru",39,0.2,0.0011
2026-05-07 10:31:03,64,"Arakere, Bengaluru",39,0.2,0.0011
2026-05-07 10:30:51,66,"Arakere, Bengaluru",40,0.2,0.0011
2026-05-07 10:30:39,62,"Arakere, Bengaluru",38,0.2,0.0011
2026-05-07 10:30:27,64,"Arakere, Bengaluru",39,0.2,0.0011
2026-05-07 10:30:15,64,"Arakere, Bengaluru",39,0.2,0.0011
2026-05-07 10:30:03,64,"Arakere, Bengaluru",39,0.2,0.0011
2026-05-07 03:17:37,54,"Arakere, Bengaluru",33,0.17,0.0009
2026-05-07 03:17:25,54,"Arakere, Bengaluru",33,0.17,0.0009
2026-05-07 03:17:13,51,"Arakere, Bengaluru",31,0.17,0.0008
2026-05-07 03:17:02,51,"Arakere, Bengaluru",31,0.17,0.0008
2026-05-07 03:16:49,51,"Arakere, Bengaluru",31,0.16,0.0008
2026-05-07 03:16:37,54,"Arakere, Bengaluru",33,0.16,0.0009
2026-05-07 03:16:25,52,"Arakere, Bengaluru",32,0.16,0.0008
2026-05-07 03:16:13,54,"Arakere, Bengaluru",33,0.16,0.0009
2026-05-07 03:16:01,52,"Arakere, Bengaluru",32,0.16,0.0008
2026-05-07 03:15:49,52,"Arakere, Bengaluru",32,0.16,0.0008
2026-05-07 03:15:37,51,"Arakere, Bengaluru",31,0.16,0.0008
2026-05-07 03:15:25,54,"Arakere, Bengaluru",33,0.16,0.0009
2026-05-07 03:15:14,52,"Arakere, Bengaluru",32,0.16,0.0008
2026-05-07 03:15:14,52,"Arakere, Bengaluru",32,0.16,0.0008
2026-05-07 03:15:14,52,"Arakere, Bengaluru",32,0.16,0.0008
2026-05-07 03:15:14,52,"Arakere, Bengaluru",32,0.16,0.0008
2026-05-07 03:15:13,52,"Arakere, Bengaluru",32,0.16,0.0008
2026-05-07 03:15:01,52,"Arakere, Bengaluru",32,0.16,0.0008
2026-05-07 03:14:49,51,"Arakere, Bengaluru",31,0.16,0.0008
2026-05-07 03:14:37,52,"Arakere, Bengaluru",32,0.16,0.0008
2026-05-07 03:14:25,52,"Arakere, Bengaluru",32,0.16,0.0008
2026-05-07 03:14:13,52,"Arakere, Bengaluru",32,0.16,0.0008
2026-05-07 03:14:01,51,"Arakere, Bengaluru",31,0.16,0.0008
2026-05-07 03:13:49,52,"Arakere, Bengaluru",32,0.16,0.0008
2026-05-07 03:13:37,52,"Arakere, Bengaluru",32,0.16,0.0008
2026-05-07 03:13:25,51,"Arakere, Bengaluru",31,0.16,0.0008
2026-05-07 03:13:13,52,"Arakere, Bengaluru",32,0.16,0.0008
2026-05-07 03:13:01,54,"Arakere, Bengaluru",33,0.16,0.0009
2026-05-07 03:12:49,52,"Arakere, Bengaluru",32,0.16,0.0008
2026-05-07 03:12:37,51,"Arakere, Bengaluru",31,0.16,0.0008
2026-05-07 03:12:25,50,"Arakere, Bengaluru",30,0.16,0.0008
2026-05-07 03:12:13,52,"Arakere, Bengaluru",32,0.16,0.0008
2026-05-07 03:12:01,52,"Arakere, Bengaluru",32,0.16,0.0008
2026-05-07 03:11:49,54,"Arakere, Bengaluru",33,0.16,0.0009
2026-05-07 03:11:37,52,"Arakere, Bengaluru",32,0.16,0.0008
2026-05-07 03:11:25,52,"Arakere, Bengaluru",32,0.16,0.0008
2026-05-07 03:11:13,52,"Arakere, Bengaluru",32,0.16,0.0008
2026-05-07 03:11:01,52,"Arakere, Bengaluru",32,0.16,0.0008
2026-05-07 03:10:49,50,"Arakere, Bengaluru",30,0.16,0.0008
2026-05-07 03:10:37,51,"Arakere, Bengaluru",31,0.16,0.0008
2026-05-07 03:10:25,52,"Arakere, Bengaluru",32,0.16,0.0008
2026-05-07 03:10:13,52,"Arakere, Bengaluru",32,0.16,0.0008
2026-05-07 03:10:01,52,"Arakere, Bengaluru",32,0.16,0.0008
2026-05-07 03:10:01,52,"Arakere, Bengaluru",32,0.16,0.0008
2026-05-07 03:10:01,52,"Arakere, Bengaluru",32,0.16,0.0008
2026-05-07 03:10:01,52,"Arakere, Bengaluru",32,0.16,0.0008
2026-05-07 03:09:40,66,"Arakere, Bengaluru",40,0.16,0.0011
2026-05-07 03:09:28,74,"Arakere, Bengaluru",45,0.16,0.0013
2026-05-07 03:09:21,84,"Arakere, Bengaluru",51,0.16,0.0016
2026-05-07 03:09:18,100,"Arakere, Bengaluru",60,0.16,0.0019
2026-05-07 03:09:15,128,"Arakere, Bengaluru",69,0.16,0.0022
2026-05-07 03:09:12,162,"Arakere, Bengaluru",79,0.16,0.0026
2026-05-07 03:09:09,207,"Arakere, Bengaluru",93,0.16,0.0031
2026-05-07 03:09:06,248,"Arakere, Bengaluru",105,0.16,0.0036
2026-05-07 03:09:03,305,"Arakere, Bengaluru",127,0.16,0.0044
2026-05-07 03:09:00,321,"Arakere, Bengaluru",148,0.16,0.0052
2026-05-07 03:08:57,336,"Arakere, Bengaluru",167,0.16,0.0059
2026-05-07 03:08:54,317,"Arakere, Bengaluru",143,0.16,0.0050
2026-05-07 03:08:51,224,"Arakere, Bengaluru",98,0.16,0.0033
2026-05-07 03:08:48,84,"Arakere, Bengaluru",51,0.16,0.0016
2026-05-07 03:08:45,62,"Arakere, Bengaluru",38,0.16,0.0011
2026-05-07 03:08:41,52,"Arakere, Bengaluru",32,0.16,0.0008
2026-05-07 03:08:29,51,"Arakere, Bengaluru",31,0.16,0.0008
2026-05-07 03:08:17,52,"Arakere, Bengaluru",32,0.16,0.0008
2026-05-07 03:08:05,51,"Arakere, Bengaluru",31,0.16,0.0008
2026-05-07 03:07:53,52,"Arakere, Bengaluru",32,0.16,0.0008
2026-05-07 03:07:41,52,"Arakere, Bengaluru",32,0.16,0.0008
2026-05-07 03:07:29,51,"Arakere, Bengaluru",31,0.16,0.0008
2026-05-07 03:07:17,51,"Arakere, Bengaluru",31,0.16,0.0008
2026-05-07 03:07:05,52,"Arakere, Bengaluru",32,0.16,0.0008
2026-05-07 03:06:53,52,"Arakere, Bengaluru",32,0.16,0.0008
2026-05-07 03:06:41,51,"Arakere, Bengaluru",31,0.16,0.0008
2026-05-07 03:06:29,51,"Arakere, Bengaluru",31,0.16,0.0008
2026-05-07 03:06:17,52,"Arakere, Bengaluru",32,0.16,0.0008
2026-05-07 03:06:05,48,"Arakere, Bengaluru",29,0.16,0.0007
2026-05-07 03:05:53,50,"Arakere, Bengaluru",30,0.16,0.0008
2026-05-07 03:05:41,52,"Arakere, Bengaluru",32,0.16,0.0008
2026-05-07 03:05:29,54,"Arakere, Bengaluru",33,0.16,0.0009
2026-05-07 03:05:17,54,"Arakere, Bengaluru",33,0.16,0.0009
2026-05-07 03:05:05,52,"Arakere, Bengaluru",32,0.16,0.0008
2026-05-07 03:04:53,51,"Arakere, Bengaluru",31,0.16,0.0008
2026-05-07 03:04:53,51,"Arakere, Bengaluru",31,0.16,0.0008
2026-05-07 03:04:53,51,"Arakere, Bengaluru",31,0.16,0.0008
2026-05-07 03:04:41,52,"Arakere, Bengaluru",32,0.16,0.0008
2026-05-07 03:04:29,52,"Arakere, Bengaluru",32,0.16,0.0008
2026-05-07 03:04:17,52,"Arakere, Bengaluru",32,0.16,0.0008
2026-05-07 03:04:05,54,"Arakere, Bengaluru",33,0.16,0.0009
2026-05-07 03:03:53,59,"Arakere, Bengaluru",36,0.16,0.0010
2026-05-07 03:03:41,64,"Arakere, Bengaluru",39,0.16,0.0011
2026-05-07 03:03:35,74,"Arakere, Bengaluru",45,0.16,0.0013
2026-05-07 03:03:27,84,"Arakere, Bengaluru",51,0.16,0.0016
2026-05-07 03:03:24,100,"Arakere, Bengaluru",60,0.16,0.0019
2026-05-07 03:03:21,124,"Arakere, Bengaluru",68,0.16,0.0022
2026-05-07 03:03:18,162,"Arakere, Bengaluru",79,0.16,0.0026
2026-05-07 03:03:15,200,"Arakere, Bengaluru",90,0.16,0.0030
2026-05-07 03:03:12,248,"Arakere, Bengaluru",105,0.16,0.0036
2026-05-07 03:03:09,305,"Arakere, Bengaluru",127,0.16,0.0044
2026-05-07 03:03:06,324,"Arakere, Bengaluru",151,0.16,0.0053
2026-05-07 03:03:03,347,"Arakere, Bengaluru",182,0.16,0.0065
2026-05-07 03:03:00,378,"Arakere, Bengaluru",222,0.16,0.0080
2026-05-07 03:02:57,407,"Arakere, Bengaluru",267,0.16,0.0097
2026-05-07 03:02:54,434,"Arakere, Bengaluru",334,0.16,0.0123
2026-05-07 03:02:51,450,"Arakere, Bengaluru",375,0.16,0.0138
2026-05-07 03:02:48,596,"Arakere, Bengaluru",463,0.16,0.0172
2026-05-07 03:02:45,706,"Arakere, Bengaluru",521,0.16,0.0194
2026-05-07 03:02:42,652,"Arakere, Bengaluru",494,0.16,0.0183
2026-05-07 03:02:39,488,"Arakere, Bengaluru",412,0.16,0.0152
2026-05-07 03:02:36,418,"Arakere, Bengaluru",295,0.16,0.0108
2026-05-07 03:02:33,363,"Arakere, Bengaluru",202,0.16,0.0073
2026-05-07 03:02:30,338,"Arakere, Bengaluru",170,0.16,0.0061
2026-05-07 03:02:27,306,"Arakere, Bengaluru",128,0.16,0.0045
2026-05-07 03:02:24,245,"Arakere, Bengaluru",104,0.16,0.0036
2026-05-07 03:02:21,165,"Arakere, Bengaluru",80,0.16,0.0027
2026-05-07 03:02:18,91,"Arakere, Bengaluru",55,0.16,0.0017
2026-05-07 03:02:15,57,"Arakere, Bengaluru",35,0.16,0.0009
2026-05-07 03:02:03,51,"Arakere, Bengaluru",31,0.16,0.0008
2026-05-07 03:01:51,52,"Arakere, Bengaluru",32,0.16,0.0008
2026-05-07 03:01:39,52,"Arakere, Bengaluru",32,0.16,0.0008
2026-05-07 03:01:27,51,"Arakere, Bengaluru",31,0.16,0.0008
2026-05-07 03:01:15,51,"Arakere, Bengaluru",31,0.16,0.0008
2026-05-07 03:01:03,52,"Arakere, Bengaluru",32,0.16,0.0008
2026-05-07 03:00:51,52,"Arakere, Bengaluru",32,0.16,0.0008
2026-05-07 03:00:39,51,"Arakere, Bengaluru",31,0.16,0.0008
2026-05-07 03:00:27,50,"Arakere, Bengaluru",30,0.16,0.0008
2026-05-07 03:00:15,52,"Arakere, Bengaluru",32,0.16,0.0008
2026-05-07 03:00:03,51,"Arakere, Bengaluru",31,0.16,0.0008
2026-05-07 02:59:51,54,"Arakere, Bengaluru",33,0.17,0.0009
2026-05-07 02:59:51,54,"Arakere, Bengaluru",33,0.17,0.0009
2026-05-07 02:59:39,52,"Arakere, Bengaluru",32,0.17,0.0008
2026-05-07 02:59:27,54,"Arakere, Bengaluru",33,0.17,0.0009
2026-05-07 02:59:15,52,"Arakere, Bengaluru",32,0.17,0.0008
2026-05-07 02:59:03,54,"Arakere, Bengaluru",33,0.17,0.0009
2026-05-07 02:58:51,54,"Arakere, Bengaluru",33,0.16,0.0009
2026-05-07 02:58:39,54,"Arakere, Bengaluru",33,0.16,0.0009
2026-05-07 02:58:27,54,"Arakere, Bengaluru",33,0.16,0.0009
2026-05-07 02:58:15,54,"Arakere, Bengaluru",33,0.16,0.0009
2026-05-07 02:58:03,52,"Arakere, Bengaluru",32,0.16,0.0008
2026-05-07 02:57:51,51,"Arakere, Bengaluru",31,0.16,0.0008
2026-05-07 02:57:39,51,"Arakere, Bengaluru",31,0.16,0.0008
2026-05-07 02:57:27,54,"Arakere, Bengaluru",33,0.16,0.0009
2026-05-07 02:57:15,56,"Arakere, Bengaluru",34,0.16,0.0009
2026-05-07 02:57:03,52,"Arakere, Bengaluru",32,0.16,0.0008
2026-05-07 02:56:51,52,"Arakere, Bengaluru",32,0.16,0.0008
2026-05-07 02:56:39,52,"Arakere, Bengaluru",32,0.16,0.0008
2026-05-07 02:56:27,54,"Arakere, Bengaluru",33,0.16,0.0009
2026-05-07 02:56:15,52,"Arakere, Bengaluru",32,0.16,0.0008
2026-05-07 02:56:03,54,"Arakere, Bengaluru",33,0.16,0.0009
2026-05-07 02:55:51,56,"Arakere, Bengaluru",34,0.17,0.0009
2026-05-07 02:55:39,52,"Arakere, Bengaluru",32,0.17,0.0008
2026-05-07 02:55:27,52,"Arakere, Bengaluru",32,0.17,0.0008
2026-05-07 02:55:15,56,"Arakere, Bengaluru",34,0.17,0.0009
2026-05-07 02:55:03,56,"Arakere, Bengaluru",34,0.17,0.0009
2026-05-07 02:54:51,54,"Arakere, Bengaluru",33,0.17,0.0009
2026-05-07 02:54:39,52,"Arakere, Bengaluru",32,0.17,0.0008
2026-05-07 02:54:27,54,"Arakere, Bengaluru",33,0.17,0.0009
2026-05-07 02:54:15,52,"Arakere, Bengaluru",32,0.17,0.0008
2026-05-07 02:54:03,54,"Arakere, Bengaluru",33,0.17,0.0009
2026-05-07 02:53:51,56,"Arakere, Bengaluru",34,0.17,0.0009
2026-05-07 02:53:39,54,"Arakere, Bengaluru",33,0.17,0.0009
2026-05-07 02:53:27,54,"Arakere, Bengaluru",33,0.17,0.0009
2026-05-07 02:53:15,52,"Arakere, Bengaluru",32,0.17,0.0008
2026-05-07 02:53:03,54,"Arakere, Bengaluru",33,0.17,0.0009
2026-05-07 02:52:51,56,"Arakere, Bengaluru",34,0.17,0.0009
2026-05-07 02:52:39,56,"Arakere, Bengaluru",34,0.17,0.0009
2026-05-07 02:52:27,57,"Arakere, Bengaluru",35,0.17,0.0009
2026-05-07 02:52:15,56,"Arakere, Bengaluru",34,0.17,0.0009
2026-05-07 02:52:03,51,"Arakere, Bengaluru",31,0.17,0.0008
2026-05-07 02:51:51,52,"Arakere, Bengaluru",32,0.17,0.0008
2026-05-07 02:51:39,54,"Arakere, Bengaluru",33,0.17,0.0009
2026-05-07 02:51:27,54,"Arakere, Bengaluru",33,0.17,0.0009
2026-05-07 02:51:15,52,"Arakere, Bengaluru",32,0.17,0.0008
2026-05-07 02:51:03,52,"Arakere, Bengaluru",32,0.17,0.0008
2026-05-07 02:50:51,54,"Arakere, Bengaluru",33,0.17,0.0009
2026-05-07 02:50:39,54,"Arakere, Bengaluru",33,0.17,0.0009
2026-05-07 02:50:27,54,"Arakere, Bengaluru",33,0.17,0.0009
2026-05-07 02:50:15,56,"Arakere, Bengaluru",34,0.17,0.0009
2026-05-07 02:50:03,57,"Arakere, Bengaluru",35,0.17,0.0009
2026-05-07 02:49:51,56,"Arakere, Bengaluru",34,0.17,0.0009
2026-05-07 02:49:39,56,"Arakere, Bengaluru",34,0.17,0.0009
2026-05-07 02:49:27,56,"Arakere, Bengaluru",34,0.17,0.0009
2026-05-07 02:49:27,56,"Arakere, Bengaluru",34,0.17,0.0009
2026-05-07 02:49:27,56,"Arakere, Bengaluru",34,0.17,0.0009
2026-05-07 02:49:15,54,"Arakere, Bengaluru",33,0.17,0.0009
2026-05-07 02:49:03,56,"Arakere, Bengaluru",34,0.17,0.0009
2026-05-07 02:48:51,56,"Arakere, Bengaluru",34,0.17,0.0009
2026-05-07 02:48:39,52,"Arakere, Bengaluru",32,0.17,0.0008
2026-05-07 02:48:27,54,"Arakere, Bengaluru",33,0.17,0.0009
2026-05-07 02:48:15,56,"Arakere, Bengaluru",34,0.17,0.0009
2026-05-07 02:48:03,57,"Arakere, Bengaluru",35,0.17,0.0009
2026-05-07 02:47:51,56,"Arakere, Bengaluru",34,0.17,0.0009
2026-05-07 02:47:39,56,"Arakere, Bengaluru",34,0.17,0.0009
2026-05-07 02:47:27,57,"Arakere, Bengaluru",35,0.17,0.0009
2026-05-07 02:47:15,56,"Arakere, Bengaluru",34,0.17,0.0009
2026-05-07 02:47:03,56,"Arakere, Bengaluru",34,0.17,0.0009
2026-05-07 02:46:51,54,"Arakere, Bengaluru",33,0.17,0.0009
2026-05-07 02:46:39,56,"Arakere, Bengaluru",34,0.17,0.0009
2026-05-07 02:46:27,57,"Arakere, Bengaluru",35,0.17,0.0009
2026-05-07 02:46:15,59,"Arakere, Bengaluru",36,0.17,0.0010
2026-05-07 02:46:03,62,"Arakere, Bengaluru",38,0.17,0.0011
2026-05-07 02:45:51,67,"Arakere, Bengaluru",41,0.17,0.0012
2026-05-07 02:45:39,74,"Arakere, Bengaluru",45,0.17,0.0013
2026-05-07 02:45:32,84,"Arakere, Bengaluru",51,0.17,0.0016
2026-05-07 02:45:29,98,"Arakere, Bengaluru",59,0.17,0.0019
2026-05-07 02:45:26,111,"Arakere, Bengaluru",64,0.17,0.0020
2026-05-07 02:45:23,159,"Arakere, Bengaluru",78,0.17,0.0026
2026-05-07 02:45:20,201,"Arakere, Bengaluru",91,0.17,0.0031
2026-05-07 02:45:17,255,"Arakere, Bengaluru",107,0.17,0.0037
2026-05-07 02:45:14,300,"Arakere, Bengaluru",120,0.17,0.0042
2026-05-07 02:45:11,317,"Arakere, Bengaluru",142,0.17,0.0050
2026-05-07 02:45:08,339,"Arakere, Bengaluru",171,0.17,0.0061
2026-05-07 02:45:05,368,"Arakere, Bengaluru",209,0.17,0.0075
2026-05-07 02:45:02,395,"Arakere, Bengaluru",244,0.17,0.0089
2026-05-07 02:44:59,410,"Arakere, Bengaluru",273,0.17,0.0100
2026-05-07 02:44:56,400,"Arakere, Bengaluru",250,0.17,0.0091
2026-05-07 02:44:53,380,"Arakere, Bengaluru",224,0.17,0.0081
2026-05-07 02:44:50,346,"Arakere, Bengaluru",180,0.17,0.0064
2026-05-07 02:44:47,289,"Arakere, Bengaluru",117,0.17,0.0041
2026-05-07 02:44:44,196,"Arakere, Bengaluru",89,0.17,0.0030
2026-05-07 02:44:41,118,"Arakere, Bengaluru",66,0.17,0.0021
2026-05-07 02:44:38,101,"Arakere, Bengaluru",61,0.17,0.0019
2026-05-07 02:44:35,135,"Arakere, Bengaluru",71,0.17,0.0023
2026-05-07 02:44:32,172,"Arakere, Bengaluru",82,0.17,0.0027
2026-05-07 02:44:29,189,"Arakere, Bengaluru",87,0.17,0.0029
2026-05-07 02:44:26,179,"Arakere, Bengaluru",84,0.17,0.0028
2026-05-07 02:44:23,114,"Arakere, Bengaluru",65,0.17,0.0021
2026-05-07 02:44:20,81,"Arakere, Bengaluru",49,0.17,0.0015
2026-05-07 02:44:20,81,"Arakere, Bengaluru",49,0.17,0.0015
2026-05-07 02:44:20,81,"Arakere, Bengaluru",49,0.17,0.0015
2026-05-07 02:44:17,59,"Arakere, Bengaluru",36,0.17,0.0010
2026-05-07 02:44:04,61,"Arakere, Bengaluru",37,0.17,0.0010
2026-05-07 02:43:53,59,"Arakere, Bengaluru",36,0.17,0.0010
2026-05-07 02:43:40,57,"Arakere, Bengaluru",35,0.17,0.0009
2026-05-07 02:43:29,57,"Arakere, Bengaluru",35,0.17,0.0009
2026-05-07 02:43:16,54,"Arakere, Bengaluru",33,0.17,0.0009
2026-05-07 02:43:04,57,"Arakere, Bengaluru",35,0.17,0.0009
2026-05-07 02:42:52,56,"Arakere, Bengaluru",34,0.17,0.0009
2026-05-07 02:42:40,52,"Arakere, Bengaluru",32,0.17,0.0008
2026-05-07 02:42:28,52,"Arakere, Bengaluru",32,0.17,0.0008
2026-05-07 02:42:16,54,"Arakere, Bengaluru",33,0.17,0.0009
2026-05-07 02:42:04,54,"Arakere, Bengaluru",33,0.17,0.0009
2026-05-07 02:41:52,52,"Arakere, Bengaluru",32,0.17,0.0008
2026-05-07 02:41:40,56,"Arakere, Bengaluru",34,0.17,0.0009
2026-05-07 02:41:28,57,"Arakere, Bengaluru",35,0.17,0.0009
2026-05-07 02:41:16,54,"Arakere, Bengaluru",33,0.17,0.0009
2026-05-07 02:41:04,52,"Arakere, Bengaluru",32,0.17,0.0008
2026-05-07 02:40:52,52,"Arakere, Bengaluru",32,0.17,0.0008
2026-05-07 02:40:40,52,"Arakere, Bengaluru",32,0.17,0.0008
2026-05-07 02:40:28,52,"Arakere, Bengaluru",32,0.17,0.0008
2026-05-07 02:40:16,51,"Arakere, Bengaluru",31,0.17,0.0008
2026-05-07 02:40:04,54,"Arakere, Bengaluru",33,0.17,0.0009
2026-05-07 02:39:52,52,"Arakere, Bengaluru",32,0.17,0.0008
2026-05-07 02:39:40,52,"Arakere, Bengaluru",32,0.17,0.0008
2026-05-07 02:39:28,54,"Arakere, Bengaluru",33,0.17,0.0009
2026-05-07 02:39:17,56,"Arakere, Bengaluru",34,0.17,0.0009
2026-05-07 02:39:17,56,"Arakere, Bengaluru",34,0.17,0.0009
2026-05-07 02:39:17,56,"Arakere, Bengaluru",34,0.17,0.0009
2026-05-07 02:39:04,52,"Arakere, Bengaluru",32,0.17,0.0008
2026-05-07 02:38:52,52,"Arakere, Bengaluru",32,0.17,0.0008
2026-05-07 02:38:40,51,"Arakere, Bengaluru",31,0.17,0.0008
2026-05-07 02:38:28,51,"Arakere, Bengaluru",31,0.17,0.0008
2026-05-07 02:38:16,51,"Arakere, Bengaluru",31,0.17,0.0008
2026-05-07 02:38:04,52,"Arakere, Bengaluru",32,0.17,0.0008
2026-05-07 02:37:52,51,"Arakere, Bengaluru",31,0.17,0.0008
2026-05-07 02:37:40,52,"Arakere, Bengaluru",32,0.17,0.0008
2026-05-07 02:37:28,52,"Arakere, Bengaluru",32,0.17,0.0008
2026-05-07 02:37:16,54,"Arakere, Bengaluru",33,0.17,0.0009
2026-05-07 02:37:04,56,"Arakere, Bengaluru",34,0.17,0.0009
2026-05-07 02:36:52,54,"Arakere, Bengaluru",33,0.17,0.0009
2026-05-07 02:36:40,54,"Arakere, Bengaluru",33,0.17,0.0009
2026-05-07 02:36:28,52,"Arakere, Bengaluru",32,0.17,0.0008
2026-05-07 02:36:16,56,"Arakere, Bengaluru",34,0.17,0.0009
2026-05-07 02:36:04,54,"Arakere, Bengaluru",33,0.17,0.0009
2026-05-07 02:35:52,51,"Arakere, Bengaluru",31,0.17,0.0008
2026-05-07 02:35:40,51,"Arakere, Bengaluru",31,0.17,0.0008
2026-05-07 02:35:28,50,"Arakere, Bengaluru",30,0.17,0.0008
2026-05-07 02:35:16,51,"Arakere, Bengaluru",31,0.17,0.0008
2026-05-07 02:35:04,54,"Arakere, Bengaluru",33,0.17,0.0009
2026-05-07 02:34:52,52,"Arakere, Bengaluru",32,0.17,0.0008
2026-05-07 02:34:40,52,"Arakere, Bengaluru",32,0.17,0.0008
2026-05-07 02:34:28,52,"Arakere, Bengaluru",32,0.17,0.0008
2026-05-07 02:34:16,52,"Arakere, Bengaluru",32,0.17,0.0008
2026-05-07 02:34:05,52,"Arakere, Bengaluru",32,0.17,0.0008
2026-05-07 02:34:05,52,"Arakere, Bengaluru",32,0.17,0.0008
2026-05-07 02:34:05,52,"Arakere, Bengaluru",32,0.17,0.0008
2026-05-07 02:33:52,52,"Arakere, Bengaluru",32,0.17,0.0008
2026-05-07 02:33:40,54,"Arakere, Bengaluru",33,0.17,0.0009
2026-05-07 02:33:28,52,"Arakere, Bengaluru",32,0.17,0.0008
2026-05-07 02:33:16,52,"Arakere, Bengaluru",32,0.17,0.0008
2026-05-07 02:33:04,52,"Arakere, Bengaluru",32,0.17,0.0008
2026-05-07 02:32:52,54,"Arakere, Bengaluru",33,0.17,0.0009
2026-05-07 02:32:40,56,"Arakere, Bengaluru",34,0.17,0.0009
2026-05-07 02:32:28,56,"Arakere, Bengaluru",34,0.17,0.0009
2026-05-07 02:32:16,52,"Arakere, Bengaluru",32,0.17,0.0008
2026-05-07 02:32:04,52,"Arakere, Bengaluru",32,0.17,0.0008
2026-05-07 02:31:52,52,"Arakere, Bengaluru",32,0.17,0.0008
2026-05-07 02:31:40,51,"Arakere, Bengaluru",31,0.17,0.0008
2026-05-07 02:31:28,54,"Arakere, Bengaluru",33,0.17,0.0009
2026-05-07 02:31:16,54,"Arakere, Bengaluru",33,0.17,0.0009
2026-05-07 02:31:04,52,"Arakere, Bengaluru",32,0.17,0.0008
2026-05-07 02:30:52,50,"Arakere, Bengaluru",30,0.17,0.0008
2026-05-07 02:30:40,52,"Arakere, Bengaluru",32,0.17,0.0008
2026-05-07 02:30:28,52,"Arakere, Bengaluru",32,0.17,0.0008
2026-05-07 02:30:16,54,"Arakere, Bengaluru",33,0.17,0.0009
2026-05-07 02:30:04,52,"Arakere, Bengaluru",32,0.17,0.0008
2026-05-07 02:29:52,52,"Arakere, Bengaluru",32,0.17,0.0008
2026-05-07 02:29:40,52,"Arakere, Bengaluru",32,0.17,0.0008
2026-05-07 02:29:28,54,"Arakere, Bengaluru",33,0.17,0.0009
2026-05-07 02:29:16,52,"Arakere, Bengaluru",32,0.17,0.0008
2026-05-07 02:29:04,52,"Arakere, Bengaluru",32,0.17,0.0008
2026-05-07 02:28:52,51,"Arakere, Bengaluru",31,0.16,0.0008
2026-05-07 02:28:40,52,"Arakere, Bengaluru",32,0.16,0.0008
2026-05-07 02:28:28,51,"Arakere, Bengaluru",31,0.16,0.0008
2026-05-07 02:28:16,51,"Arakere, Bengaluru",31,0.16,0.0008
2026-05-07 02:28:04,50,"Arakere, Bengaluru",30,0.16,0.0008
2026-05-07 02:27:52,51,"Arakere, Bengaluru",31,0.16,0.0008
2026-05-07 02:27:40,54,"Arakere, Bengaluru",33,0.16,0.0009
2026-05-07 02:27:28,54,"Arakere, Bengaluru",33,0.16,0.0009
2026-05-07 02:27:16,52,"Arakere, Bengaluru",32,0.16,0.0008
2026-05-07 02:27:04,52,"Arakere, Bengaluru",32,0.16,0.0008
2026-05-07 02:26:52,56,"Arakere, Bengaluru",34,0.16,0.0009
2026-05-07 02:26:40,52,"Arakere, Bengaluru",32,0.16,0.0008
2026-05-07 02:26:28,54,"Arakere, Bengaluru",33,0.16,0.0009
2026-05-07 02:26:16,52,"Arakere, Bengaluru",32,0.16,0.0008
2026-05-07 02:26:04,54,"Arakere, Bengaluru",33,0.16,0.0009
2026-05-07 02:25:55,52,"Arakere, Bengaluru",32,0.16,0.0008
2026-05-07 02:25:40,51,"Arakere, Bengaluru",31,0.16,0.0008
2026-05-07 02:25:28,52,"Arakere, Bengaluru",32,0.16,0.0008
2026-05-07 02:25:16,52,"Arakere, Bengaluru",32,0.16,0.0008
2026-05-07 02:25:04,52,"Arakere, Bengaluru",32,0.16,0.0008
2026-05-07 02:24:52,52,"Arakere, Bengaluru",32,0.16,0.0008
2026-05-07 02:24:40,52,"Arakere, Bengaluru",32,0.16,0.0008
2026-05-07 02:24:28,51,"Arakere, Bengaluru",31,0.16,0.0008
2026-05-07 02:24:16,52,"Arakere, Bengaluru",32,0.16,0.0008
2026-05-07 02:24:04,52,"Arakere, Bengaluru",32,0.16,0.0008
2026-05-07 02:23:52,51,"Arakere, Bengaluru",31,0.17,0.0008
2026-05-07 02:23:52,51,"Arakere, Bengaluru",31,0.17,0.0008
2026-05-07 02:23:52,51,"Arakere, Bengaluru",31,0.17,0.0008
2026-05-07 02:23:40,52,"Arakere, Bengaluru",32,0.17,0.0008
2026-05-07 02:23:28,51,"Arakere, Bengaluru",31,0.17,0.0008
2026-05-07 02:23:16,52,"Arakere, Bengaluru",32,0.17,0.0008
2026-05-07 02:23:04,52,"Arakere, Bengaluru",32,0.17,0.0008
2026-05-07 02:22:52,52,"Arakere, Bengaluru",32,0.17,0.0008
2026-05-07 02:22:40,54,"Arakere, Bengaluru",33,0.17,0.0009
2026-05-07 02:22:28,54,"Arakere, Bengaluru",33,0.17,0.0009
2026-05-07 02:22:16,52,"Arakere, Bengaluru",32,0.17,0.0008
2026-05-07 02:22:04,54,"Arakere, Bengaluru",33,0.17,0.0009
2026-05-07 02:21:52,51,"Arakere, Bengaluru",31,0.17,0.0008
2026-05-07 02:21:40,52,"Arakere, Bengaluru",32,0.17,0.0008
2026-05-07 02:21:28,52,"Arakere, Bengaluru",32,0.17,0.0008
2026-05-07 02:21:16,51,"Arakere, Bengaluru",31,0.17,0.0008
2026-05-07 02:21:04,52,"Arakere, Bengaluru",32,0.17,0.0008
2026-05-07 02:20:52,54,"Arakere, Bengaluru",33,0.17,0.0009
2026-05-07 02:20:40,52,"Arakere, Bengaluru",32,0.17,0.0008
2026-05-07 02:20:28,51,"Arakere, Bengaluru",31,0.17,0.0008
2026-05-07 02:20:16,51,"Arakere, Bengaluru",31,0.17,0.0008
2026-05-07 02:20:04,52,"Arakere, Bengaluru",32,0.17,0.0008
2026-05-07 02:19:52,52,"Arakere, Bengaluru",32,0.17,0.0008
2026-05-07 02:19:40,51,"Arakere, Bengaluru",31,0.17,0.0008
2026-05-07 02:19:28,52,"Arakere, Bengaluru",32,0.17,0.0008
2026-05-07 02:19:16,52,"Arakere, Bengaluru",32,0.17,0.0008
2026-05-07 02:19:04,54,"Arakere, Bengaluru",33,0.17,0.0009
2026-05-07 02:18:52,54,"Arakere, Bengaluru",33,0.17,0.0009
2026-05-07 02:18:40,51,"Arakere, Bengaluru",31,0.17,0.0008
2026-05-07 02:18:40,51,"Arakere, Bengaluru",31,0.17,0.0008
2026-05-07 02:18:40,51,"Arakere, Bengaluru",31,0.17,0.0008
2026-05-07 02:18:28,50,"Arakere, Bengaluru",30,0.17,0.0008
2026-05-07 02:18:16,51,"Arakere, Bengaluru",31,0.17,0.0008
2026-05-07 02:18:04,52,"Arakere, Bengaluru",32,0.17,0.0008
2026-05-07 02:17:52,51,"Arakere, Bengaluru",31,0.17,0.0008
2026-05-07 02:17:40,51,"Arakere, Bengaluru",31,0.17,0.0008
2026-05-07 02:17:28,51,"Arakere, Bengaluru",31,0.17,0.0008
2026-05-07 02:17:16,54,"Arakere, Bengaluru",33,0.17,0.0009
2026-05-07 02:17:04,54,"Arakere, Bengaluru",33,0.17,0.0009
2026-05-07 02:16:52,52,"Arakere, Bengaluru",32,0.18,0.0008
2026-05-07 02:16:28,54,"Arakere, Bengaluru",33,0.18,0.0009
2026-05-07 02:16:16,52,"Arakere, Bengaluru",32,0.18,0.0008
2026-05-07 02:16:04,52,"Arakere, Bengaluru",32,0.18,0.0008
2026-05-07 02:15:52,52,"Arakere, Bengaluru",32,0.17,0.0008
2026-05-07 02:15:40,51,"Arakere, Bengaluru",31,0.17,0.0008
2026-05-07 02:15:29,50,"Arakere, Bengaluru",30,0.17,0.0008
2026-05-07 02:15:16,51,"Arakere, Bengaluru",31,0.17,0.0008
2026-05-07 02:15:05,51,"Arakere, Bengaluru",31,0.17,0.0008
2026-05-07 02:14:52,51,"Arakere, Bengaluru",31,0.17,0.0008
2026-05-07 02:14:40,51,"Arakere, Bengaluru",31,0.17,0.0008
2026-05-07 02:14:28,51,"Arakere, Bengaluru",31,0.17,0.0008
2026-05-07 02:14:16,50,"Arakere, Bengaluru",30,0.17,0.0008
2026-05-07 02:14:05,52,"Arakere, Bengaluru",32,0.17,0.0008
2026-05-07 02:13:53,54,"Arakere, Bengaluru",33,0.17,0.0009
2026-05-07 02:13:40,52,"Arakere, Bengaluru",32,0.17,0.0008
2026-05-07 02:13:29,54,"Arakere, Bengaluru",33,0.17,0.0009
2026-05-07 02:13:29,54,"Arakere, Bengaluru",33,0.17,0.0009
2026-05-07 02:13:29,54,"Arakere, Bengaluru",33,0.17,0.0009
2026-05-07 02:13:29,54,"Arakere, Bengaluru",33,0.17,0.0009
2026-05-07 02:12:52,64,"Arakere, Bengaluru",39,0.18,0.0011
2026-05-07 02:12:41,74,"Arakere, Bengaluru",45,0.18,0.0013
2026-05-07 02:12:34,84,"Arakere, Bengaluru",51,0.18,0.0016
2026-05-07 02:12:29,74,"Arakere, Bengaluru",45,0.18,0.0013
2026-05-07 02:12:26,62,"Arakere, Bengaluru",38,0.18,0.0011
2026-05-07 02:12:20,48,"Arakere, Bengaluru",29,0.18,0.0007
2026-05-07 02:12:08,50,"Arakere, Bengaluru",30,0.18,0.0008
2026-05-07 02:11:56,51,"Arakere, Bengaluru",31,0.18,0.0008
2026-05-07 02:11:44,48,"Arakere, Bengaluru",29,0.18,0.0007
2026-05-07 02:11:32,51,"Arakere, Bengaluru",31,0.18,0.0008
2026-05-07 02:11:20,50,"Arakere, Bengaluru",30,0.18,0.0008
2026-05-07 02:11:08,51,"Arakere, Bengaluru",31,0.18,0.0008
2026-05-07 02:10:56,50,"Arakere, Bengaluru",30,0.18,0.0008
2026-05-07 02:10:44,50,"Arakere, Bengaluru",30,0.18,0.0008
2026-05-07 02:10:32,51,"Arakere, Bengaluru",31,0.18,0.0008
2026-05-07 02:10:20,52,"Arakere, Bengaluru",32,0.18,0.0008
2026-05-07 02:10:08,51,"Arakere, Bengaluru",31,0.18,0.0008
2026-05-07 02:09:56,51,"Arakere, Bengaluru",31,0.18,0.0008
2026-05-07 02:09:44,54,"Arakere, Bengaluru",33,0.17,0.0009
2026-05-07 02:09:32,56,"Arakere, Bengaluru",34,0.17,0.0009
2026-05-07 02:09:20,56,"Arakere, Bengaluru",34,0.17,0.0009
2026-05-07 02:09:08,62,"Arakere, Bengaluru",38,0.17,0.0011
2026-05-07 02:08:57,72,"Arakere, Bengaluru",44,0.17,0.0013
2026-05-07 02:08:49,83,"Arakere, Bengaluru",50,0.17,0.0015
2026-05-07 02:08:44,93,"Arakere, Bengaluru",56,0.17,0.0017
2026-05-07 02:08:41,114,"Arakere, Bengaluru",65,0.17,0.0021
2026-05-07 02:08:38,152,"Arakere, Bengaluru",76,0.17,0.0025
2026-05-07 02:08:35,196,"Arakere, Bengaluru",89,0.17,0.0030
2026-05-07 02:08:32,252,"Arakere, Bengaluru",106,0.17,0.0036
2026-05-07 02:08:29,305,"Arakere, Bengaluru",127,0.17,0.0044
2026-05-07 02:08:26,317,"Arakere, Bengaluru",143,0.17,0.0050
2026-05-07 02:08:23,340,"Arakere, Bengaluru",172,0.17,0.0061
2026-05-07 02:08:20,371,"Arakere, Bengaluru",213,0.17,0.0077
2026-05-07 02:08:17,402,"Arakere, Bengaluru",255,0.17,0.0093
2026-05-07 02:08:14,475,"Arakere, Bengaluru",310,0.17,0.0114
2026-05-07 02:08:11,631,"Arakere, Bengaluru",380,0.17,0.0140
2026-05-07 02:08:08,816,"Arakere, Bengaluru",461,0.17,0.0171
2026-05-07 02:08:05,969,"Arakere, Bengaluru",528,0.17,0.0196
2026-05-07 02:07:54,1000,"Arakere, Bengaluru",960,0.17,0.0360
2026-05-07 02:07:07,52,"Arakere, Bengaluru",32,0.17,0.0008
2026-05-07 02:06:55,51,"Arakere, Bengaluru",31,0.17,0.0008
2026-05-07 02:06:43,54,"Arakere, Bengaluru",33,0.17,0.0009
2026-05-07 02:06:31,52,"Arakere, Bengaluru",32,0.17,0.0008
2026-05-07 02:06:19,52,"Arakere, Bengaluru",32,0.17,0.0008
2026-05-07 02:06:07,51,"Arakere, Bengaluru",31,0.17,0.0008
2026-05-07 02:05:55,54,"Arakere, Bengaluru",33,0.17,0.0009
2026-05-07 02:05:43,54,"Arakere, Bengaluru",33,0.17,0.0009
2026-05-07 02:05:31,54,"Arakere, Bengaluru",33,0.17,0.0009
2026-05-07 02:05:19,51,"Arakere, Bengaluru",31,0.17,0.0008
2026-05-07 02:05:07,51,"Arakere, Bengaluru",31,0.17,0.0008
2026-05-07 02:04:55,51,"Arakere, Bengaluru",31,0.17,0.0008
2026-05-07 02:04:43,52,"Arakere, Bengaluru",32,0.17,0.0008
2026-05-07 02:04:31,52,"Arakere, Bengaluru",32,0.17,0.0008
2026-05-07 02:04:19,52,"Arakere, Bengaluru",32,0.17,0.0008
2026-05-07 02:04:07,52,"Arakere, Bengaluru",32,0.17,0.0008
2026-05-07 02:03:55,52,"Arakere, Bengaluru",32,0.17,0.0008
2026-05-07 02:03:43,50,"Arakere, Bengaluru",30,0.17,0.0008
2026-05-07 02:03:31,50,"Arakere, Bengaluru",30,0.17,0.0008
2026-05-07 02:03:19,48,"Arakere, Bengaluru",29,0.17,0.0007
2026-05-07 02:03:07,50,"Arakere, Bengaluru",30,0.17,0.0008
2026-05-07 02:02:55,51,"Arakere, Bengaluru",31,0.17,0.0008
2026-05-07 02:02:43,54,"Arakere, Bengaluru",33,0.17,0.0009
2026-05-07 02:02:31,52,"Arakere, Bengaluru",32,0.17,0.0008
2026-05-07 02:02:19,52,"Arakere, Bengaluru",32,0.17,0.0008
2026-05-07 02:02:07,52,"Arakere, Bengaluru",32,0.17,0.0008
2026-05-07 02:01:55,48,"Arakere, Bengaluru",29,0.17,0.0007
2026-05-07 02:01:43,51,"Arakere, Bengaluru",31,0.17,0.0008
2026-05-07 02:00:55,54,"Arakere, Bengaluru",33,0.17,0.0009
2026-05-07 02:00:43,54,"Arakere, Bengaluru",33,0.17,0.0009
2026-05-07 02:00:31,51,"Arakere, Bengaluru",31,0.17,0.0008
2026-05-07 02:00:19,51,"Arakere, Bengaluru",31,0.17,0.0008
2026-05-07 02:00:07,50,"Arakere, Bengaluru",30,0.17,0.0008
2026-05-07 01:59:55,51,"Arakere, Bengaluru",31,0.17,0.0008
2026-05-07 01:59:43,50,"Arakere, Bengaluru",30,0.17,0.0008
2026-05-07 01:59:31,51,"Arakere, Bengaluru",31,0.17,0.0008
2026-05-07 01:59:19,52,"Arakere, Bengaluru",32,0.17,0.0008
2026-05-07 01:59:07,52,"Arakere, Bengaluru",32,0.17,0.0008
2026-05-07 01:58:55,52,"Arakere, Bengaluru",32,0.17,0.0008
2026-05-07 01:58:43,52,"Arakere, Bengaluru",32,0.17,0.0008
2026-05-07 01:58:31,50,"Arakere, Bengaluru",30,0.17,0.0008
2026-05-07 01:58:19,52,"Arakere, Bengaluru",32,0.17,0.0008
2026-05-07 01:58:07,51,"Arakere, Bengaluru",31,0.17,0.0008
2026-05-07 01:57:55,54,"Arakere, Bengaluru",33,0.17,0.0009
2026-05-07 01:57:43,51,"Arakere, Bengaluru",31,0.17,0.0008
2026-05-07 01:57:31,50,"Arakere, Bengaluru",30,0.17,0.0008
2026-05-07 01:57:19,52,"Arakere, Bengaluru",32,0.17,0.0008
2026-05-07 01:57:07,54,"Arakere, Bengaluru",33,0.17,0.0009
2026-05-07 01:56:55,61,"Arakere, Bengaluru",37,0.16,0.0010
2026-05-07 01:56:46,71,"Arakere, Bengaluru",43,0.16,0.0013
2026-05-07 01:56:39,81,"Arakere, Bengaluru",49,0.16,0.0015
2026-05-07 01:56:34,91,"Arakere, Bengaluru",55,0.16,0.0017
2026-05-07 01:56:31,107,"Arakere, Bengaluru",63,0.16,0.0020
2026-05-07 01:56:28,148,"Arakere, Bengaluru",75,0.16,0.0025
2026-05-07 01:56:25,193,"Arakere, Bengaluru",88,0.16,0.0030
2026-05-07 01:56:22,241,"Arakere, Bengaluru",103,0.16,0.0035
2026-05-07 01:56:19,282,"Arakere, Bengaluru",115,0.16,0.0040
2026-05-07 01:56:11,308,"Arakere, Bengaluru",131,0.16,0.0046
2026-05-07 01:56:08,204,"Arakere, Bengaluru",92,0.16,0.0031
2026-05-07 01:56:05,88,"Arakere, Bengaluru",53,0.16,0.0016
2026-05-07 01:56:02,61,"Arakere, Bengaluru",37,0.16,0.0010
2026-05-07 01:55:57,48,"Arakere, Bengaluru",29,0.16,0.0007
2026-05-07 01:55:45,48,"Arakere, Bengaluru",29,0.16,0.0007
2026-05-07 01:55:33,51,"Arakere, Bengaluru",31,0.16,0.0008
2026-05-07 01:55:21,48,"Arakere, Bengaluru",29,0.16,0.0007
2026-05-07 01:55:09,50,"Arakere, Bengaluru",30,0.16,0.0008
2026-05-07 01:54:57,51,"Arakere, Bengaluru",31,0.16,0.0008
2026-05-07 01:54:45,51,"Arakere, Bengaluru",31,0.16,0.0008
2026-05-07 01:54:33,51,"Arakere, Bengaluru",31,0.16,0.0008
2026-05-07 01:54:21,50,"Arakere, Bengaluru",30,0.16,0.0008
2026-05-07 01:54:09,48,"Arakere, Bengaluru",29,0.16,0.0007
2026-05-07 01:53:57,52,"Arakere, Bengaluru",32,0.16,0.0008
2026-05-07 01:53:45,52,"Arakere, Bengaluru",32,0.16,0.0008
2026-05-07 01:53:33,50,"Arakere, Bengaluru",30,0.16,0.0008
2026-05-07 01:53:21,51,"Arakere, Bengaluru",31,0.16,0.0008
2026-05-07 01:53:09,51,"Arakere, Bengaluru",31,0.16,0.0008
2026-05-07 01:52:57,51,"Arakere, Bengaluru",31,0.16,0.0008
2026-05-07 01:52:45,56,"Arakere, Bengaluru",34,0.16,0.0009
2026-05-07 01:52:33,52,"Arakere, Bengaluru",32,0.16,0.0008
2026-05-07 01:52:21,52,"Arakere, Bengaluru",32,0.16,0.0008
2026-05-07 01:52:09,52,"Arakere, Bengaluru",32,0.16,0.0008
2026-05-07 01:51:57,54,"Arakere, Bengaluru",33,0.16,0.0009
2026-05-07 01:51:45,51,"Arakere, Bengaluru",31,0.16,0.0008
2026-05-07 01:51:33,51,"Arakere, Bengaluru",31,0.16,0.0008
2026-05-07 01:51:21,54,"Arakere, Bengaluru",33,0.16,0.0009
2026-05-07 01:51:09,51,"Arakere, Bengaluru",31,0.16,0.0008
2026-05-07 01:50:57,52,"Arakere, Bengaluru",32,0.16,0.0008
2026-05-07 01:50:45,51,"Arakere, Bengaluru",31,0.16,0.0008
2026-05-07 01:50:33,51,"Arakere, Bengaluru",31,0.16,0.0008
2026-05-07 01:50:21,51,"Arakere, Bengaluru",31,0.16,0.0008
2026-05-07 01:50:09,50,"Arakere, Bengaluru",30,0.16,0.0008
2026-05-07 01:49:57,51,"Arakere, Bengaluru",31,0.16,0.0008
2026-05-07 01:49:57,51,"Arakere, Bengaluru",31,0.16,0.0008
2026-05-07 01:49:57,51,"Arakere, Bengaluru",31,0.16,0.0008
2026-05-07 01:49:35,52,"Arakere, Bengaluru",32,0.16,0.0008
2026-05-07 01:49:35,52,"Arakere, Bengaluru",32,0.16,0.0008
2026-05-07 01:49:34,52,"Arakere, Bengaluru",32,0.16,0.0008
2026-05-07 01:49:34,52,"Arakere, Bengaluru",32,0.16,0.0008
2026-05-07 01:49:09,50,"Arakere, Bengaluru",30,0.16,0.0008
2026-05-07 01:48:57,51,"Arakere, Bengaluru",31,0.16,0.0008
2026-05-07 01:48:45,48,"Arakere, Bengaluru",29,0.16,0.0007
2026-05-07 01:48:33,51,"Arakere, Bengaluru",31,0.16,0.0008
2026-05-07 01:48:21,51,"Arakere, Bengaluru",31,0.16,0.0008
2026-05-07 01:48:09,50,"Arakere, Bengaluru",30,0.16,0.0008
2026-05-07 01:47:57,52,"Arakere, Bengaluru",32,0.16,0.0008
2026-05-07 01:47:45,50,"Arakere, Bengaluru",30,0.16,0.0008
2026-05-07 01:47:33,50,"Arakere, Bengaluru",30,0.16,0.0008
2026-05-07 01:47:21,48,"Arakere, Bengaluru",29,0.16,0.0007
2026-05-07 01:47:09,51,"Arakere, Bengaluru",31,0.16,0.0008
2026-05-07 01:46:57,54,"Arakere, Bengaluru",33,0.16,0.0009
2026-05-07 01:46:45,56,"Arakere, Bengaluru",34,0.16,0.0009
2026-05-07 01:46:33,52,"Arakere, Bengaluru",32,0.16,0.0008
2026-05-07 01:46:21,51,"Arakere, Bengaluru",31,0.16,0.0008
2026-05-07 01:46:09,50,"Arakere, Bengaluru",30,0.16,0.0008
2026-05-07 01:45:57,52,"Arakere, Bengaluru",32,0.16,0.0008
2026-05-07 01:45:45,52,"Arakere, Bengaluru",32,0.17,0.0008
2026-05-07 01:45:33,48,"Arakere, Bengaluru",29,0.17,0.0007
2026-05-07 01:45:21,51,"Arakere, Bengaluru",31,0.17,0.0008
2026-05-07 01:45:09,51,"Arakere, Bengaluru",31,0.17,0.0008
2026-05-07 01:44:57,51,"Arakere, Bengaluru",31,0.17,0.0008
2026-05-07 01:44:45,51,"Arakere, Bengaluru",31,0.17,0.0008
2026-05-07 01:44:33,52,"Arakere, Bengaluru",32,0.17,0.0008
2026-05-07 01:44:21,52,"Arakere, Bengaluru",32,0.17,0.0008
2026-05-07 01:44:09,54,"Arakere, Bengaluru",33,0.17,0.0009
2026-05-07 01:43:57,51,"Arakere, Bengaluru",31,0.17,0.0008
2026-05-07 01:43:45,52,"Arakere, Bengaluru",32,0.17,0.0008
2026-05-07 01:43:33,52,"Arakere, Bengaluru",32,0.17,0.0008
2026-05-07 01:43:21,54,"Arakere, Bengaluru",33,0.17,0.0009
2026-05-07 01:43:09,54,"Arakere, Bengaluru",33,0.17,0.0009
2026-05-07 01:42:57,56,"Arakere, Bengaluru",34,0.17,0.0009
2026-05-07 01:42:45,57,"Arakere, Bengaluru",35,0.16,0.0009
2026-05-07 01:42:33,64,"Arakere, Bengaluru",39,0.16,0.0011
2026-05-07 01:42:21,62,"Arakere, Bengaluru",38,0.16,0.0011
2026-05-07 01:42:09,52,"Arakere, Bengaluru",32,0.16,0.0008
2026-05-07 01:41:57,56,"Arakere, Bengaluru",34,0.16,0.0009
2026-05-07 01:41:45,56,"Arakere, Bengaluru",34,0.17,0.0009
2026-05-07 01:41:33,59,"Arakere, Bengaluru",36,0.17,0.0010
2026-05-07 01:41:21,57,"Arakere, Bengaluru",35,0.17,0.0009
2026-05-07 01:41:09,59,"Arakere, Bengaluru",36,0.17,0.0010
2026-05-07 01:40:57,57,"Arakere, Bengaluru",35,0.17,0.0009
2026-05-07 01:40:45,57,"Arakere, Bengaluru",35,0.17,0.0009
2026-05-07 01:40:33,57,"Arakere, Bengaluru",35,0.17,0.0009
2026-05-07 01:40:21,62,"Arakere, Bengaluru",38,0.17,0.0011
2026-05-07 01:40:09,64,"Arakere, Bengaluru",39,0.17,0.0011
2026-05-07 01:39:57,59,"Arakere, Bengaluru",36,0.17,0.0010
2026-05-07 01:39:45,54,"Arakere, Bengaluru",33,0.17,0.0009
2026-05-07 01:39:33,56,"Arakere, Bengaluru",34,0.17,0.0009
2026-05-07 01:39:21,56,"Arakere, Bengaluru",34,0.17,0.0009
2026-05-07 01:39:09,54,"Arakere, Bengaluru",33,0.17,0.0009
2026-05-07 01:38:57,52,"Arakere, Bengaluru",32,0.17,0.0008
2026-05-07 01:38:45,54,"Arakere, Bengaluru",33,0.17,0.0009
2026-05-07 01:38:33,51,"Arakere, Bengaluru",31,0.17,0.0008
2026-05-07 01:38:21,52,"Arakere, Bengaluru",32,0.17,0.0008
2026-05-07 01:38:09,54,"Arakere, Bengaluru",33,0.17,0.0009
2026-05-07 01:37:57,56,"Arakere, Bengaluru",34,0.17,0.0009
2026-05-07 01:37:45,56,"Arakere, Bengaluru",34,0.17,0.0009
2026-05-07 01:37:33,57,"Arakere, Bengaluru",35,0.17,0.0009
2026-05-07 01:37:21,57,"Arakere, Bengaluru",35,0.17,0.0009
2026-05-07 01:37:09,56,"Arakere, Bengaluru",34,0.17,0.0009
2026-05-07 01:36:57,57,"Arakere, Bengaluru",35,0.17,0.0009
2026-05-07 01:36:45,54,"Arakere, Bengaluru",33,0.17,0.0009
2026-05-07 01:36:33,54,"Arakere, Bengaluru",33,0.17,0.0009
2026-05-07 01:36:21,57,"Arakere, Bengaluru",35,0.17,0.0009
2026-05-07 01:36:09,56,"Arakere, Bengaluru",34,0.17,0.0009
2026-05-07 01:35:57,56,"Arakere, Bengaluru",34,0.17,0.0009
2026-05-07 01:35:45,56,"Arakere, Bengaluru",34,0.18,0.0009
2026-05-07 01:35:33,54,"Arakere, Bengaluru",33,0.18,0.0009
2026-05-07 01:35:21,56,"Arakere, Bengaluru",34,0.18,0.0009
2026-05-07 01:35:09,57,"Arakere, Bengaluru",35,0.18,0.0009
2026-05-07 01:34:57,56,"Arakere, Bengaluru",34,0.18,0.0009
2026-05-07 01:34:45,56,"Arakere, Bengaluru",34,0.17,0.0009
2026-05-07 01:34:33,57,"Arakere, Bengaluru",35,0.17,0.0009
2026-05-07 01:34:21,59,"Arakere, Bengaluru",36,0.17,0.0010
2026-05-07 01:34:21,59,"Arakere, Bengaluru",36,0.17,0.0010
2026-05-07 01:33:45,59,"Arakere, Bengaluru",36,0.17,0.0010
2026-05-07 01:33:33,57,"Arakere, Bengaluru",35,0.17,0.0009
2026-05-07 01:33:21,59,"Arakere, Bengaluru",36,0.17,0.0010
2026-05-07 01:33:09,59,"Arakere, Bengaluru",36,0.17,0.0010
2026-05-07 01:32:57,57,"Arakere, Bengaluru",35,0.17,0.0009
2026-05-07 01:32:45,56,"Arakere, Bengaluru",34,0.17,0.0009
2026-05-07 01:32:33,57,"Arakere, Bengaluru",35,0.17,0.0009
2026-05-07 01:32:21,59,"Arakere, Bengaluru",36,0.17,0.0010
2026-05-07 01:32:21,59,"Arakere, Bengaluru",36,0.17,0.0010
2026-05-07 01:31:58,61,"Arakere, Bengaluru",37,0.17,0.0010
2026-05-07 01:31:45,61,"Arakere, Bengaluru",37,0.17,0.0010
2026-05-07 01:31:34,59,"Arakere, Bengaluru",36,0.17,0.0010
2026-05-07 01:31:22,61,"Arakere, Bengaluru",37,0.17,0.0010
2026-05-07 01:31:09,57,"Arakere, Bengaluru",35,0.17,0.0009
2026-05-07 01:30:57,59,"Arakere, Bengaluru",36,0.17,0.0010
2026-05-07 01:30:45,56,"Arakere, Bengaluru",34,0.17,0.0009
2026-05-07 01:30:34,56,"Arakere, Bengaluru",34,0.17,0.0009
2026-05-07 01:30:21,56,"Arakere, Bengaluru",34,0.17,0.0009
2026-05-07 01:30:10,56,"Arakere, Bengaluru",34,0.17,0.0009
2026-05-07 01:29:58,57,"Arakere, Bengaluru",35,0.17,0.0009
2026-05-07 01:29:58,57,"Arakere, Bengaluru",35,0.17,0.0009
2026-05-07 01:29:58,57,"Arakere, Bengaluru",35,0.17,0.0009
2026-05-07 01:29:58,57,"Arakere, Bengaluru",35,0.17,0.0009
2026-05-07 01:29:45,57,"Arakere, Bengaluru",35,0.17,0.0009
2026-05-07 01:29:34,56,"Arakere, Bengaluru",34,0.17,0.0009
2026-05-07 01:29:21,57,"Arakere, Bengaluru",35,0.17,0.0009
2026-05-07 01:29:09,57,"Arakere, Bengaluru",35,0.17,0.0009
2026-05-07 01:28:57,59,"Arakere, Bengaluru",36,0.17,0.0010
2026-05-07 01:28:45,59,"Arakere, Bengaluru",36,0.17,0.0010
2026-05-07 01:28:33,56,"Arakere, Bengaluru",34,0.17,0.0009
2026-05-07 01:28:21,57,"Arakere, Bengaluru",35,0.17,0.0009
2026-05-07 01:28:09,61,"Arakere, Bengaluru",37,0.17,0.0010
2026-05-07 01:27:57,61,"Arakere, Bengaluru",37,0.17,0.0010
2026-05-07 01:27:45,62,"Arakere, Bengaluru",38,0.17,0.0011
2026-05-07 01:27:33,61,"Arakere, Bengaluru",37,0.17,0.0010
2026-05-07 01:27:21,56,"Arakere, Bengaluru",34,0.17,0.0009
2026-05-07 01:27:09,57,"Arakere, Bengaluru",35,0.17,0.0009
2026-05-07 01:26:57,59,"Arakere, Bengaluru",36,0.17,0.0010
2026-05-07 01:26:45,57,"Arakere, Bengaluru",35,0.17,0.0009
2026-05-07 01:26:33,62,"Arakere, Bengaluru",38,0.17,0.0011
2026-05-07 01:26:21,62,"Arakere, Bengaluru",38,0.17,0.0011
2026-05-07 01:26:09,62,"Arakere, Bengaluru",38,0.17,0.0011
2026-05-07 01:25:57,61,"Arakere, Bengaluru",37,0.17,0.0010
2026-05-07 01:25:45,61,"Arakere, Bengaluru",37,0.17,0.0010
2026-05-07 01:25:33,61,"Arakere, Bengaluru",37,0.17,0.0010
2026-05-07 01:25:21,61,"Arakere, Bengaluru",37,0.17,0.0010
2026-05-07 01:25:09,62,"Arakere, Bengaluru",38,0.17,0.0011
2026-05-07 01:24:57,59,"Arakere, Bengaluru",36,0.17,0.0010
2026-05-07 01:24:57,59,"Arakere, Bengaluru",36,0.17,0.0010
2026-05-07 01:24:57,59,"Arakere, Bengaluru",36,0.17,0.0010
2026-05-07 01:24:45,61,"Arakere, Bengaluru",37,0.17,0.0010
2026-05-07 01:24:33,59,"Arakere, Bengaluru",36,0.17,0.0010
2026-05-07 01:24:33,59,"Arakere, Bengaluru",36,0.17,0.0010
2026-05-07 01:23:57,61,"Arakere, Bengaluru",37,0.17,0.0010
2026-05-07 01:23:45,57,"Arakere, Bengaluru",35,0.17,0.0009
2026-05-07 01:23:33,59,"Arakere, Bengaluru",36,0.17,0.0010
2026-05-07 01:23:21,61,"Arakere, Bengaluru",37,0.17,0.0010
2026-05-07 01:23:09,59,"Arakere, Bengaluru",36,0.17,0.0010
2026-05-07 01:22:57,57,"Arakere, Bengaluru",35,0.17,0.0009
2026-05-07 01:22:45,59,"Arakere, Bengaluru",36,0.17,0.0010
2026-05-07 01:22:33,57,"Arakere, Bengaluru",35,0.17,0.0009
2026-05-07 01:22:21,59,"Arakere, Bengaluru",36,0.17,0.0010
2026-05-07 01:22:09,57,"Arakere, Bengaluru",35,0.17,0.0009
2026-05-07 01:21:57,59,"Arakere, Bengaluru",36,0.17,0.0010
2026-05-07 01:21:45,61,"Arakere, Bengaluru",37,0.17,0.0010
2026-05-07 01:21:33,62,"Arakere, Bengaluru",38,0.17,0.0011
2026-05-07 01:21:21,61,"Arakere, Bengaluru",37,0.17,0.0010
2026-05-07 01:21:09,64,"Arakere, Bengaluru",39,0.17,0.0011
2026-05-07 01:20:57,62,"Arakere, Bengaluru",38,0.17,0.0011
2026-05-07 01:20:45,64,"Arakere, Bengaluru",39,0.17,0.0011
2026-05-07 01:20:33,62,"Arakere, Bengaluru",38,0.17,0.0011
2026-05-07 01:20:21,61,"Arakere, Bengaluru",37,0.17,0.0010
2026-05-07 01:20:09,61,"Arakere, Bengaluru",37,0.17,0.0010
2026-05-07 01:19:57,61,"Arakere, Bengaluru",37,0.17,0.0010
2026-05-07 01:19:46,62,"Arakere, Bengaluru",38,0.17,0.0011
2026-05-07 01:19:33,62,"Arakere, Bengaluru",38,0.17,0.0011
2026-05-07 01:18:58,61,"Arakere, Bengaluru",37,0.17,0.0010
2026-05-07 01:18:45,59,"Arakere, Bengaluru",36,0.17,0.0010
2026-05-07 01:18:34,59,"Arakere, Bengaluru",36,0.17,0.0010
2026-05-07 01:18:21,61,"Arakere, Bengaluru",37,0.17,0.0010
2026-05-07 01:18:09,57,"Arakere, Bengaluru",35,0.17,0.0009
2026-05-07 01:17:57,61,"Arakere, Bengaluru",37,0.17,0.0010
2026-05-07 01:17:45,61,"Arakere, Bengaluru",37,0.17,0.0010
2026-05-07 01:17:34,59,"Arakere, Bengaluru",36,0.17,0.0010
2026-05-07 01:17:21,59,"Arakere, Bengaluru",36,0.17,0.0010
2026-05-07 01:17:10,61,"Arakere, Bengaluru",37,0.17,0.0010
2026-05-07 01:16:57,62,"Arakere, Bengaluru",38,0.17,0.0011
2026-05-07 01:16:45,62,"Arakere, Bengaluru",38,0.17,0.0011
2026-05-07 01:16:33,64,"Arakere, Bengaluru",39,0.17,0.0011
2026-05-07 01:16:21,62,"Arakere, Bengaluru",38,0.17,0.0011
2026-05-07 01:16:09,59,"Arakere, Bengaluru",36,0.17,0.0010
2026-05-07 01:15:57,62,"Arakere, Bengaluru",38,0.17,0.0011
2026-05-07 01:15:45,61,"Arakere, Bengaluru",37,0.18,0.0010
2026-05-07 01:15:33,62,"Arakere, Bengaluru",38,0.18,0.0011
2026-05-07 01:15:23,61,"Arakere, Bengaluru",37,0.18,0.0010
2026-05-07 01:15:23,61,"Arakere, Bengaluru",37,0.18,0.0010
2026-05-07 01:15:21,61,"Arakere, Bengaluru",37,0.18,0.0010
2026-05-07 01:15:21,61,"Arakere, Bengaluru",37,0.18,0.0010
2026-05-07 01:15:09,62,"Arakere, Bengaluru",38,0.18,0.0011
2026-05-07 01:14:57,61,"Arakere, Bengaluru",37,0.18,0.0010
2026-05-07 01:14:45,61,"Arakere, Bengaluru",37,0.17,0.0010
2026-05-07 01:14:34,62,"Arakere, Bengaluru",38,0.17,0.0011
2026-05-07 01:14:21,62,"Arakere, Bengaluru",38,0.17,0.0011
2026-05-07 01:14:09,62,"Arakere, Bengaluru",38,0.17,0.0011
2026-05-07 01:13:57,59,"Arakere, Bengaluru",36,0.17,0.0010
2026-05-07 01:13:45,59,"Arakere, Bengaluru",36,0.17,0.0010
2026-05-07 01:13:33,61,"Arakere, Bengaluru",37,0.17,0.0010
2026-05-07 01:13:21,59,"Arakere, Bengaluru",36,0.17,0.0010
2026-05-07 01:13:09,62,"Arakere, Bengaluru",38,0.17,0.0011
2026-05-07 01:12:57,62,"Arakere, Bengaluru",38,0.17,0.0011
2026-05-07 01:12:45,61,"Arakere, Bengaluru",37,0.17,0.0010
2026-05-07 01:12:33,61,"Arakere, Bengaluru",37,0.17,0.0010
2026-05-07 01:12:21,62,"Arakere, Bengaluru",38,0.17,0.0011
2026-05-07 01:12:09,62,"Arakere, Bengaluru",38,0.17,0.0011
2026-05-07 01:11:57,61,"Arakere, Bengaluru",37,0.17,0.0010
2026-05-07 01:11:45,61,"Arakere, Bengaluru",37,0.18,0.0010
2026-05-07 01:11:33,62,"Arakere, Bengaluru",38,0.18,0.0011
2026-05-07 01:11:21,59,"Arakere, Bengaluru",36,0.18,0.0010
2026-05-07 01:11:09,61,"Arakere, Bengaluru",37,0.18,0.0010
2026-05-07 01:10:57,64,"Arakere, Bengaluru",39,0.18,0.0011
2026-05-07 01:10:45,62,"Arakere, Bengaluru",38,0.17,0.0011
2026-05-07 01:10:33,61,"Arakere, Bengaluru",37,0.17,0.0010
2026-05-07 01:10:21,62,"Arakere, Bengaluru",38,0.17,0.0011
2026-05-07 01:10:11,62,"Arakere, Bengaluru",38,0.17,0.0011
2026-05-07 01:10:11,62,"Arakere, Bengaluru",38,0.17,0.0011
2026-05-07 01:10:10,62,"Arakere, Bengaluru",38,0.17,0.0011
2026-05-07 01:10:10,62,"Arakere, Bengaluru",38,0.17,0.0011
2026-05-07 01:10:10,62,"Arakere, Bengaluru",38,0.17,0.0011
2026-05-07 01:09:57,61,"Arakere, Bengaluru",37,0.17,0.0010
2026-05-07 01:09:45,64,"Arakere, Bengaluru",39,0.17,0.0011
2026-05-07 01:09:33,62,"Arakere, Bengaluru",38,0.17,0.0011
2026-05-07 01:09:21,62,"Arakere, Bengaluru",38,0.17,0.0011
2026-05-07 01:09:09,62,"Arakere, Bengaluru",38,0.17,0.0011
2026-05-07 01:08:57,61,"Arakere, Bengaluru",37,0.17,0.0010
2026-05-07 01:08:46,64,"Arakere, Bengaluru",39,0.17,0.0011
2026-05-07 01:08:33,61,"Arakere, Bengaluru",37,0.17,0.0010
2026-05-07 01:08:21,62,"Arakere, Bengaluru",38,0.17,0.0011
2026-05-07 01:08:09,64,"Arakere, Bengaluru",39,0.17,0.0011
2026-05-07 01:07:57,61,"Arakere, Bengaluru",37,0.17,0.0010
2026-05-07 01:07:45,62,"Arakere, Bengaluru",38,0.18,0.0011
2026-05-07 01:07:33,59,"Arakere, Bengaluru",36,0.18,0.0010
2026-05-07 01:07:21,62,"Arakere, Bengaluru",38,0.18,0.0011
2026-05-07 01:07:09,64,"Arakere, Bengaluru",39,0.18,0.0011
2026-05-07 01:06:57,62,"Arakere, Bengaluru",38,0.18,0.0011
2026-05-07 01:06:45,62,"Arakere, Bengaluru",38,0.18,0.0011
2026-05-07 01:06:33,64,"Arakere, Bengaluru",39,0.18,0.0011
2026-05-07 01:06:21,62,"Arakere, Bengaluru",38,0.18,0.0011
2026-05-07 01:06:09,64,"Arakere, Bengaluru",39,0.18,0.0011
2026-05-07 01:05:57,62,"Arakere, Bengaluru",38,0.18,0.0011
2026-05-07 01:05:45,64,"Arakere, Bengaluru",39,0.18,0.0011
2026-05-07 01:05:33,64,"Arakere, Bengaluru",39,0.18,0.0011
2026-05-07 01:05:21,62,"Arakere, Bengaluru",38,0.18,0.0011
2026-05-07 01:05:09,62,"Arakere, Bengaluru",38,0.18,0.0011
2026-05-07 01:04:58,62,"Arakere, Bengaluru",38,0.18,0.0011
2026-05-07 01:04:57,62,"Arakere, Bengaluru",38,0.18,0.0011
2026-05-07 01:04:57,62,"Arakere, Bengaluru",38,0.18,0.0011
2026-05-07 01:04:45,64,"Arakere, Bengaluru",39,0.17,0.0011
2026-05-07 01:04:33,62,"Arakere, Bengaluru",38,0.17,0.0011
2026-05-07 01:04:21,64,"Arakere, Bengaluru",39,0.17,0.0011
2026-05-07 01:04:09,64,"Arakere, Bengaluru",39,0.17,0.0011
2026-05-07 01:03:57,64,"Arakere, Bengaluru",39,0.17,0.0011
2026-05-07 01:03:45,61,"Arakere, Bengaluru",37,0.17,0.0010
2026-05-07 01:03:33,57,"Arakere, Bengaluru",35,0.17,0.0009
2026-05-07 01:03:21,61,"Arakere, Bengaluru",37,0.17,0.0010
2026-05-07 01:03:09,64,"Arakere, Bengaluru",39,0.17,0.0011
2026-05-07 01:02:57,62,"Arakere, Bengaluru",38,0.17,0.0011
2026-05-07 01:02:45,61,"Arakere, Bengaluru",37,0.18,0.0010
2026-05-07 01:02:33,62,"Arakere, Bengaluru",38,0.18,0.0011
2026-05-07 01:02:21,62,"Arakere, Bengaluru",38,0.18,0.0011
2026-05-07 01:02:09,62,"Arakere, Bengaluru",38,0.18,0.0011
2026-05-07 01:01:57,64,"Arakere, Bengaluru",39,0.18,0.0011
2026-05-07 01:01:45,61,"Arakere, Bengaluru",37,0.18,0.0010
2026-05-07 01:01:33,61,"Arakere, Bengaluru",37,0.18,0.0010
2026-05-07 01:01:21,61,"Arakere, Bengaluru",37,0.18,0.0010
2026-05-07 01:01:09,61,"Arakere, Bengaluru",37,0.18,0.0010
2026-05-07 01:00:57,64,"Arakere, Bengaluru",39,0.18,0.0011
2026-05-07 01:00:45,64,"Arakere, Bengaluru",39,0.18,0.0011
2026-05-07 01:00:33,64,"Arakere, Bengaluru",39,0.18,0.0011
2026-05-07 01:00:21,62,"Arakere, Bengaluru",38,0.18,0.0011
2026-05-07 01:00:09,61,"Arakere, Bengaluru",37,0.18,0.0010
2026-05-07 00:59:57,62,"Arakere, Bengaluru",38,0.18,0.0011
2026-05-07 00:59:45,61,"Arakere, Bengaluru",37,0.17,0.0010
2026-05-07 00:59:45,61,"Arakere, Bengaluru",37,0.17,0.0010
2026-05-07 00:59:45,61,"Arakere, Bengaluru",37,0.17,0.0010
2026-05-07 00:59:33,62,"Arakere, Bengaluru",38,0.17,0.0011
2026-05-07 00:59:21,66,"Arakere, Bengaluru",40,0.17,0.0011
2026-05-07 00:59:09,64,"Arakere, Bengaluru",39,0.17,0.0011
2026-05-07 00:58:57,64,"Arakere, Bengaluru",39,0.17,0.0011
2026-05-07 00:58:45,64,"Arakere, Bengaluru",39,0.18,0.0011
2026-05-07 00:58:33,62,"Arakere, Bengaluru",38,0.18,0.0011
2026-05-07 00:58:21,61,"Arakere, Bengaluru",37,0.18,0.0010
2026-05-07 00:58:09,66,"Arakere, Bengaluru",40,0.18,0.0011
2026-05-07 00:57:57,66,"Arakere, Bengaluru",40,0.18,0.0011
2026-05-07 00:57:45,66,"Arakere, Bengaluru",40,0.18,0.0011
2026-05-07 00:57:33,66,"Arakere, Bengaluru",40,0.18,0.0011
2026-05-07 00:57:21,64,"Arakere, Bengaluru",39,0.18,0.0011
2026-05-07 00:57:09,64,"Arakere, Bengaluru",39,0.18,0.0011
2026-05-07 00:56:57,64,"Arakere, Bengaluru",39,0.18,0.0011
2026-05-07 00:56:45,66,"Arakere, Bengaluru",40,0.18,0.0011
2026-05-07 00:56:33,66,"Arakere, Bengaluru",40,0.18,0.0011
2026-05-07 00:56:21,66,"Arakere, Bengaluru",40,0.18,0.0011
2026-05-07 00:56:09,62,"Arakere, Bengaluru",38,0.18,0.0011
2026-05-07 00:55:57,62,"Arakere, Bengaluru",38,0.18,0.0011
2026-05-07 00:55:45,64,"Arakere, Bengaluru",39,0.17,0.0011
2026-05-07 00:55:33,66,"Arakere, Bengaluru",40,0.17,0.0011
2026-05-07 00:55:21,64,"Arakere, Bengaluru",39,0.17,0.0011
2026-05-07 00:55:09,62,"Arakere, Bengaluru",38,0.17,0.0011
2026-05-07 00:54:57,66,"Arakere, Bengaluru",40,0.17,0.0011
2026-05-07 00:54:45,67,"Arakere, Bengaluru",41,0.18,0.0012
2026-05-07 00:54:35,67,"Arakere, Bengaluru",41,0.18,0.0012
2026-05-07 00:54:33,67,"Arakere, Bengaluru",41,0.18,0.0012
2026-05-07 00:54:33,67,"Arakere, Bengaluru",41,0.18,0.0012
2026-05-07 00:54:21,66,"Arakere, Bengaluru",40,0.18,0.0011
2026-05-07 00:54:09,64,"Arakere, Bengaluru",39,0.18,0.0011
2026-05-07 00:53:57,66,"Arakere, Bengaluru",40,0.18,0.0011
2026-05-07 00:53:45,66,"Arakere, Bengaluru",40,0.18,0.0011
2026-05-07 00:53:33,66,"Arakere, Bengaluru",40,0.18,0.0011
2026-05-07 00:53:21,66,"Arakere, Bengaluru",40,0.18,0.0011
2026-05-07 00:53:09,62,"Arakere, Bengaluru",38,0.18,0.0011
2026-05-07 00:52:57,64,"Arakere, Bengaluru",39,0.18,0.0011
2026-05-07 00:52:45,64,"Arakere, Bengaluru",39,0.18,0.0011
2026-05-07 00:52:33,66,"Arakere, Bengaluru",40,0.18,0.0011
2026-05-07 00:52:21,67,"Arakere, Bengaluru",41,0.18,0.0012
2026-05-07 00:52:09,66,"Arakere, Bengaluru",40,0.18,0.0011
2026-05-07 00:51:57,66,"Arakere, Bengaluru",40,0.18,0.0011
2026-05-07 00:51:45,66,"Arakere, Bengaluru",40,0.18,0.0011
2026-05-07 00:51:33,66,"Arakere, Bengaluru",40,0.18,0.0011
2026-05-07 00:51:21,66,"Arakere, Bengaluru",40,0.18,0.0011
2026-05-07 00:51:09,64,"Arakere, Bengaluru",39,0.18,0.0011
2026-05-07 00:50:57,66,"Arakere, Bengaluru",40,0.18,0.0011
2026-05-07 00:50:45,66,"Arakere, Bengaluru",40,0.18,0.0011
2026-05-07 00:50:33,66,"Arakere, Bengaluru",40,0.18,0.0011
2026-05-07 00:50:21,66,"Arakere, Bengaluru",40,0.18,0.0011
2026-05-07 00:50:09,64,"Arakere, Bengaluru",39,0.18,0.0011
2026-05-07 00:49:57,64,"Arakere, Bengaluru",39,0.18,0.0011
2026-05-07 00:49:45,66,"Arakere, Bengaluru",40,0.18,0.0011
2026-05-07 00:49:33,71,"Arakere, Bengaluru",43,0.18,0.0013
2026-05-07 00:49:21,67,"Arakere, Bengaluru",41,0.18,0.0012
2026-05-07 00:49:21,67,"Arakere, Bengaluru",41,0.18,0.0012
2026-05-07 00:49:21,67,"Arakere, Bengaluru",41,0.18,0.0012
2026-05-07 00:49:09,69,"Arakere, Bengaluru",42,0.18,0.0012
2026-05-07 00:48:57,69,"Arakere, Bengaluru",42,0.18,0.0012
2026-05-07 00:48:45,67,"Arakere, Bengaluru",41,0.18,0.0012
2026-05-07 00:48:33,66,"Arakere, Bengaluru",40,0.18,0.0011
2026-05-07 00:48:21,66,"Arakere, Bengaluru",40,0.18,0.0011
2026-05-07 00:48:09,64,"Arakere, Bengaluru",39,0.18,0.0011
2026-05-07 00:47:57,66,"Arakere, Bengaluru",40,0.18,0.0011
2026-05-07 00:47:45,66,"Arakere, Bengaluru",40,0.19,0.0011
2026-05-07 00:47:33,66,"Arakere, Bengaluru",40,0.19,0.0011
2026-05-07 00:47:21,67,"Arakere, Bengaluru",41,0.19,0.0012
2026-05-07 00:47:09,67,"Arakere, Bengaluru",41,0.19,0.0012
2026-05-07 00:46:57,71,"Arakere, Bengaluru",43,0.19,0.0013
2026-05-07 00:46:45,72,"Arakere, Bengaluru",44,0.19,0.0013
2026-05-07 00:46:33,69,"Arakere, Bengaluru",42,0.19,0.0012
2026-05-07 00:46:21,67,"Arakere, Bengaluru",41,0.19,0.0012
2026-05-07 00:46:09,64,"Arakere, Bengaluru",39,0.19,0.0011
2026-05-07 00:45:57,66,"Arakere, Bengaluru",40,0.19,0.0011
2026-05-07 00:45:45,66,"Arakere, Bengaluru",40,0.19,0.0011
2026-05-07 00:45:33,64,"Arakere, Bengaluru",39,0.19,0.0011
2026-05-07 00:45:21,67,"Arakere, Bengaluru",41,0.19,0.0012
2026-05-07 00:45:09,66,"Arakere, Bengaluru",40,0.19,0.0011
2026-05-07 00:44:57,67,"Arakere, Bengaluru",41,0.19,0.0012
2026-05-07 00:44:45,67,"Arakere, Bengaluru",41,0.19,0.0012
2026-05-07 00:44:33,67,"Arakere, Bengaluru",41,0.19,0.0012
2026-05-07 00:44:21,67,"Arakere, Bengaluru",41,0.19,0.0012
2026-05-07 00:44:11,66,"Arakere, Bengaluru",40,0.19,0.0011
2026-05-07 00:44:09,66,"Arakere, Bengaluru",40,0.19,0.0011
2026-05-07 00:44:09,66,"Arakere, Bengaluru",40,0.19,0.0011
2026-05-07 00:44:09,66,"Arakere, Bengaluru",40,0.19,0.0011
2026-05-07 00:43:57,69,"Arakere, Bengaluru",42,0.19,0.0012
2026-05-07 00:43:45,67,"Arakere, Bengaluru",41,0.19,0.0012
2026-05-07 00:43:33,67,"Arakere, Bengaluru",41,0.19,0.0012
2026-05-07 00:43:21,69,"Arakere, Bengaluru",42,0.19,0.0012
2026-05-07 00:43:09,69,"Arakere, Bengaluru",42,0.19,0.0012
2026-05-07 00:42:57,66,"Arakere, Bengaluru",40,0.19,0.0011
2026-05-07 00:42:45,64,"Arakere, Bengaluru",39,0.19,0.0011
2026-05-07 00:42:33,64,"Arakere, Bengaluru",39,0.19,0.0011
2026-05-07 00:42:21,66,"Arakere, Bengaluru",40,0.19,0.0011
2026-05-07 00:42:09,71,"Arakere, Bengaluru",43,0.19,0.0013
2026-05-07 00:41:57,71,"Arakere, Bengaluru",43,0.19,0.0013
2026-05-07 00:41:45,69,"Arakere, Bengaluru",42,0.19,0.0012
2026-05-07 00:41:33,69,"Arakere, Bengaluru",42,0.19,0.0012
2026-05-07 00:41:21,71,"Arakere, Bengaluru",43,0.19,0.0013
2026-05-07 00:41:09,69,"Arakere, Bengaluru",42,0.19,0.0012
2026-05-07 00:40:57,67,"Arakere, Bengaluru",41,0.19,0.0012
2026-05-07 00:40:45,67,"Arakere, Bengaluru",41,0.19,0.0012
2026-05-07 00:40:33,67,"Arakere, Bengaluru",41,0.19,0.0012
2026-05-07 00:40:21,67,"Arakere, Bengaluru",41,0.19,0.0012
2026-05-07 00:40:09,67,"Arakere, Bengaluru",41,0.19,0.0012
2026-05-07 00:39:57,69,"Arakere, Bengaluru",42,0.19,0.0012
2026-05-07 00:39:45,69,"Arakere, Bengaluru",42,0.19,0.0012
2026-05-07 00:39:33,69,"Arakere, Bengaluru",42,0.19,0.0012
2026-05-07 00:39:21,69,"Arakere, Bengaluru",42,0.19,0.0012
2026-05-07 00:39:09,67,"Arakere, Bengaluru",41,0.19,0.0012
2026-05-07 00:39:09,67,"Arakere, Bengaluru",41,0.19,0.0012
2026-05-07 00:39:09,67,"Arakere, Bengaluru",41,0.19,0.0012
2026-05-07 00:38:57,69,"Arakere, Bengaluru",42,0.19,0.0012
2026-05-07 00:38:45,69,"Arakere, Bengaluru",42,0.19,0.0012
2026-05-07 00:38:33,69,"Arakere, Bengaluru",42,0.19,0.0012
2026-05-07 00:38:21,69,"Arakere, Bengaluru",42,0.19,0.0012
2026-05-07 00:38:09,66,"Arakere, Bengaluru",40,0.19,0.0011
2026-05-07 00:37:57,67,"Arakere, Bengaluru",41,0.19,0.0012
2026-05-07 00:37:45,69,"Arakere, Bengaluru",42,0.19,0.0012
2026-05-07 00:37:33,67,"Arakere, Bengaluru",41,0.19,0.0012
2026-05-07 00:37:21,67,"Arakere, Bengaluru",41,0.19,0.0012
2026-05-07 00:37:09,69,"Arakere, Bengaluru",42,0.19,0.0012
2026-05-07 00:36:57,69,"Arakere, Bengaluru",42,0.19,0.0012
2026-05-07 00:36:45,71,"Arakere, Bengaluru",43,0.18,0.0013
2026-05-07 00:36:33,72,"Arakere, Bengaluru",44,0.18,0.0013
2026-05-07 00:36:21,72,"Arakere, Bengaluru",44,0.18,0.0013
2026-05-07 00:36:09,72,"Arakere, Bengaluru",44,0.18,0.0013
2026-05-07 00:35:57,71,"Arakere, Bengaluru",43,0.18,0.0013
2026-05-07 00:35:45,67,"Arakere, Bengaluru",41,0.19,0.0012
2026-05-07 00:35:33,71,"Arakere, Bengaluru",43,0.19,0.0013
2026-05-07 00:35:21,67,"Arakere, Bengaluru",41,0.19,0.0012
2026-05-07 00:35:09,69,"Arakere, Bengaluru",42,0.19,0.0012
2026-05-07 00:34:57,69,"Arakere, Bengaluru",42,0.19,0.0012
2026-05-07 00:34:45,69,"Arakere, Bengaluru",42,0.19,0.0012
2026-05-07 00:34:33,67,"Arakere, Bengaluru",41,0.19,0.0012
2026-05-07 00:34:21,66,"Arakere, Bengaluru",40,0.19,0.0011
2026-05-07 00:34:09,66,"Arakere, Bengaluru",40,0.19,0.0011
2026-05-07 00:33:57,66,"Arakere, Bengaluru",40,0.19,0.0011
2026-05-07 00:33:57,66,"Arakere, Bengaluru",40,0.19,0.0011
2026-05-07 00:33:57,66,"Arakere, Bengaluru",40,0.19,0.0011
2026-05-07 00:33:57,66,"Arakere, Bengaluru",40,0.19,0.0011
2026-05-07 00:33:45,69,"Arakere, Bengaluru",42,0.19,0.0012
2026-05-07 00:33:33,69,"Arakere, Bengaluru",42,0.19,0.0012
2026-05-07 00:33:21,69,"Arakere, Bengaluru",42,0.19,0.0012
2026-05-07 00:33:09,71,"Arakere, Bengaluru",43,0.19,0.0013
2026-05-07 00:32:57,66,"Arakere, Bengaluru",40,0.19,0.0011
2026-05-07 00:32:45,67,"Arakere, Bengaluru",41,0.19,0.0012
2026-05-07 00:32:33,69,"Arakere, Bengaluru",42,0.19,0.0012
2026-05-07 00:32:21,67,"Arakere, Bengaluru",41,0.19,0.0012
2026-05-07 00:32:09,67,"Arakere, Bengaluru",41,0.19,0.0012
2026-05-07 00:31:57,67,"Arakere, Bengaluru",41,0.19,0.0012
2026-05-07 00:31:45,69,"Arakere, Bengaluru",42,0.19,0.0012
2026-05-07 00:31:33,67,"Arakere, Bengaluru",41,0.19,0.0012
2026-05-07 00:31:21,67,"Arakere, Bengaluru",41,0.19,0.0012
2026-05-07 00:31:09,67,"Arakere, Bengaluru",41,0.19,0.0012
2026-05-07 00:30:57,66,"Arakere, Bengaluru",40,0.19,0.0011
2026-05-07 00:30:45,67,"Arakere, Bengaluru",41,0.19,0.0012
2026-05-07 00:30:33,64,"Arakere, Bengaluru",39,0.19,0.0011
2026-05-07 00:30:21,67,"Arakere, Bengaluru",41,0.19,0.0012
2026-05-07 00:30:09,67,"Arakere, Bengaluru",41,0.19,0.0012
2026-05-07 00:29:57,66,"Arakere, Bengaluru",40,0.19,0.0011
2026-05-07 00:29:45,67,"Arakere, Bengaluru",41,0.19,0.0012
2026-05-07 00:29:33,71,"Arakere, Bengaluru",43,0.19,0.0013
2026-05-07 00:29:21,69,"Arakere, Bengaluru",42,0.19,0.0012
2026-05-07 00:29:09,67,"Arakere, Bengaluru",41,0.19,0.0012
2026-05-07 00:28:57,67,"Arakere, Bengaluru",41,0.19,0.0012
2026-05-07 00:28:57,67,"Arakere, Bengaluru",41,0.19,0.0012
2026-05-07 00:28:57,67,"Arakere, Bengaluru",41,0.19,0.0012
2026-05-07 00:28:45,69,"Arakere, Bengaluru",42,0.19,0.0012
2026-05-07 00:28:33,67,"Arakere, Bengaluru",41,0.19,0.0012
2026-05-07 00:28:21,67,"Arakere, Bengaluru",41,0.19,0.0012
2026-05-07 00:28:09,69,"Arakere, Bengaluru",42,0.19,0.0012
2026-05-07 00:27:57,69,"Arakere, Bengaluru",42,0.19,0.0012
2026-05-07 00:27:45,67,"Arakere, Bengaluru",41,0.19,0.0012
2026-05-07 00:27:33,67,"Arakere, Bengaluru",41,0.19,0.0012
2026-05-07 00:27:20,69,"Arakere, Bengaluru",42,0.19,0.0012
2026-05-07 00:27:08,69,"Arakere, Bengaluru",42,0.19,0.0012
2026-05-07 00:26:56,69,"Arakere, Bengaluru",42,0.19,0.0012
2026-05-07 00:26:44,66,"Arakere, Bengaluru",40,0.18,0.0011
2026-05-07 00:26:32,67,"Arakere, Bengaluru",41,0.18,0.0012
2026-05-07 00:26:20,67,"Arakere, Bengaluru",41,0.18,0.0012
2026-05-07 00:26:08,66,"Arakere, Bengaluru",40,0.18,0.0011
2026-05-07 00:25:56,67,"Arakere, Bengaluru",41,0.18,0.0012
2026-05-07 00:25:44,69,"Arakere, Bengaluru",42,0.18,0.0012
2026-05-07 00:25:32,66,"Arakere, Bengaluru",40,0.18,0.0011
2026-05-07 00:25:20,67,"Arakere, Bengaluru",41,0.18,0.0012
2026-05-07 00:25:08,66,"Arakere, Bengaluru",40,0.18,0.0011
2026-05-07 00:24:56,69,"Arakere, Bengaluru",42,0.18,0.0012
2026-05-07 00:24:44,71,"Arakere, Bengaluru",43,0.19,0.0013
2026-05-07 00:24:32,69,"Arakere, Bengaluru",42,0.19,0.0012
2026-05-07 00:24:20,67,"Arakere, Bengaluru",41,0.19,0.0012
2026-05-07 00:24:08,67,"Arakere, Bengaluru",41,0.19,0.0012
2026-05-07 00:23:57,67,"Arakere, Bengaluru",41,0.19,0.0012
2026-05-07 00:23:33,67,"Arakere, Bengaluru",41,0.18,0.0012
2026-05-07 00:23:21,69,"Arakere, Bengaluru",42,0.18,0.0012
2026-05-07 00:23:21,69,"Arakere, Bengaluru",42,0.18,0.0012
2026-05-07 00:22:58,69,"Arakere, Bengaluru",42,0.18,0.0012
2026-05-07 00:22:58,69,"Arakere, Bengaluru",42,0.18,0.0012
2026-05-07 00:22:58,69,"Arakere, Bengaluru",42,0.18,0.0012
2026-05-07 00:22:58,69,"Arakere, Bengaluru",42,0.18,0.0012
2026-05-07 00:22:57,69,"Arakere, Bengaluru",42,0.18,0.0012
2026-05-07 00:22:32,66,"Arakere, Bengaluru",40,0.18,0.0011
2026-05-07 00:22:21,66,"Arakere, Bengaluru",40,0.18,0.0011
2026-05-07 00:22:08,69,"Arakere, Bengaluru",42,0.18,0.0012
2026-05-07 00:21:56,69,"Arakere, Bengaluru",42,0.18,0.0012
2026-05-07 00:21:44,67,"Arakere, Bengaluru",41,0.18,0.0012
2026-05-07 00:21:32,67,"Arakere, Bengaluru",41,0.18,0.0012
2026-05-07 00:21:20,66,"Arakere, Bengaluru",40,0.18,0.0011
2026-05-07 00:21:08,67,"Arakere, Bengaluru",41,0.18,0.0012
2026-05-07 00:20:56,69,"Arakere, Bengaluru",42,0.18,0.0012
2026-05-07 00:20:44,67,"Arakere, Bengaluru",41,0.18,0.0012
2026-05-07 00:20:32,69,"Arakere, Bengaluru",42,0.18,0.0012
2026-05-07 00:20:20,71,"Arakere, Bengaluru",43,0.18,0.0013
2026-05-07 00:20:08,69,"Arakere, Bengaluru",42,0.18,0.0012
2026-05-07 00:19:56,69,"Arakere, Bengaluru",42,0.18,0.0012
2026-05-07 00:19:44,69,"Arakere, Bengaluru",42,0.18,0.0012
2026-05-07 00:19:32,69,"Arakere, Bengaluru",42,0.18,0.0012
2026-05-07 00:19:20,69,"Arakere, Bengaluru",42,0.18,0.0012
2026-05-07 00:19:08,72,"Arakere, Bengaluru",44,0.18,0.0013
2026-05-07 00:18:56,72,"Arakere, Bengaluru",44,0.18,0.0013
2026-05-07 00:18:44,72,"Arakere, Bengaluru",44,0.18,0.0013
2026-05-07 00:18:32,69,"Arakere, Bengaluru",42,0.18,0.0012
2026-05-07 00:18:20,71,"Arakere, Bengaluru",43,0.18,0.0013
2026-05-07 00:18:08,69,"Arakere, Bengaluru",42,0.18,0.0012
2026-05-07 00:17:56,71,"Arakere, Bengaluru",43,0.18,0.0013
2026-05-07 00:17:44,72,"Arakere, Bengaluru",44,0.18,0.0013
2026-05-07 00:17:32,71,"Arakere, Bengaluru",43,0.18,0.0013
2026-05-07 00:17:20,71,"Arakere, Bengaluru",43,0.18,0.0013
2026-05-07 00:17:08,72,"Arakere, Bengaluru",44,0.18,0.0013
2026-05-07 00:16:46,69,"Arakere, Bengaluru",42,0.18,0.0012
2026-05-07 00:16:46,69,"Arakere, Bengaluru",42,0.18,0.0012
2026-05-07 00:16:46,69,"Arakere, Bengaluru",42,0.18,0.0012
2026-05-07 00:16:46,69,"Arakere, Bengaluru",42,0.18,0.0012
2026-05-07 00:16:45,69,"Arakere, Bengaluru",42,0.18,0.0012
2026-05-07 00:16:20,71,"Arakere, Bengaluru",43,0.18,0.0013
2026-05-07 00:16:08,69,"Arakere, Bengaluru",42,0.18,0.0012
2026-05-07 00:15:56,74,"Arakere, Bengaluru",45,0.18,0.0013
2026-05-07 00:15:44,71,"Arakere, Bengaluru",43,0.18,0.0013
2026-05-07 00:15:32,71,"Arakere, Bengaluru",43,0.18,0.0013
2026-05-07 00:15:20,72,"Arakere, Bengaluru",44,0.18,0.0013
2026-05-07 00:15:08,72,"Arakere, Bengaluru",44,0.18,0.0013
2026-05-07 00:14:56,72,"Arakere, Bengaluru",44,0.18,0.0013
2026-05-07 00:14:44,74,"Arakere, Bengaluru",45,0.18,0.0013
2026-05-07 00:14:32,74,"Arakere, Bengaluru",45,0.18,0.0013
2026-05-07 00:14:20,72,"Arakere, Bengaluru",44,0.18,0.0013
2026-05-07 00:14:08,72,"Arakere, Bengaluru",44,0.18,0.0013
2026-05-07 00:13:56,71,"Arakere, Bengaluru",43,0.18,0.0013
2026-05-07 00:13:44,72,"Arakere, Bengaluru",44,0.18,0.0013
2026-05-07 00:13:32,72,"Arakere, Bengaluru",44,0.18,0.0013
2026-05-07 00:13:20,72,"Arakere, Bengaluru",44,0.18,0.0013
2026-05-07 00:13:08,72,"Arakere, Bengaluru",44,0.18,0.0013
2026-05-07 00:12:56,71,"Arakere, Bengaluru",43,0.18,0.0013
2026-05-07 00:12:44,72,"Arakere, Bengaluru",44,0.17,0.0013
2026-05-07 00:12:32,74,"Arakere, Bengaluru",45,0.17,0.0013
2026-05-07 00:12:20,71,"Arakere, Bengaluru",43,0.17,0.0013
2026-05-07 00:12:08,72,"Arakere, Bengaluru",44,0.17,0.0013
2026-05-07 00:11:56,74,"Arakere, Bengaluru",45,0.17,0.0013
2026-05-07 00:11:45,72,"Arakere, Bengaluru",44,0.17,0.0013
2026-05-07 00:11:45,72,"Arakere, Bengaluru",44,0.17,0.0013
2026-05-07 00:11:44,72,"Arakere, Bengaluru",44,0.17,0.0013
2026-05-07 00:11:08,71,"Arakere, Bengaluru",43,0.17,0.0013
2026-05-07 00:10:56,72,"Arakere, Bengaluru",44,0.17,0.0013
2026-05-07 00:10:44,71,"Arakere, Bengaluru",43,0.17,0.0013
2026-05-07 00:10:32,74,"Arakere, Bengaluru",45,0.17,0.0013
2026-05-06 22:35:58,88,"Arakere, Bengaluru",53,0.17,0.0016
2026-05-06 22:35:46,89,"Arakere, Bengaluru",54,0.17,0.0017
2026-05-06 22:35:34,89,"Arakere, Bengaluru",54,0.17,0.0017
2026-05-06 22:35:22,88,"Arakere, Bengaluru",53,0.17,0.0016
2026-05-06 22:35:10,94,"Arakere, Bengaluru",57,0.17,0.0018
2026-05-06 22:34:58,88,"Arakere, Bengaluru",53,0.17,0.0016
2026-05-06 22:34:46,89,"Arakere, Bengaluru",54,0.16,0.0017
2026-05-06 22:34:34,89,"Arakere, Bengaluru",54,0.16,0.0017
2026-05-06 22:34:22,88,"Arakere, Bengaluru",53,0.16,0.0016
2026-05-06 22:34:10,91,"Arakere, Bengaluru",55,0.16,0.0017
2026-05-06 22:33:58,91,"Arakere, Bengaluru",55,0.16,0.0017
2026-05-06 22:33:46,94,"Arakere, Bengaluru",57,0.16,0.0018
2026-05-06 22:33:34,94,"Arakere, Bengaluru",57,0.16,0.0018
2026-05-06 22:33:23,96,"Arakere, Bengaluru",58,0.16,0.0018
2026-05-06 22:33:10,93,"Arakere, Bengaluru",56,0.16,0.0017
2026-05-06 22:32:58,93,"Arakere, Bengaluru",56,0.16,0.0017
2026-05-06 22:32:34,104,"Arakere, Bengaluru",62,0.17,0.0020
2026-05-06 22:32:30,114,"Arakere, Bengaluru",65,0.17,0.0021
2026-05-06 22:32:24,124,"Arakere, Bengaluru",68,0.17,0.0022
2026-05-06 22:32:20,135,"Arakere, Bengaluru",71,0.17,0.0023
2026-05-06 22:32:16,148,"Arakere, Bengaluru",75,0.17,0.0025
2026-05-06 22:32:13,162,"Arakere, Bengaluru",79,0.17,0.0026
2026-05-06 22:32:10,152,"Arakere, Bengaluru",76,0.17,0.0025
2026-05-06 22:32:07,131,"Arakere, Bengaluru",70,0.17,0.0023
2026-05-06 22:32:04,118,"Arakere, Bengaluru",66,0.17,0.0021
2026-05-06 22:31:55,100,"Arakere, Bengaluru",60,0.17,0.0019
2026-05-06 22:31:43,96,"Arakere, Bengaluru",58,0.17,0.0018
2026-05-06 22:31:31,93,"Arakere, Bengaluru",56,0.17,0.0017
2026-05-06 22:31:19,91,"Arakere, Bengaluru",55,0.17,0.0017
2026-05-06 22:31:07,93,"Arakere, Bengaluru",56,0.17,0.0017
2026-05-06 22:31:07,93,"Arakere, Bengaluru",56,0.17,0.0017
2026-05-06 22:31:07,93,"Arakere, Bengaluru",56,0.17,0.0017
2026-05-06 22:31:07,93,"Arakere, Bengaluru",56,0.17,0.0017
2026-05-06 22:30:55,93,"Arakere, Bengaluru",56,0.17,0.0017
2026-05-06 22:30:43,96,"Arakere, Bengaluru",58,0.17,0.0018
2026-05-06 22:30:30,96,"Arakere, Bengaluru",58,0.17,0.0018
2026-05-06 22:30:19,94,"Arakere, Bengaluru",57,0.17,0.0018
2026-05-06 22:30:07,94,"Arakere, Bengaluru",57,0.17,0.0018
2026-05-06 22:29:55,91,"Arakere, Bengaluru",55,0.17,0.0017
2026-05-06 22:29:43,91,"Arakere, Bengaluru",55,0.17,0.0017
2026-05-06 22:29:31,93,"Arakere, Bengaluru",56,0.17,0.0017
2026-05-06 22:29:19,91,"Arakere, Bengaluru",55,0.17,0.0017
2026-05-06 22:29:07,89,"Arakere, Bengaluru",54,0.17,0.0017
2026-05-06 22:28:55,89,"Arakere, Bengaluru",54,0.17,0.0017
2026-05-06 22:28:43,88,"Arakere, Bengaluru",53,0.17,0.0016
2026-05-06 22:28:30,89,"Arakere, Bengaluru",54,0.17,0.0017
2026-05-06 22:28:19,88,"Arakere, Bengaluru",53,0.17,0.0016
2026-05-06 22:28:07,88,"Arakere, Bengaluru",53,0.17,0.0016
2026-05-06 22:27:55,94,"Arakere, Bengaluru",57,0.17,0.0018
2026-05-06 22:27:43,96,"Arakere, Bengaluru",58,0.17,0.0018
2026-05-06 22:27:31,100,"Arakere, Bengaluru",60,0.17,0.0019
2026-05-06 22:27:19,101,"Arakere, Bengaluru",61,0.17,0.0019
2026-05-06 22:27:07,100,"Arakere, Bengaluru",60,0.17,0.0019
2026-05-06 22:26:55,101,"Arakere, Bengaluru",61,0.17,0.0019
2026-05-06 22:26:43,107,"Arakere, Bengaluru",63,0.17,0.0020
2026-05-06 22:26:31,111,"Arakere, Bengaluru",64,0.17,0.0020
2026-05-06 22:26:19,111,"Arakere, Bengaluru",64,0.17,0.0020
2026-05-06 22:26:07,104,"Arakere, Bengaluru",62,0.17,0.0020
2026-05-06 22:25:56,107,"Arakere, Bengaluru",63,0.17,0.0020
2026-05-06 22:25:56,107,"Arakere, Bengaluru",63,0.17,0.0020
2026-05-06 22:25:56,107,"Arakere, Bengaluru",63,0.17,0.0020
2026-05-06 22:25:55,107,"Arakere, Bengaluru",63,0.17,0.0020
2026-05-06 22:25:43,104,"Bilekahalli, Bengaluru",62,0.17,0.0020
2026-05-06 22:25:31,104,"Bilekahalli, Bengaluru",62,0.17,0.0020
2026-05-06 22:25:19,107,"Bilekahalli, Bengaluru",63,0.17,0.0020
2026-05-06 22:25:07,107,"Bilekahalli, Bengaluru",63,0.17,0.0020
2026-05-06 22:24:55,111,"Bilekahalli, Bengaluru",64,0.16,0.0020
2026-05-06 22:24:43,114,"Bilekahalli, Bengaluru",65,0.16,0.0021
2026-05-06 22:24:31,107,"Bilekahalli, Bengaluru",63,0.16,0.0020
2026-05-06 22:24:19,107,"Bilekahalli, Bengaluru",63,0.16,0.0020
2026-05-06 22:24:07,114,"Bilekahalli, Bengaluru",65,0.16,0.0021
2026-05-06 22:23:55,111,"Bilekahalli, Bengaluru",64,0.17,0.0020
2026-05-06 22:23:43,111,"Bilekahalli, Bengaluru",64,0.17,0.0020
2026-05-06 22:23:31,104,"Bilekahalli, Bengaluru",62,0.17,0.0020
2026-05-06 22:23:19,104,"Bilekahalli, Bengaluru",62,0.17,0.0020
2026-05-06 22:23:07,101,"Bilekahalli, Bengaluru",61,0.17,0.0019
2026-05-06 22:22:55,104,"Bilekahalli, Bengaluru",62,0.17,0.0020
2026-05-06 22:22:43,107,"Bilekahalli, Bengaluru",63,0.17,0.0020
2026-05-06 22:22:31,107,"Bilekahalli, Bengaluru",63,0.17,0.0020
2026-05-06 22:22:19,111,"Bilekahalli, Bengaluru",64,0.17,0.0020
2026-05-06 22:22:07,101,"Bilekahalli, Bengaluru",61,0.17,0.0019
2026-05-06 22:21:55,104,"Bilekahalli, Bengaluru",62,0.17,0.0020
2026-05-06 22:21:43,101,"Bilekahalli, Bengaluru",61,0.17,0.0019
2026-05-06 22:21:31,104,"Bilekahalli, Bengaluru",62,0.17,0.0020
2026-05-06 22:21:19,101,"Bilekahalli, Bengaluru",61,0.17,0.0019
2026-05-06 22:21:09,111,"Bilekahalli, Bengaluru",64,0.17,0.0020
2026-05-06 22:20:57,104,"Bilekahalli, Bengaluru",62,0.17,0.0020
2026-05-06 22:20:45,107,"Bilekahalli, Bengaluru",63,0.17,0.0020
2026-05-06 22:20:45,107,"Bilekahalli, Bengaluru",63,0.17,0.0020
2026-05-06 22:20:45,107,"Bilekahalli, Bengaluru",63,0.17,0.0020
2026-05-06 22:20:33,107,"BTM Layout Stage 2, Bengaluru",63,0.17,0.0020
2026-05-06 22:20:21,107,"BTM Layout Stage 2, Bengaluru",63,0.17,0.0020
2026-05-06 22:20:09,101,"BTM Layout Stage 2, Bengaluru",61,0.17,0.0019
2026-05-06 22:20:00,111,"BTM Layout Stage 2, Bengaluru",64,0.17,0.0020
2026-05-06 22:19:49,114,"BTM Layout Stage 2, Bengaluru",65,0.17,0.0021
2026-05-06 22:19:37,114,"BTM Layout Stage 2, Bengaluru",65,0.17,0.0021
2026-05-06 22:19:25,111,"BTM Layout Stage 2, Bengaluru",64,0.17,0.0020
2026-05-06 22:19:18,121,"BTM Layout Stage 2, Bengaluru",67,0.17,0.0022
2026-05-06 22:19:06,124,"BTM Layout Stage 2, Bengaluru",68,0.17,0.0022
2026-05-06 22:18:59,135,"BTM Layout Stage 2, Bengaluru",71,0.17,0.0023
2026-05-06 22:18:55,145,"BTM Layout Stage 2, Bengaluru",74,0.17,0.0024
2026-05-06 22:18:51,155,"BTM Layout Stage 2, Bengaluru",77,0.17,0.0025
2026-05-06 22:18:48,165,"BTM Layout Stage 2, Bengaluru",80,0.17,0.0027
2026-05-06 22:18:45,176,"BTM Layout Stage 2, Bengaluru",83,0.17,0.0028
2026-05-06 22:18:42,189,"BTM Layout Stage 2, Bengaluru",87,0.17,0.0029
2026-05-06 22:18:39,201,"BTM Layout Stage 2, Bengaluru",91,0.17,0.0031
2026-05-06 22:18:36,221,"BTM Layout Stage 2, Bengaluru",97,0.17,0.0033
2026-05-06 22:18:33,245,"BTM Layout Stage 2, Bengaluru",104,0.17,0.0036
2026-05-06 22:18:30,265,"BTM Layout Stage 2, Bengaluru",110,0.17,0.0038
2026-05-06 22:18:27,282,"BTM Layout Stage 2, Bengaluru",115,0.17,0.0040
2026-05-06 22:18:22,293,"BTM Layout Stage 2, Bengaluru",118,0.17,0.0041
2026-05-06 22:18:19,272,"BTM Layout Stage 2, Bengaluru",112,0.17,0.0039
2026-05-06 22:18:16,224,"BTM Layout Stage 2, Bengaluru",98,0.17,0.0033
2026-05-06 22:18:13,172,"BTM Layout Stage 2, Bengaluru",82,0.17,0.0027
2026-05-06 22:18:10,145,"BTM Layout Stage 2, Bengaluru",74,0.17,0.0024
2026-05-06 22:18:05,131,"BTM Layout Stage 2, Bengaluru",70,0.17,0.0023
2026-05-06 22:18:01,141,"BTM Layout Stage 2, Bengaluru",73,0.17,0.0024
2026-05-06 22:17:58,131,"BTM Layout Stage 2, Bengaluru",70,0.17,0.0023
2026-05-06 22:17:55,121,"BTM Layout Stage 2, Bengaluru",67,0.18,0.0022
2026-05-06 22:17:49,107,"BTM Layout Stage 2, Bengaluru",63,0.18,0.0020
2026-05-06 22:17:37,107,"BTM Layout Stage 2, Bengaluru",63,0.18,0.0020
2026-05-06 22:17:25,111,"BTM Layout Stage 2, Bengaluru",64,0.18,0.0020
2026-05-06 22:17:13,107,"BTM Layout Stage 2, Bengaluru",63,0.18,0.0020
2026-05-06 22:17:01,104,"BTM Layout Stage 2, Bengaluru",62,0.18,0.0020
2026-05-06 22:16:49,107,"BTM Layout Stage 2, Bengaluru",63,0.18,0.0020
2026-05-06 22:16:37,107,"BTM Layout Stage 2, Bengaluru",63,0.18,0.0020
2026-05-06 22:16:25,107,"BTM Layout Stage 2, Bengaluru",63,0.18,0.0020
2026-05-06 22:16:14,118,"BTM Layout Stage 2, Bengaluru",66,0.18,0.0021
2026-05-06 22:16:02,111,"BTM Layout Stage 2, Bengaluru",64,0.18,0.0020
2026-05-06 22:15:50,114,"BTM Layout Stage 2, Bengaluru",65,0.18,0.0021
2026-05-06 22:15:41,104,"BTM Layout Stage 2, Bengaluru",62,0.18,0.0020
2026-05-06 22:15:41,104,"BTM Layout Stage 2, Bengaluru",62,0.18,0.0020
2026-05-06 22:15:41,104,"BTM Layout Stage 2, Bengaluru",62,0.18,0.0020
2026-05-06 22:15:41,104,"BTM Layout Stage 2, Bengaluru",62,0.18,0.0020
2026-05-06 22:15:28,104,"HSR Layout, Bengaluru",62,0.18,0.0020
2026-05-06 22:15:16,107,"HSR Layout, Bengaluru",63,0.18,0.0020
2026-05-06 22:15:04,107,"HSR Layout, Bengaluru",63,0.18,0.0020
2026-05-06 22:14:52,107,"HSR Layout, Bengaluru",63,0.19,0.0020
2026-05-06 22:14:40,114,"HSR Layout, Bengaluru",65,0.19,0.0021
2026-05-06 22:14:28,118,"HSR Layout, Bengaluru",66,0.19,0.0021
2026-05-06 22:14:16,124,"HSR Layout, Bengaluru",68,0.19,0.0022
2026-05-06 22:14:11,114,"HSR Layout, Bengaluru",65,0.19,0.0021
2026-05-06 22:13:59,107,"HSR Layout, Bengaluru",63,0.19,0.0020
2026-05-06 22:13:47,111,"HSR Layout, Bengaluru",64,0.2,0.0020
2026-05-06 22:13:35,104,"HSR Layout, Bengaluru",62,0.2,0.0020
2026-05-06 22:13:23,104,"HSR Layout, Bengaluru",62,0.2,0.0020
2026-05-06 22:13:12,114,"HSR Layout, Bengaluru",65,0.2,0.0021
2026-05-06 22:13:04,124,"HSR Layout, Bengaluru",68,0.2,0.0022
2026-05-06 22:12:52,121,"HSR Layout, Bengaluru",67,0.2,0.0022
2026-05-06 22:12:40,124,"HSR Layout, Bengaluru",68,0.2,0.0022
2026-05-06 22:12:33,135,"HSR Layout, Bengaluru",71,0.2,0.0023
2026-05-06 22:12:30,145,"HSR Layout, Bengaluru",74,0.2,0.0024
2026-05-06 22:12:18,148,"HSR Layout, Bengaluru",75,0.2,0.0025
2026-05-06 22:12:12,159,"HSR Layout, Bengaluru",78,0.2,0.0026
2026-05-06 22:12:09,169,"HSR Layout, Bengaluru",81,0.2,0.0027
2026-05-06 22:11:57,172,"HSR Layout, Bengaluru",82,0.2,0.0027
2026-05-06 22:11:45,182,"HSR Layout, Bengaluru",85,0.2,0.0028
2026-05-06 22:11:33,189,"HSR Layout, Bengaluru",87,0.2,0.0029
2026-05-06 22:11:30,200,"HSR Layout, Bengaluru",90,0.2,0.0030
2026-05-06 22:11:18,200,"HSR Layout, Bengaluru",90,0.2,0.0030
2026-05-06 22:11:15,189,"HSR Layout, Bengaluru",87,0.2,0.0029
2026-05-06 22:11:12,169,"HSR Layout, Bengaluru",81,0.2,0.0027
2026-05-06 22:11:09,155,"HSR Layout, Bengaluru",77,0.2,0.0025
2026-05-06 22:11:05,145,"HSR Layout, Bengaluru",74,0.2,0.0024
2026-05-06 22:11:00,135,"HSR Layout, Bengaluru",71,0.2,0.0023
2026-05-06 22:10:48,135,"HSR Layout, Bengaluru",71,0.19,0.0023
2026-05-06 22:10:37,135,"HSR Layout, Bengaluru",71,0.19,0.0023
2026-05-06 22:10:37,135,"HSR Layout, Bengaluru",71,0.19,0.0023
2026-05-06 22:10:37,135,"HSR Layout, Bengaluru",71,0.19,0.0023
2026-05-06 22:10:24,141,"HSR Layout, Bengaluru",73,0.19,0.0024
2026-05-06 22:10:12,138,"HSR Layout, Bengaluru",72,0.19,0.0023
2026-05-06 22:10:09,128,"HSR Layout, Bengaluru",69,0.19,0.0022
2026-05-06 22:09:57,124,"HSR Layout, Bengaluru",68,0.19,0.0022
2026-05-06 22:09:49,114,"HSR Layout, Bengaluru",65,0.18,0.0021
2026-05-06 22:09:37,111,"HSR Layout, Bengaluru",64,0.18,0.0020
2026-05-06 22:09:25,118,"HSR Layout, Bengaluru",66,0.18,0.0021
2026-05-06 22:09:16,128,"HSR Layout, Bengaluru",69,0.18,0.0022
2026-05-06 22:09:11,138,"HSR Layout, Bengaluru",72,0.18,0.0023
2026-05-06 22:09:03,128,"HSR Layout, Bengaluru",69,0.18,0.0022
2026-05-06 22:08:52,124,"HSR Layout, Bengaluru",68,0.18,0.0022
2026-05-06 22:08:39,128,"HSR Layout, Bengaluru",69,0.18,0.0022
2026-05-06 22:08:36,138,"HSR Layout, Bengaluru",72,0.18,0.0023
2026-05-06 22:08:25,135,"HSR Layout, Bengaluru",71,0.18,0.0023
2026-05-06 22:08:12,141,"HSR Layout, Bengaluru",73,0.18,0.0024
2026-05-06 22:08:06,152,"HSR Layout, Bengaluru",76,0.18,0.0025
2026-05-06 22:07:54,148,"HSR Layout, Bengaluru",75,0.17,0.0025
2026-05-06 22:07:50,138,"HSR Layout, Bengaluru",72,0.17,0.0023
2026-05-06 22:07:46,128,"HSR Layout, Bengaluru",69,0.17,0.0022
2026-05-06 22:07:41,118,"HSR Layout, Bengaluru",66,0.17,0.0021
2026-05-06 22:07:30,114,"HSR Layout, Bengaluru",65,0.17,0.0021
2026-05-06 22:07:17,121,"HSR Layout, Bengaluru",67,0.17,0.0022
2026-05-06 22:07:06,128,"HSR Layout, Bengaluru",69,0.17,0.0022
2026-05-06 22:06:54,138,"HSR Layout, Bengaluru",72,0.16,0.0023
2026-05-06 22:06:42,135,"HSR Layout, Bengaluru",71,0.16,0.0023
2026-05-06 22:06:30,135,"HSR Layout, Bengaluru",71,0.16,0.0023
2026-05-06 22:06:18,138,"HSR Layout, Bengaluru",72,0.16,0.0023
2026-05-06 22:06:06,138,"HSR Layout, Bengaluru",72,0.16,0.0023
2026-05-06 22:05:56,128,"HSR Layout, Bengaluru",69,0.16,0.0022
2026-05-06 22:05:45,121,"HSR Layout, Bengaluru",67,0.16,0.0022
2026-05-06 22:05:33,121,"HSR Layout, Bengaluru",67,0.16,0.0022
2026-05-06 22:05:33,121,"HSR Layout, Bengaluru",67,0.16,0.0022
2026-05-06 22:05:33,121,"HSR Layout, Bengaluru",67,0.16,0.0022
2026-05-06 22:05:33,121,"HSR Layout, Bengaluru",67,0.16,0.0022
2026-05-06 22:05:20,118,"HSR Layout, Bengaluru",66,0.16,0.0021
2026-05-06 22:05:08,114,"HSR Layout, Bengaluru",65,0.16,0.0021
2026-05-06 22:04:57,107,"HSR Layout, Bengaluru",63,0.16,0.0020
2026-05-06 22:04:44,104,"HSR Layout, Bengaluru",62,0.16,0.0020
2026-05-06 22:04:32,107,"HSR Layout, Bengaluru",63,0.16,0.0020
2026-05-06 22:04:20,111,"HSR Layout, Bengaluru",64,0.16,0.0020
2026-05-06 22:04:08,111,"HSR Layout, Bengaluru",64,0.16,0.0020
2026-05-06 22:03:56,107,"HSR Layout, Bengaluru",63,0.16,0.0020
2026-05-06 22:03:44,111,"HSR Layout, Bengaluru",64,0.16,0.0020
2026-05-06 22:03:32,111,"HSR Layout, Bengaluru",64,0.16,0.0020
2026-05-06 22:03:20,107,"HSR Layout, Bengaluru",63,0.16,0.0020
2026-05-06 22:03:08,111,"HSR Layout, Bengaluru",64,0.16,0.0020
2026-05-06 22:02:57,101,"HSR Layout, Bengaluru",61,0.16,0.0019
2026-05-06 22:02:52,111,"HSR Layout, Bengaluru",64,0.15,0.0020
2026-05-06 22:02:40,118,"HSR Layout, Bengaluru",66,0.15,0.0021
2026-05-06 22:02:28,114,"HSR Layout, Bengaluru",65,0.15,0.0021
2026-05-06 22:02:16,107,"HSR Layout, Bengaluru",63,0.15,0.0020
2026-05-06 22:02:04,101,"HSR Layout, Bengaluru",61,0.15,0.0019
2026-05-06 22:01:52,100,"HSR Layout, Bengaluru",60,0.15,0.0019
2026-05-06 22:01:40,98,"HSR Layout, Bengaluru",59,0.15,0.0019
2026-05-06 22:01:28,96,"HSR Layout, Bengaluru",58,0.15,0.0018
2026-05-06 22:01:16,96,"HSR Layout, Bengaluru",58,0.15,0.0018
2026-05-06 22:01:04,94,"HSR Layout, Bengaluru",57,0.15,0.0018
2026-05-06 22:00:52,93,"HSR Layout, Bengaluru",56,0.15,0.0017
2026-05-06 22:00:40,94,"HSR Layout, Bengaluru",57,0.15,0.0018
2026-05-06 22:00:28,88,"HSR Layout, Bengaluru",53,0.15,0.0016
2026-05-06 22:00:28,88,"HSR Layout, Bengaluru",53,0.15,0.0016
2026-05-06 22:00:28,88,"HSR Layout, Bengaluru",53,0.15,0.0016
2026-05-06 22:00:16,84,"HSR Layout, Bengaluru",51,0.15,0.0016
2026-05-06 22:00:04,84,"HSR Layout, Bengaluru",51,0.15,0.0016
2026-05-06 21:59:52,81,"HSR Layout, Bengaluru",49,0.15,0.0015
2026-05-06 21:59:40,74,"HSR Layout, Bengaluru",45,0.15,0.0013
2026-05-06 21:59:28,76,"HSR Layout, Bengaluru",46,0.15,0.0014
2026-05-06 21:59:16,74,"HSR Layout, Bengaluru",45,0.15,0.0013
2026-05-06 21:59:04,74,"HSR Layout, Bengaluru",45,0.15,0.0013
2026-05-06 21:58:52,76,"HSR Layout, Bengaluru",46,0.15,0.0014
2026-05-06 21:58:40,74,"HSR Layout, Bengaluru",45,0.15,0.0013
2026-05-06 21:58:28,74,"HSR Layout, Bengaluru",45,0.15,0.0013
2026-05-06 21:58:16,74,"HSR Layout, Bengaluru",45,0.15,0.0013
2026-05-06 21:58:04,74,"HSR Layout, Bengaluru",45,0.15,0.0013
2026-05-06 21:57:52,76,"HSR Layout, Bengaluru",46,0.15,0.0014
2026-05-06 21:57:40,76,"HSR Layout, Bengaluru",46,0.15,0.0014
2026-05-06 21:57:28,74,"HSR Layout, Bengaluru",45,0.15,0.0013
2026-05-06 21:57:16,76,"HSR Layout, Bengaluru",46,0.15,0.0014
2026-05-06 21:57:04,78,"HSR Layout, Bengaluru",47,0.15,0.0014
2026-05-06 21:56:52,74,"HSR Layout, Bengaluru",45,0.15,0.0013
2026-05-06 21:56:40,74,"HSR Layout, Bengaluru",45,0.15,0.0013
2026-05-06 21:56:28,76,"HSR Layout, Bengaluru",46,0.15,0.0014
2026-05-06 21:56:16,76,"HSR Layout, Bengaluru",46,0.15,0.0014
2026-05-06 21:56:04,74,"HSR Layout, Bengaluru",45,0.15,0.0013
2026-05-06 21:55:52,76,"HSR Layout, Bengaluru",46,0.15,0.0014
2026-05-06 21:55:40,72,"HSR Layout, Bengaluru",44,0.15,0.0013
2026-05-06 21:55:28,72,"HSR Layout, Bengaluru",44,0.15,0.0013
2026-05-06 21:55:16,74,"HSR Layout, Bengaluru",45,0.15,0.0013
2026-05-06 21:55:16,74,"HSR Layout, Bengaluru",45,0.15,0.0013
2026-05-06 21:55:16,74,"HSR Layout, Bengaluru",45,0.15,0.0013
2026-05-06 21:55:16,74,"HSR Layout, Bengaluru",45,0.15,0.0013
2026-05-06 21:55:04,74,"HSR Layout, Bengaluru",45,0.15,0.0013
2026-05-06 21:54:52,72,"HSR Layout, Bengaluru",44,0.14,0.0013
2026-05-06 21:54:40,71,"HSR Layout, Bengaluru",43,0.14,0.0013
2026-05-06 21:54:28,74,"HSR Layout, Bengaluru",45,0.14,0.0013
2026-05-06 21:54:16,76,"HSR Layout, Bengaluru",46,0.14,0.0014
2026-05-06 21:54:04,74,"HSR Layout, Bengaluru",45,0.14,0.0013
2026-05-06 21:53:52,78,"HSR Layout, Bengaluru",47,0.14,0.0014
2026-05-06 21:53:40,76,"HSR Layout, Bengaluru",46,0.14,0.0014
2026-05-06 21:53:28,76,"HSR Layout, Bengaluru",46,0.14,0.0014
2026-05-06 21:53:16,72,"HSR Layout, Bengaluru",44,0.14,0.0013
2026-05-06 21:53:04,72,"HSR Layout, Bengaluru",44,0.14,0.0013
2026-05-06 21:52:52,79,"HSR Layout, Bengaluru",48,0.14,0.0014
2026-05-06 21:52:40,79,"HSR Layout, Bengaluru",48,0.14,0.0014
2026-05-06 21:52:28,76,"HSR Layout, Bengaluru",46,0.14,0.0014
2026-05-06 21:52:16,76,"HSR Layout, Bengaluru",46,0.14,0.0014
2026-05-06 21:52:04,76,"HSR Layout, Bengaluru",46,0.14,0.0014
2026-05-06 21:51:52,78,"HSR Layout, Bengaluru",47,0.14,0.0014
2026-05-06 21:51:40,78,"HSR Layout, Bengaluru",47,0.14,0.0014
2026-05-06 21:51:28,76,"HSR Layout, Bengaluru",46,0.14,0.0014
2026-05-06 21:51:16,76,"HSR Layout, Bengaluru",46,0.14,0.0014
2026-05-06 21:51:04,78,"HSR Layout, Bengaluru",47,0.14,0.0014
2026-05-06 21:50:53,78,"HSR Layout, Bengaluru",47,0.14,0.0014
2026-05-06 21:50:40,78,"HSR Layout, Bengaluru",47,0.14,0.0014
2026-05-06 21:50:28,76,"HSR Layout, Bengaluru",46,0.14,0.0014
2026-05-06 21:50:16,76,"HSR Layout, Bengaluru",46,0.14,0.0014
2026-05-06 21:50:05,78,"HSR Layout, Bengaluru",47,0.14,0.0014
2026-05-06 21:50:05,78,"HSR Layout, Bengaluru",47,0.14,0.0014
2026-05-06 21:50:05,78,"HSR Layout, Bengaluru",47,0.14,0.0014
2026-05-06 21:50:04,78,"HSR Layout, Bengaluru",47,0.14,0.0014
2026-05-06 21:49:52,76,"HSR Layout, Bengaluru",46,0.14,0.0014
2026-05-06 21:49:40,76,"HSR Layout, Bengaluru",46,0.14,0.0014
2026-05-06 21:49:28,78,"HSR Layout, Bengaluru",47,0.14,0.0014
2026-05-06 21:49:16,79,"HSR Layout, Bengaluru",48,0.14,0.0014
2026-05-06 21:49:04,79,"HSR Layout, Bengaluru",48,0.14,0.0014
2026-05-06 21:48:52,83,"HSR Layout, Bengaluru",50,0.15,0.0015
2026-05-06 21:48:40,81,"HSR Layout, Bengaluru",49,0.15,0.0015
2026-05-06 21:48:28,76,"HSR Layout, Bengaluru",46,0.15,0.0014
2026-05-06 21:48:16,76,"HSR Layout, Bengaluru",46,0.15,0.0014
2026-05-06 21:48:04,76,"HSR Layout, Bengaluru",46,0.15,0.0014
2026-05-06 21:47:52,76,"HSR Layout, Bengaluru",46,0.14,0.0014
2026-05-06 21:47:40,78,"HSR Layout, Bengaluru",47,0.14,0.0014
2026-05-06 21:47:28,76,"HSR Layout, Bengaluru",46,0.14,0.0014
2026-05-06 21:47:16,78,"HSR Layout, Bengaluru",47,0.14,0.0014
2026-05-06 21:47:04,74,"HSR Layout, Bengaluru",45,0.14,0.0013
2026-05-06 21:46:52,76,"HSR Layout, Bengaluru",46,0.14,0.0014
2026-05-06 21:46:40,76,"HSR Layout, Bengaluru",46,0.14,0.0014
2026-05-06 21:46:28,74,"HSR Layout, Bengaluru",45,0.14,0.0013
2026-05-06 21:46:16,74,"HSR Layout, Bengaluru",45,0.14,0.0013
2026-05-06 21:46:04,76,"HSR Layout, Bengaluru",46,0.14,0.0014
2026-05-06 21:45:52,74,"HSR Layout, Bengaluru",45,0.14,0.0013
2026-05-06 21:45:40,76,"HSR Layout, Bengaluru",46,0.14,0.0014
2026-05-06 21:45:28,74,"HSR Layout, Bengaluru",45,0.14,0.0013
2026-05-06 21:45:16,74,"HSR Layout, Bengaluru",45,0.14,0.0013
2026-05-06 21:45:04,72,"HSR Layout, Bengaluru",44,0.14,0.0013
2026-05-06 21:44:52,76,"HSR Layout, Bengaluru",46,0.14,0.0014
2026-05-06 21:44:52,76,"HSR Layout, Bengaluru",46,0.14,0.0014
2026-05-06 21:44:52,76,"HSR Layout, Bengaluru",46,0.14,0.0014
2026-05-06 21:44:52,76,"HSR Layout, Bengaluru",46,0.14,0.0014
2026-05-06 21:44:40,76,"HSR Layout, Bengaluru",46,0.14,0.0014
2026-05-06 21:44:28,78,"HSR Layout, Bengaluru",47,0.14,0.0014
2026-05-06 21:44:16,76,"HSR Layout, Bengaluru",46,0.14,0.0014
2026-05-06 21:44:04,76,"HSR Layout, Bengaluru",46,0.14,0.0014
2026-05-06 21:43:52,76,"HSR Layout, Bengaluru",46,0.14,0.0014
2026-05-06 21:43:40,76,"HSR Layout, Bengaluru",46,0.14,0.0014
2026-05-06 21:43:28,74,"HSR Layout, Bengaluru",45,0.14,0.0013
2026-05-06 21:43:16,74,"HSR Layout, Bengaluru",45,0.14,0.0013
2026-05-06 21:43:04,76,"HSR Layout, Bengaluru",46,0.14,0.0014
2026-05-06 21:42:52,72,"HSR Layout, Bengaluru",44,0.14,0.0013
2026-05-06 21:42:40,74,"HSR Layout, Bengaluru",45,0.14,0.0013
2026-05-06 21:42:28,76,"HSR Layout, Bengaluru",46,0.14,0.0014
2026-05-06 21:42:16,76,"HSR Layout, Bengaluru",46,0.14,0.0014
2026-05-06 21:42:04,78,"HSR Layout, Bengaluru",47,0.14,0.0014
2026-05-06 21:41:52,76,"HSR Layout, Bengaluru",46,0.14,0.0014
2026-05-06 21:41:40,76,"HSR Layout, Bengaluru",46,0.14,0.0014
2026-05-06 21:41:28,74,"HSR Layout, Bengaluru",45,0.14,0.0013
2026-05-06 21:41:16,78,"HSR Layout, Bengaluru",47,0.14,0.0014
2026-05-06 21:41:04,74,"HSR Layout, Bengaluru",45,0.14,0.0013
2026-05-06 21:40:52,76,"HSR Layout, Bengaluru",46,0.15,0.0014
2026-05-06 21:40:40,78,"HSR Layout, Bengaluru",47,0.15,0.0014
2026-05-06 21:40:28,76,"HSR Layout, Bengaluru",46,0.15,0.0014
2026-05-06 21:40:16,74,"HSR Layout, Bengaluru",45,0.15,0.0013
2026-05-06 21:40:04,78,"HSR Layout, Bengaluru",47,0.15,0.0014
2026-05-06 21:39:52,79,"HSR Layout, Bengaluru",48,0.14,0.0014
2026-05-06 21:39:41,83,"HSR Layout, Bengaluru",50,0.14,0.0015
2026-05-06 21:39:41,83,"HSR Layout, Bengaluru",50,0.14,0.0015
2026-05-06 21:39:41,83,"HSR Layout, Bengaluru",50,0.14,0.0015
2026-05-06 21:39:41,83,"HSR Layout, Bengaluru",50,0.14,0.0015
2026-05-06 21:39:40,83,"HSR Layout, Bengaluru",50,0.14,0.0015
2026-05-06 21:39:28,79,"HSR Layout, Bengaluru",48,0.14,0.0014
2026-05-06 21:39:16,74,"HSR Layout, Bengaluru",45,0.14,0.0013
2026-05-06 21:39:04,76,"HSR Layout, Bengaluru",46,0.14,0.0014
2026-05-06 21:38:52,74,"HSR Layout, Bengaluru",45,0.14,0.0013
2026-05-06 21:38:40,74,"HSR Layout, Bengaluru",45,0.14,0.0013
2026-05-06 21:38:28,74,"HSR Layout, Bengaluru",45,0.14,0.0013
2026-05-06 21:38:16,74,"HSR Layout, Bengaluru",45,0.14,0.0013
2026-05-06 21:38:04,74,"HSR Layout, Bengaluru",45,0.14,0.0013
2026-05-06 21:37:52,74,"HSR Layout, Bengaluru",45,0.14,0.0013
2026-05-06 21:37:40,76,"HSR Layout, Bengaluru",46,0.14,0.0014
2026-05-06 21:37:28,78,"HSR Layout, Bengaluru",47,0.14,0.0014
2026-05-06 21:37:16,78,"HSR Layout, Bengaluru",47,0.14,0.0014
2026-05-06 21:37:04,78,"HSR Layout, Bengaluru",47,0.14,0.0014
2026-05-06 21:36:52,76,"HSR Layout, Bengaluru",46,0.14,0.0014
2026-05-06 21:36:40,76,"HSR Layout, Bengaluru",46,0.14,0.0014
2026-05-06 21:36:28,76,"HSR Layout, Bengaluru",46,0.14,0.0014
2026-05-06 21:36:16,76,"HSR Layout, Bengaluru",46,0.14,0.0014
2026-05-06 21:36:04,76,"HSR Layout, Bengaluru",46,0.14,0.0014
2026-05-06 21:35:52,76,"HSR Layout, Bengaluru",46,0.15,0.0014
2026-05-06 21:35:40,74,"HSR Layout, Bengaluru",45,0.15,0.0013
2026-05-06 21:35:28,76,"HSR Layout, Bengaluru",46,0.15,0.0014
2026-05-06 21:35:16,74,"HSR Layout, Bengaluru",45,0.15,0.0013
2026-05-06 21:35:04,76,"HSR Layout, Bengaluru",46,0.15,0.0014
2026-05-06 21:34:52,78,"HSR Layout, Bengaluru",47,0.14,0.0014
2026-05-06 21:34:40,76,"HSR Layout, Bengaluru",46,0.14,0.0014
2026-05-06 21:34:28,78,"HSR Layout, Bengaluru",47,0.14,0.0014
2026-05-06 21:34:28,78,"HSR Layout, Bengaluru",47,0.14,0.0014
2026-05-06 21:34:28,78,"HSR Layout, Bengaluru",47,0.14,0.0014
2026-05-06 21:34:28,78,"HSR Layout, Bengaluru",47,0.14,0.0014
2026-05-06 21:34:16,74,"HSR Layout, Bengaluru",45,0.14,0.0013
2026-05-06 21:34:04,74,"HSR Layout, Bengaluru",45,0.14,0.0013
2026-05-06 21:33:52,76,"HSR Layout, Bengaluru",46,0.14,0.0014
2026-05-06 21:33:40,76,"HSR Layout, Bengaluru",46,0.14,0.0014
2026-05-06 21:33:28,78,"HSR Layout, Bengaluru",47,0.14,0.0014
2026-05-06 21:33:16,78,"HSR Layout, Bengaluru",47,0.14,0.0014
2026-05-06 21:33:04,78,"HSR Layout, Bengaluru",47,0.14,0.0014
2026-05-06 21:32:52,81,"HSR Layout, Bengaluru",49,0.15,0.0015
2026-05-06 21:32:40,81,"HSR Layout, Bengaluru",49,0.15,0.0015
2026-05-06 21:32:28,78,"HSR Layout, Bengaluru",47,0.15,0.0014
2026-05-06 21:32:16,78,"HSR Layout, Bengaluru",47,0.15,0.0014
2026-05-06 21:32:04,76,"HSR Layout, Bengaluru",46,0.15,0.0014
2026-05-06 21:31:52,76,"HSR Layout, Bengaluru",46,0.15,0.0014
2026-05-06 21:31:40,78,"HSR Layout, Bengaluru",47,0.15,0.0014
2026-05-06 21:31:28,81,"HSR Layout, Bengaluru",49,0.15,0.0015
2026-05-06 21:31:16,76,"HSR Layout, Bengaluru",46,0.15,0.0014
2026-05-06 21:31:04,74,"HSR Layout, Bengaluru",45,0.15,0.0013
2026-05-06 21:30:52,76,"HSR Layout, Bengaluru",46,0.15,0.0014
2026-05-06 21:30:40,78,"HSR Layout, Bengaluru",47,0.15,0.0014
2026-05-06 21:30:28,76,"HSR Layout, Bengaluru",46,0.15,0.0014
2026-05-06 21:30:16,78,"HSR Layout, Bengaluru",47,0.15,0.0014
2026-05-06 21:30:04,81,"HSR Layout, Bengaluru",49,0.15,0.0015
2026-05-06 21:29:52,81,"HSR Layout, Bengaluru",49,0.14,0.0015
2026-05-06 21:29:40,79,"HSR Layout, Bengaluru",48,0.14,0.0014
2026-05-06 21:29:28,76,"HSR Layout, Bengaluru",46,0.14,0.0014
2026-05-06 21:29:17,74,"HSR Layout, Bengaluru",45,0.14,0.0013
2026-05-06 21:29:17,74,"HSR Layout, Bengaluru",45,0.14,0.0013
2026-05-06 21:29:17,74,"HSR Layout, Bengaluru",45,0.14,0.0013
2026-05-06 21:29:16,74,"HSR Layout, Bengaluru",45,0.14,0.0013
2026-05-06 21:29:04,76,"HSR Layout, Bengaluru",46,0.14,0.0014
2026-05-06 21:28:52,78,"HSR Layout, Bengaluru",47,0.14,0.0014
2026-05-06 21:28:40,74,"HSR Layout, Bengaluru",45,0.14,0.0013
2026-05-06 21:28:28,78,"HSR Layout, Bengaluru",47,0.14,0.0014
2026-05-06 21:28:16,79,"HSR Layout, Bengaluru",48,0.14,0.0014
2026-05-06 21:28:04,81,"HSR Layout, Bengaluru",49,0.14,0.0015
2026-05-06 21:27:52,81,"HSR Layout, Bengaluru",49,0.15,0.0015
2026-05-06 21:27:40,76,"HSR Layout, Bengaluru",46,0.15,0.0014
2026-05-06 21:27:28,76,"HSR Layout, Bengaluru",46,0.15,0.0014
2026-05-06 21:27:16,74,"HSR Layout, Bengaluru",45,0.15,0.0013
2026-05-06 21:27:04,76,"HSR Layout, Bengaluru",46,0.15,0.0014
2026-05-06 21:26:52,74,"HSR Layout, Bengaluru",45,0.14,0.0013
2026-05-06 21:26:40,76,"HSR Layout, Bengaluru",46,0.14,0.0014
2026-05-06 21:26:28,78,"HSR Layout, Bengaluru",47,0.14,0.0014
2026-05-06 21:26:16,78,"HSR Layout, Bengaluru",47,0.14,0.0014
2026-05-06 21:26:04,79,"HSR Layout, Bengaluru",48,0.14,0.0014
2026-05-06 21:25:52,78,"HSR Layout, Bengaluru",47,0.14,0.0014
2026-05-06 21:25:40,81,"HSR Layout, Bengaluru",49,0.14,0.0015
2026-05-06 21:25:28,83,"HSR Layout, Bengaluru",50,0.14,0.0015
2026-05-06 21:25:16,74,"HSR Layout, Bengaluru",45,0.14,0.0013
2026-05-06 21:25:04,76,"HSR Layout, Bengaluru",46,0.14,0.0014
2026-05-06 21:24:52,74,"HSR Layout, Bengaluru",45,0.14,0.0013
2026-05-06 21:24:40,74,"HSR Layout, Bengaluru",45,0.14,0.0013
2026-05-06 21:24:28,74,"HSR Layout, Bengaluru",45,0.14,0.0013
2026-05-06 21:24:16,72,"HSR Layout, Bengaluru",44,0.14,0.0013
2026-05-06 21:24:06,76,"HSR Layout, Bengaluru",46,0.14,0.0014
2026-05-06 21:24:04,76,"HSR Layout, Bengaluru",46,0.14,0.0014
2026-05-06 21:24:04,76,"HSR Layout, Bengaluru",46,0.14,0.0014
2026-05-06 21:24:04,76,"HSR Layout, Bengaluru",46,0.14,0.0014
2026-05-06 21:23:52,74,"HSR Layout, Bengaluru",45,0.15,0.0013
2026-05-06 21:23:40,74,"HSR Layout, Bengaluru",45,0.15,0.0013
2026-05-06 21:23:28,76,"HSR Layout, Bengaluru",46,0.15,0.0014
2026-05-06 21:23:16,72,"HSR Layout, Bengaluru",44,0.15,0.0013
2026-05-06 21:23:04,74,"HSR Layout, Bengaluru",45,0.15,0.0013
2026-05-06 21:22:52,76,"HSR Layout, Bengaluru",46,0.14,0.0014
2026-05-06 21:22:39,76,"HSR Layout, Bengaluru",46,0.14,0.0014
2026-05-06 21:22:27,76,"HSR Layout, Bengaluru",46,0.14,0.0014
2026-05-06 21:22:16,74,"HSR Layout, Bengaluru",45,0.14,0.0013
2026-05-06 21:22:04,72,"HSR Layout, Bengaluru",44,0.14,0.0013
2026-05-06 21:21:52,76,"HSR Layout, Bengaluru",46,0.14,0.0014
2026-05-06 21:21:40,74,"HSR Layout, Bengaluru",45,0.14,0.0013
2026-05-06 21:21:28,72,"HSR Layout, Bengaluru",44,0.14,0.0013
2026-05-06 21:21:16,72,"HSR Layout, Bengaluru",44,0.14,0.0013
2026-05-06 21:21:04,74,"HSR Layout, Bengaluru",45,0.14,0.0013
2026-05-06 21:20:52,72,"HSR Layout, Bengaluru",44,0.14,0.0013
2026-05-06 21:20:40,72,"HSR Layout, Bengaluru",44,0.14,0.0013
2026-05-06 21:20:28,76,"HSR Layout, Bengaluru",46,0.14,0.0014
2026-05-06 21:20:16,78,"HSR Layout, Bengaluru",47,0.14,0.0014
2026-05-06 21:20:04,74,"HSR Layout, Bengaluru",45,0.14,0.0013
2026-05-06 21:19:52,71,"HSR Layout, Bengaluru",43,0.14,0.0013
2026-05-06 21:19:40,72,"HSR Layout, Bengaluru",44,0.14,0.0013
2026-05-06 21:19:28,74,"HSR Layout, Bengaluru",45,0.14,0.0013
2026-05-06 21:19:16,74,"HSR Layout, Bengaluru",45,0.14,0.0013
2026-05-06 21:19:04,74,"HSR Layout, Bengaluru",45,0.14,0.0013
2026-05-06 21:18:52,71,"HSR Layout, Bengaluru",43,0.14,0.0013
2026-05-06 21:18:52,71,"HSR Layout, Bengaluru",43,0.14,0.0013
2026-05-06 21:18:52,71,"HSR Layout, Bengaluru",43,0.14,0.0013
2026-05-06 21:18:52,71,"HSR Layout, Bengaluru",43,0.14,0.0013
2026-05-06 21:18:40,74,"HSR Layout, Bengaluru",45,0.14,0.0013
2026-05-06 21:18:28,72,"HSR Layout, Bengaluru",44,0.14,0.0013
2026-05-06 21:18:16,74,"HSR Layout, Bengaluru",45,0.14,0.0013
2026-05-06 21:18:04,72,"HSR Layout, Bengaluru",44,0.14,0.0013
2026-05-06 21:17:52,71,"HSR Layout, Bengaluru",43,0.14,0.0013
2026-05-06 21:17:40,72,"HSR Layout, Bengaluru",44,0.14,0.0013
2026-05-06 21:17:28,72,"HSR Layout, Bengaluru",44,0.14,0.0013
2026-05-06 21:17:16,71,"HSR Layout, Bengaluru",43,0.14,0.0013
2026-05-06 21:17:04,72,"HSR Layout, Bengaluru",44,0.14,0.0013
2026-05-06 21:16:52,72,"HSR Layout, Bengaluru",44,0.14,0.0013
2026-05-06 21:16:39,71,"HSR Layout, Bengaluru",43,0.14,0.0013
2026-05-06 21:16:28,72,"HSR Layout, Bengaluru",44,0.14,0.0013
2026-05-06 21:16:16,76,"HSR Layout, Bengaluru",46,0.14,0.0014
2026-05-06 21:16:04,74,"HSR Layout, Bengaluru",45,0.14,0.0013
2026-05-06 21:15:52,71,"HSR Layout, Bengaluru",43,0.14,0.0013
2026-05-06 21:15:40,71,"HSR Layout, Bengaluru",43,0.14,0.0013
2026-05-06 21:15:28,74,"HSR Layout, Bengaluru",45,0.14,0.0013
2026-05-06 21:15:16,74,"HSR Layout, Bengaluru",45,0.14,0.0013
2026-05-06 21:15:04,76,"HSR Layout, Bengaluru",46,0.14,0.0014
2026-05-06 21:14:52,72,"HSR Layout, Bengaluru",44,0.14,0.0013
2026-05-06 21:14:39,74,"HSR Layout, Bengaluru",45,0.14,0.0013
2026-05-06 21:14:28,72,"HSR Layout, Bengaluru",44,0.14,0.0013
2026-05-06 21:14:16,74,"HSR Layout, Bengaluru",45,0.14,0.0013
2026-05-06 21:14:04,74,"HSR Layout, Bengaluru",45,0.14,0.0013
2026-05-06 21:13:52,76,"HSR Layout, Bengaluru",46,0.14,0.0014
2026-05-06 21:13:42,72,"HSR Layout, Bengaluru",44,0.14,0.0013
2026-05-06 21:13:40,72,"HSR Layout, Bengaluru",44,0.14,0.0013
2026-05-06 21:13:40,72,"HSR Layout, Bengaluru",44,0.14,0.0013
2026-05-06 21:13:40,72,"HSR Layout, Bengaluru",44,0.14,0.0013
2026-05-06 21:13:40,72,"HSR Layout, Bengaluru",44,0.14,0.0013
2026-05-06 21:13:28,72,"HSR Layout, Bengaluru",44,0.14,0.0013
2026-05-06 21:13:16,74,"HSR Layout, Bengaluru",45,0.14,0.0013
2026-05-06 21:13:04,72,"HSR Layout, Bengaluru",44,0.14,0.0013
2026-05-06 21:12:52,74,"HSR Layout, Bengaluru",45,0.14,0.0013
2026-05-06 21:12:40,74,"HSR Layout, Bengaluru",45,0.14,0.0013
2026-05-06 21:12:28,76,"HSR Layout, Bengaluru",46,0.14,0.0014
2026-05-06 21:12:16,74,"HSR Layout, Bengaluru",45,0.14,0.0013
2026-05-06 21:12:04,74,"HSR Layout, Bengaluru",45,0.14,0.0013
2026-05-06 21:11:52,72,"HSR Layout, Bengaluru",44,0.15,0.0013
2026-05-06 21:11:39,74,"HSR Layout, Bengaluru",45,0.15,0.0013
2026-05-06 21:11:28,72,"HSR Layout, Bengaluru",44,0.15,0.0013
2026-05-06 21:11:16,72,"HSR Layout, Bengaluru",44,0.15,0.0013
2026-05-06 21:11:04,72,"HSR Layout, Bengaluru",44,0.15,0.0013
2026-05-06 21:10:52,76,"HSR Layout, Bengaluru",46,0.14,0.0014
2026-05-06 21:10:40,72,"HSR Layout, Bengaluru",44,0.14,0.0013
2026-05-06 21:10:27,72,"HSR Layout, Bengaluru",44,0.14,0.0013
2026-05-06 21:10:15,74,"HSR Layout, Bengaluru",45,0.14,0.0013
2026-05-06 21:10:04,76,"HSR Layout, Bengaluru",46,0.14,0.0014
2026-05-06 21:09:51,76,"HSR Layout, Bengaluru",46,0.14,0.0014
2026-05-06 21:09:40,78,"HSR Layout, Bengaluru",47,0.14,0.0014
2026-05-06 21:09:28,79,"HSR Layout, Bengaluru",48,0.14,0.0014
2026-05-06 21:09:16,76,"HSR Layout, Bengaluru",46,0.14,0.0014
2026-05-06 21:09:04,74,"HSR Layout, Bengaluru",45,0.14,0.0013
2026-05-06 21:08:51,74,"HSR Layout, Bengaluru",45,0.14,0.0013
2026-05-06 21:08:39,74,"HSR Layout, Bengaluru",45,0.14,0.0013
2026-05-06 21:08:28,74,"HSR Layout, Bengaluru",45,0.14,0.0013
2026-05-06 21:08:28,74,"HSR Layout, Bengaluru",45,0.14,0.0013
2026-05-06 21:08:28,74,"HSR Layout, Bengaluru",45,0.14,0.0013
2026-05-06 21:08:28,74,"HSR Layout, Bengaluru",45,0.14,0.0013
2026-05-06 21:08:15,74,"HSR Layout, Bengaluru",45,0.14,0.0013
2026-05-06 21:08:03,72,"HSR Layout, Bengaluru",44,0.14,0.0013
2026-05-06 21:07:51,72,"HSR Layout, Bengaluru",44,0.14,0.0013
2026-05-06 21:07:39,72,"HSR Layout, Bengaluru",44,0.14,0.0013
2026-05-06 21:07:28,72,"HSR Layout, Bengaluru",44,0.14,0.0013
2026-05-06 21:07:15,74,"HSR Layout, Bengaluru",45,0.14,0.0013
2026-05-06 21:07:03,71,"HSR Layout, Bengaluru",43,0.14,0.0013
2026-05-06 21:06:52,72,"HSR Layout, Bengaluru",44,0.14,0.0013
2026-05-06 21:06:40,72,"HSR Layout, Bengaluru",44,0.14,0.0013
2026-05-06 21:06:28,71,"HSR Layout, Bengaluru",43,0.14,0.0013
2026-05-06 21:06:16,72,"HSR Layout, Bengaluru",44,0.14,0.0013
2026-05-06 21:06:04,72,"HSR Layout, Bengaluru",44,0.14,0.0013
2026-05-06 21:05:51,71,"HSR Layout, Bengaluru",43,0.14,0.0013
2026-05-06 21:05:40,72,"HSR Layout, Bengaluru",44,0.14,0.0013
2026-05-06 21:05:28,71,"HSR Layout, Bengaluru",43,0.14,0.0013
2026-05-06 21:05:15,71,"HSR Layout, Bengaluru",43,0.14,0.0013
2026-05-06 21:05:03,71,"HSR Layout, Bengaluru",43,0.14,0.0013
2026-05-06 21:04:51,72,"HSR Layout, Bengaluru",44,0.14,0.0013
2026-05-06 21:04:40,74,"HSR Layout, Bengaluru",45,0.14,0.0013
2026-05-06 21:04:27,76,"HSR Layout, Bengaluru",46,0.14,0.0014
2026-05-06 21:04:15,74,"HSR Layout, Bengaluru",45,0.14,0.0013
2026-05-06 21:04:03,76,"HSR Layout, Bengaluru",46,0.14,0.0014
2026-05-06 21:03:51,72,"HSR Layout, Bengaluru",44,0.14,0.0013
2026-05-06 21:03:39,72,"HSR Layout, Bengaluru",44,0.14,0.0013
2026-05-06 21:03:28,74,"HSR Layout, Bengaluru",45,0.14,0.0013
2026-05-06 21:03:16,76,"HSR Layout, Bengaluru",46,0.14,0.0014
2026-05-06 21:03:16,76,"HSR Layout, Bengaluru",46,0.14,0.0014
2026-05-06 21:03:16,76,"HSR Layout, Bengaluru",46,0.14,0.0014
2026-05-06 21:03:16,76,"HSR Layout, Bengaluru",46,0.14,0.0014
2026-05-06 21:03:03,76,"HSR Layout, Bengaluru",46,0.14,0.0014
2026-05-06 21:02:51,72,"HSR Layout, Bengaluru",44,0.14,0.0013
2026-05-06 21:02:39,72,"HSR Layout, Bengaluru",44,0.14,0.0013
2026-05-06 21:02:27,71,"HSR Layout, Bengaluru",43,0.14,0.0013
2026-05-06 21:02:16,71,"HSR Layout, Bengaluru",43,0.14,0.0013
2026-05-06 21:02:03,71,"HSR Layout, Bengaluru",43,0.14,0.0013
2026-05-06 21:01:51,69,"HSR Layout, Bengaluru",42,0.14,0.0012
2026-05-06 21:01:40,71,"HSR Layout, Bengaluru",43,0.14,0.0013
2026-05-06 21:01:27,72,"HSR Layout, Bengaluru",44,0.14,0.0013
2026-05-06 21:01:16,71,"HSR Layout, Bengaluru",43,0.14,0.0013
2026-05-06 21:01:03,74,"HSR Layout, Bengaluru",45,0.14,0.0013
2026-05-06 21:00:51,74,"HSR Layout, Bengaluru",45,0.14,0.0013
2026-05-06 21:00:39,72,"HSR Layout, Bengaluru",44,0.14,0.0013
2026-05-06 21:00:27,72,"HSR Layout, Bengaluru",44,0.14,0.0013
2026-05-06 21:00:15,71,"HSR Layout, Bengaluru",43,0.14,0.0013
2026-05-06 21:00:04,71,"HSR Layout, Bengaluru",43,0.14,0.0013
2026-05-06 20:59:51,72,"HSR Layout, Bengaluru",44,0.14,0.0013
2026-05-06 20:59:39,74,"HSR Layout, Bengaluru",45,0.14,0.0013
2026-05-06 20:59:27,71,"HSR Layout, Bengaluru",43,0.14,0.0013
2026-05-06 20:59:15,71,"HSR Layout, Bengaluru",43,0.14,0.0013
2026-05-06 20:59:03,71,"HSR Layout, Bengaluru",43,0.14,0.0013
2026-05-06 20:58:51,72,"HSR Layout, Bengaluru",44,0.14,0.0013
2026-05-06 20:58:39,71,"HSR Layout, Bengaluru",43,0.14,0.0013
2026-05-06 20:58:27,71,"HSR Layout, Bengaluru",43,0.14,0.0013
2026-05-06 20:58:15,72,"HSR Layout, Bengaluru",44,0.14,0.0013
2026-05-06 20:58:04,72,"HSR Layout, Bengaluru",44,0.14,0.0013
2026-05-06 20:57:51,72,"HSR Layout, Bengaluru",44,0.14,0.0013
2026-05-06 20:57:39,72,"HSR Layout, Bengaluru",44,0.14,0.0013
2026-05-06 20:57:27,74,"HSR Layout, Bengaluru",45,0.14,0.0013
2026-05-06 20:57:15,74,"HSR Layout, Bengaluru",45,0.14,0.0013
2026-05-06 20:57:03,71,"HSR Layout, Bengaluru",43,0.14,0.0013
2026-05-06 20:56:51,74,"HSR Layout, Bengaluru",45,0.14,0.0013
2026-05-06 20:56:39,71,"HSR Layout, Bengaluru",43,0.14,0.0013
2026-05-06 20:56:27,72,"HSR Layout, Bengaluru",44,0.14,0.0013
2026-05-06 20:56:15,69,"HSR Layout, Bengaluru",42,0.14,0.0012
2026-05-06 20:56:03,71,"HSR Layout, Bengaluru",43,0.14,0.0013
2026-05-06 20:55:51,71,"HSR Layout, Bengaluru",43,0.15,0.0013
2026-05-06 20:55:40,71,"HSR Layout, Bengaluru",43,0.15,0.0013
2026-05-06 20:55:27,72,"HSR Layout, Bengaluru",44,0.15,0.0013
2026-05-06 20:55:15,71,"HSR Layout, Bengaluru",43,0.15,0.0013
2026-05-06 20:55:03,71,"HSR Layout, Bengaluru",43,0.15,0.0013
2026-05-06 20:54:51,71,"HSR Layout, Bengaluru",43,0.14,0.0013
2026-05-06 20:54:39,72,"HSR Layout, Bengaluru",44,0.14,0.0013
2026-05-06 20:54:27,71,"HSR Layout, Bengaluru",43,0.14,0.0013
2026-05-06 20:54:15,71,"HSR Layout, Bengaluru",43,0.14,0.0013
2026-05-06 20:54:03,76,"HSR Layout, Bengaluru",46,0.14,0.0014
2026-05-06 20:53:51,74,"HSR Layout, Bengaluru",45,0.14,0.0013
2026-05-06 20:53:39,74,"HSR Layout, Bengaluru",45,0.14,0.0013
2026-05-06 20:53:27,72,"HSR Layout, Bengaluru",44,0.14,0.0013
2026-05-06 20:53:15,72,"HSR Layout, Bengaluru",44,0.14,0.0013
2026-05-06 20:53:03,74,"HSR Layout, Bengaluru",45,0.14,0.0013
2026-05-06 20:52:54,72,"HSR Layout, Bengaluru",44,0.14,0.0013
2026-05-06 20:52:52,72,"HSR Layout, Bengaluru",44,0.14,0.0013
2026-05-06 20:52:52,72,"HSR Layout, Bengaluru",44,0.14,0.0013
2026-05-06 20:52:52,72,"HSR Layout, Bengaluru",44,0.14,0.0013
2026-05-06 20:52:52,72,"HSR Layout, Bengaluru",44,0.14,0.0013
2026-05-06 20:52:39,72,"HSR Layout, Bengaluru",44,0.14,0.0013
2026-05-06 20:52:27,72,"HSR Layout, Bengaluru",44,0.14,0.0013
2026-05-06 20:52:15,72,"HSR Layout, Bengaluru",44,0.14,0.0013
2026-05-06 20:52:03,69,"HSR Layout, Bengaluru",42,0.14,0.0012
2026-05-06 20:51:51,71,"HSR Layout, Bengaluru",43,0.14,0.0013
2026-05-06 20:51:39,71,"HSR Layout, Bengaluru",43,0.14,0.0013
2026-05-06 20:51:27,71,"HSR Layout, Bengaluru",43,0.14,0.0013
2026-05-06 20:51:15,71,"HSR Layout, Bengaluru",43,0.14,0.0013
2026-05-06 20:51:03,71,"HSR Layout, Bengaluru",43,0.14,0.0013
2026-05-06 20:50:51,71,"HSR Layout, Bengaluru",43,0.14,0.0013
2026-05-06 20:50:39,72,"HSR Layout, Bengaluru",44,0.14,0.0013
2026-05-06 20:50:27,71,"HSR Layout, Bengaluru",43,0.14,0.0013
2026-05-06 20:50:15,72,"HSR Layout, Bengaluru",44,0.14,0.0013
2026-05-06 20:50:03,71,"HSR Layout, Bengaluru",43,0.14,0.0013
2026-05-06 20:49:51,74,"HSR Layout, Bengaluru",45,0.14,0.0013
2026-05-06 20:49:39,71,"HSR Layout, Bengaluru",43,0.14,0.0013
2026-05-06 20:49:28,72,"HSR Layout, Bengaluru",44,0.14,0.0013
2026-05-06 20:49:15,71,"HSR Layout, Bengaluru",43,0.14,0.0013
2026-05-06 20:49:03,69,"HSR Layout, Bengaluru",42,0.14,0.0012
2026-05-06 20:48:51,72,"HSR Layout, Bengaluru",44,0.14,0.0013
2026-05-06 20:48:39,72,"HSR Layout, Bengaluru",44,0.14,0.0013
2026-05-06 20:48:27,74,"HSR Layout, Bengaluru",45,0.14,0.0013
2026-05-06 20:48:15,76,"HSR Layout, Bengaluru",46,0.14,0.0014
2026-05-06 20:48:03,74,"HSR Layout, Bengaluru",45,0.14,0.0013
2026-05-06 20:47:51,74,"HSR Layout, Bengaluru",45,0.14,0.0013
2026-05-06 20:47:40,71,"HSR Layout, Bengaluru",43,0.14,0.0013
2026-05-06 20:47:40,71,"HSR Layout, Bengaluru",43,0.14,0.0013
2026-05-06 20:47:40,71,"HSR Layout, Bengaluru",43,0.14,0.0013
2026-05-06 20:47:40,71,"HSR Layout, Bengaluru",43,0.14,0.0013
2026-05-06 20:47:27,72,"HSR Layout, Bengaluru",44,0.14,0.0013
2026-05-06 20:47:16,72,"HSR Layout, Bengaluru",44,0.14,0.0013
2026-05-06 20:47:04,72,"HSR Layout, Bengaluru",44,0.14,0.0013
2026-05-06 20:46:52,71,"HSR Layout, Bengaluru",43,0.14,0.0013
2026-05-06 20:46:39,71,"HSR Layout, Bengaluru",43,0.14,0.0013
2026-05-06 20:46:27,72,"HSR Layout, Bengaluru",44,0.14,0.0013
2026-05-06 20:46:15,74,"HSR Layout, Bengaluru",45,0.14,0.0013
2026-05-06 20:46:03,71,"HSR Layout, Bengaluru",43,0.14,0.0013
2026-05-06 20:45:51,72,"HSR Layout, Bengaluru",44,0.14,0.0013
2026-05-06 20:45:39,71,"HSR Layout, Bengaluru",43,0.14,0.0013
2026-05-06 20:45:27,69,"HSR Layout, Bengaluru",42,0.14,0.0012
2026-05-06 20:45:15,71,"HSR Layout, Bengaluru",43,0.14,0.0013
2026-05-06 20:45:03,69,"HSR Layout, Bengaluru",42,0.14,0.0012
2026-05-06 20:44:51,71,"HSR Layout, Bengaluru",43,0.14,0.0013
2026-05-06 20:44:39,74,"HSR Layout, Bengaluru",45,0.14,0.0013
2026-05-06 20:44:27,74,"HSR Layout, Bengaluru",45,0.14,0.0013
2026-05-06 20:44:15,71,"HSR Layout, Bengaluru",43,0.14,0.0013
2026-05-06 20:44:03,69,"HSR Layout, Bengaluru",42,0.14,0.0012
2026-05-06 20:43:51,72,"HSR Layout, Bengaluru",44,0.14,0.0013
2026-05-06 20:43:39,74,"HSR Layout, Bengaluru",45,0.14,0.0013
2026-05-06 20:43:27,72,"HSR Layout, Bengaluru",44,0.14,0.0013
2026-05-06 20:43:15,72,"HSR Layout, Bengaluru",44,0.14,0.0013
2026-05-06 20:43:03,72,"HSR Layout, Bengaluru",44,0.14,0.0013
2026-05-06 20:42:51,72,"HSR Layout, Bengaluru",44,0.15,0.0013
2026-05-06 20:42:39,71,"HSR Layout, Bengaluru",43,0.15,0.0013
2026-05-06 20:42:28,72,"HSR Layout, Bengaluru",44,0.15,0.0013
2026-05-06 20:42:28,72,"HSR Layout, Bengaluru",44,0.15,0.0013
2026-05-06 20:42:28,72,"HSR Layout, Bengaluru",44,0.15,0.0013
2026-05-06 20:42:28,72,"HSR Layout, Bengaluru",44,0.15,0.0013
2026-05-06 20:42:28,72,"HSR Layout, Bengaluru",44,0.15,0.0013
2026-05-06 20:42:15,72,"HSR Layout, Bengaluru",44,0.15,0.0013
2026-05-06 20:42:03,72,"HSR Layout, Bengaluru",44,0.15,0.0013
2026-05-06 20:41:51,72,"HSR Layout, Bengaluru",44,0.14,0.0013
2026-05-06 20:41:39,74,"HSR Layout, Bengaluru",45,0.14,0.0013
2026-05-06 20:41:27,72,"HSR Layout, Bengaluru",44,0.14,0.0013
2026-05-06 20:41:15,72,"HSR Layout, Bengaluru",44,0.14,0.0013
2026-05-06 20:41:03,72,"HSR Layout, Bengaluru",44,0.14,0.0013
2026-05-06 20:40:51,71,"HSR Layout, Bengaluru",43,0.14,0.0013
2026-05-06 20:40:39,74,"HSR Layout, Bengaluru",45,0.14,0.0013
2026-05-06 20:40:27,71,"HSR Layout, Bengaluru",43,0.14,0.0013
2026-05-06 20:40:15,72,"HSR Layout, Bengaluru",44,0.14,0.0013
2026-05-06 20:40:03,72,"HSR Layout, Bengaluru",44,0.14,0.0013
2026-05-06 20:39:51,71,"HSR Layout, Bengaluru",43,0.14,0.0013
2026-05-06 20:39:39,72,"HSR Layout, Bengaluru",44,0.14,0.0013
2026-05-06 20:39:27,72,"HSR Layout, Bengaluru",44,0.14,0.0013
2026-05-06 20:39:15,72,"HSR Layout, Bengaluru",44,0.14,0.0013
2026-05-06 20:39:03,74,"HSR Layout, Bengaluru",45,0.14,0.0013
2026-05-06 20:38:51,71,"HSR Layout, Bengaluru",43,0.15,0.0013
2026-05-06 20:38:39,74,"HSR Layout, Bengaluru",45,0.15,0.0013
2026-05-06 20:38:27,72,"HSR Layout, Bengaluru",44,0.15,0.0013
2026-05-06 20:38:15,74,"HSR Layout, Bengaluru",45,0.15,0.0013
2026-05-06 20:38:03,71,"HSR Layout, Bengaluru",43,0.15,0.0013
2026-05-06 20:37:51,72,"HSR Layout, Bengaluru",44,0.14,0.0013
2026-05-06 20:37:39,72,"HSR Layout, Bengaluru",44,0.14,0.0013
2026-05-06 20:37:27,71,"HSR Layout, Bengaluru",43,0.14,0.0013
2026-05-06 20:37:16,72,"HSR Layout, Bengaluru",44,0.14,0.0013
2026-05-06 20:37:16,72,"HSR Layout, Bengaluru",44,0.14,0.0013
2026-05-06 20:37:16,72,"HSR Layout, Bengaluru",44,0.14,0.0013
2026-05-06 20:37:16,72,"HSR Layout, Bengaluru",44,0.14,0.0013
2026-05-06 20:37:03,72,"HSR Layout, Bengaluru",44,0.14,0.0013
2026-05-06 20:36:51,74,"HSR Layout, Bengaluru",45,0.14,0.0013
2026-05-06 20:36:39,72,"HSR Layout, Bengaluru",44,0.14,0.0013
2026-05-06 20:36:27,71,"HSR Layout, Bengaluru",43,0.14,0.0013
2026-05-06 20:36:15,69,"HSR Layout, Bengaluru",42,0.14,0.0012
2026-05-06 20:36:03,71,"HSR Layout, Bengaluru",43,0.14,0.0013
2026-05-06 20:35:51,69,"HSR Layout, Bengaluru",42,0.14,0.0012
2026-05-06 20:35:39,71,"HSR Layout, Bengaluru",43,0.14,0.0013
2026-05-06 20:35:27,72,"HSR Layout, Bengaluru",44,0.14,0.0013
2026-05-06 20:35:15,71,"HSR Layout, Bengaluru",43,0.14,0.0013
2026-05-06 20:35:03,71,"HSR Layout, Bengaluru",43,0.14,0.0013
2026-05-06 20:34:51,72,"HSR Layout, Bengaluru",44,0.15,0.0013
2026-05-06 20:34:39,72,"HSR Layout, Bengaluru",44,0.15,0.0013
2026-05-06 20:34:27,71,"HSR Layout, Bengaluru",43,0.15,0.0013
2026-05-06 20:34:15,72,"HSR Layout, Bengaluru",44,0.15,0.0013
2026-05-06 20:34:03,71,"HSR Layout, Bengaluru",43,0.15,0.0013
2026-05-06 20:33:51,71,"HSR Layout, Bengaluru",43,0.14,0.0013
2026-05-06 20:33:39,72,"HSR Layout, Bengaluru",44,0.14,0.0013
2026-05-06 20:33:27,71,"HSR Layout, Bengaluru",43,0.14,0.0013
2026-05-06 20:33:15,72,"HSR Layout, Bengaluru",44,0.14,0.0013
2026-05-06 20:33:03,71,"HSR Layout, Bengaluru",43,0.14,0.0013
2026-05-06 20:32:51,72,"HSR Layout, Bengaluru",44,0.14,0.0013
2026-05-06 20:32:39,72,"HSR Layout, Bengaluru",44,0.14,0.0013
2026-05-06 20:32:27,72,"HSR Layout, Bengaluru",44,0.14,0.0013
2026-05-06 20:32:15,72,"HSR Layout, Bengaluru",44,0.14,0.0013
2026-05-06 20:32:04,71,"HSR Layout, Bengaluru",43,0.14,0.0013
2026-05-06 20:32:04,71,"HSR Layout, Bengaluru",43,0.14,0.0013
2026-05-06 20:32:04,71,"HSR Layout, Bengaluru",43,0.14,0.0013
2026-05-06 20:32:04,71,"HSR Layout, Bengaluru",43,0.14,0.0013
2026-05-06 20:31:51,72,"HSR Layout, Bengaluru",44,0.14,0.0013
2026-05-06 20:31:39,71,"HSR Layout, Bengaluru",43,0.14,0.0013
2026-05-06 20:31:27,71,"HSR Layout, Bengaluru",43,0.14,0.0013
2026-05-06 20:31:15,71,"HSR Layout, Bengaluru",43,0.14,0.0013
2026-05-06 20:31:03,69,"HSR Layout, Bengaluru",42,0.14,0.0012
2026-05-06 20:30:51,71,"HSR Layout, Bengaluru",43,0.14,0.0013
2026-05-06 20:30:39,72,"HSR Layout, Bengaluru",44,0.14,0.0013
2026-05-06 20:30:27,72,"HSR Layout, Bengaluru",44,0.14,0.0013
2026-05-06 20:30:15,72,"HSR Layout, Bengaluru",44,0.14,0.0013
2026-05-06 20:30:03,72,"HSR Layout, Bengaluru",44,0.14,0.0013
2026-05-06 20:29:51,72,"HSR Layout, Bengaluru",44,0.15,0.0013
2026-05-06 20:29:39,71,"HSR Layout, Bengaluru",43,0.15,0.0013
2026-05-06 20:29:28,69,"HSR Layout, Bengaluru",42,0.15,0.0012
2026-05-06 20:29:15,71,"HSR Layout, Bengaluru",43,0.15,0.0013
2026-05-06 20:29:04,72,"HSR Layout, Bengaluru",44,0.15,0.0013
2026-05-06 20:28:51,71,"HSR Layout, Bengaluru",43,0.14,0.0013
2026-05-06 20:28:39,71,"HSR Layout, Bengaluru",43,0.14,0.0013
2026-05-06 20:28:27,72,"HSR Layout, Bengaluru",44,0.14,0.0013
2026-05-06 20:28:15,71,"HSR Layout, Bengaluru",43,0.14,0.0013
2026-05-06 20:28:03,72,"HSR Layout, Bengaluru",44,0.14,0.0013
2026-05-06 20:27:51,71,"HSR Layout, Bengaluru",43,0.14,0.0013
2026-05-06 20:27:39,71,"HSR Layout, Bengaluru",43,0.14,0.0013
2026-05-06 20:27:27,72,"HSR Layout, Bengaluru",44,0.14,0.0013
2026-05-06 20:27:15,71,"HSR Layout, Bengaluru",43,0.14,0.0013
2026-05-06 20:27:03,72,"HSR Layout, Bengaluru",44,0.14,0.0013
2026-05-06 20:26:52,74,"HSR Layout, Bengaluru",45,0.15,0.0013
2026-05-06 20:26:52,74,"HSR Layout, Bengaluru",45,0.15,0.0013
2026-05-06 20:26:52,74,"HSR Layout, Bengaluru",45,0.15,0.0013
2026-05-06 20:26:52,74,"HSR Layout, Bengaluru",45,0.15,0.0013
2026-05-06 20:26:39,74,"HSR Layout, Bengaluru",45,0.15,0.0013
2026-05-06 20:26:28,72,"HSR Layout, Bengaluru",44,0.15,0.0013
2026-05-06 20:26:15,76,"HSR Layout, Bengaluru",46,0.15,0.0014
2026-05-06 20:26:04,74,"HSR Layout, Bengaluru",45,0.15,0.0013
2026-05-06 20:25:51,76,"HSR Layout, Bengaluru",46,0.14,0.0014
2026-05-06 20:25:39,72,"HSR Layout, Bengaluru",44,0.14,0.0013
2026-05-06 20:25:27,71,"HSR Layout, Bengaluru",43,0.14,0.0013
2026-05-06 20:25:15,72,"HSR Layout, Bengaluru",44,0.14,0.0013
2026-05-06 20:25:03,72,"HSR Layout, Bengaluru",44,0.14,0.0013
2026-05-06 20:24:51,72,"HSR Layout, Bengaluru",44,0.14,0.0013
2026-05-06 20:24:40,72,"HSR Layout, Bengaluru",44,0.14,0.0013
2026-05-06 20:24:28,72,"HSR Layout, Bengaluru",44,0.14,0.0013
2026-05-06 20:24:15,72,"HSR Layout, Bengaluru",44,0.14,0.0013
2026-05-06 20:24:03,71,"HSR Layout, Bengaluru",43,0.14,0.0013
2026-05-06 20:23:51,72,"HSR Layout, Bengaluru",44,0.14,0.0013
2026-05-06 20:23:39,72,"HSR Layout, Bengaluru",44,0.14,0.0013
2026-05-06 20:23:27,74,"HSR Layout, Bengaluru",45,0.14,0.0013
2026-05-06 20:23:15,71,"HSR Layout, Bengaluru",43,0.14,0.0013
2026-05-06 20:23:03,72,"HSR Layout, Bengaluru",44,0.14,0.0013
2026-05-06 20:22:51,71,"HSR Layout, Bengaluru",43,0.14,0.0013
2026-05-06 20:22:39,72,"HSR Layout, Bengaluru",44,0.14,0.0013
2026-05-06 20:22:27,71,"HSR Layout, Bengaluru",43,0.14,0.0013
2026-05-06 20:22:16,72,"HSR Layout, Bengaluru",44,0.14,0.0013
2026-05-06 20:22:03,72,"HSR Layout, Bengaluru",44,0.14,0.0013
2026-05-06 20:21:51,72,"HSR Layout, Bengaluru",44,0.15,0.0013
2026-05-06 20:21:40,72,"HSR Layout, Bengaluru",44,0.15,0.0013
2026-05-06 20:21:40,72,"HSR Layout, Bengaluru",44,0.15,0.0013
2026-05-06 20:21:40,72,"HSR Layout, Bengaluru",44,0.15,0.0013
2026-05-06 20:21:40,72,"HSR Layout, Bengaluru",44,0.15,0.0013
2026-05-06 20:21:27,71,"HSR Layout, Bengaluru",43,0.15,0.0013
2026-05-06 20:21:15,72,"HSR Layout, Bengaluru",44,0.15,0.0013
2026-05-06 20:21:04,72,"HSR Layout, Bengaluru",44,0.15,0.0013
2026-05-06 20:20:51,71,"HSR Layout, Bengaluru",43,0.14,0.0013
2026-05-06 20:20:39,71,"HSR Layout, Bengaluru",43,0.14,0.0013
2026-05-06 20:20:28,76,"HSR Layout, Bengaluru",46,0.14,0.0014
2026-05-06 20:20:15,72,"HSR Layout, Bengaluru",44,0.14,0.0013
2026-05-06 20:20:03,74,"HSR Layout, Bengaluru",45,0.14,0.0013
2026-05-06 20:19:51,74,"HSR Layout, Bengaluru",45,0.14,0.0013
2026-05-06 20:19:39,71,"HSR Layout, Bengaluru",43,0.14,0.0013
2026-05-06 20:19:27,72,"HSR Layout, Bengaluru",44,0.14,0.0013
2026-05-06 20:19:15,71,"HSR Layout, Bengaluru",43,0.14,0.0013
2026-05-06 20:19:03,72,"HSR Layout, Bengaluru",44,0.14,0.0013
2026-05-06 20:18:51,72,"HSR Layout, Bengaluru",44,0.15,0.0013
2026-05-06 20:18:39,74,"HSR Layout, Bengaluru",45,0.15,0.0013
2026-05-06 20:18:27,72,"HSR Layout, Bengaluru",44,0.15,0.0013
2026-05-06 20:18:15,72,"HSR Layout, Bengaluru",44,0.15,0.0013
2026-05-06 20:18:03,72,"HSR Layout, Bengaluru",44,0.15,0.0013
2026-05-06 20:17:51,72,"HSR Layout, Bengaluru",44,0.15,0.0013
2026-05-06 20:17:39,72,"HSR Layout, Bengaluru",44,0.15,0.0013
2026-05-06 20:17:27,71,"HSR Layout, Bengaluru",43,0.15,0.0013
2026-05-06 20:17:15,72,"HSR Layout, Bengaluru",44,0.15,0.0013
2026-05-06 20:17:03,71,"HSR Layout, Bengaluru",43,0.15,0.0013
2026-05-06 20:16:51,74,"HSR Layout, Bengaluru",45,0.15,0.0013
2026-05-06 20:16:39,72,"HSR Layout, Bengaluru",44,0.15,0.0013
2026-05-06 20:16:30,74,"HSR Layout, Bengaluru",45,0.15,0.0013
2026-05-06 20:16:28,74,"HSR Layout, Bengaluru",45,0.15,0.0013
2026-05-06 20:16:28,74,"HSR Layout, Bengaluru",45,0.15,0.0013
2026-05-06 20:16:28,74,"HSR Layout, Bengaluru",45,0.15,0.0013
2026-05-06 20:16:15,72,"HSR Layout, Bengaluru",44,0.15,0.0013
2026-05-06 20:16:03,72,"HSR Layout, Bengaluru",44,0.15,0.0013
2026-05-06 20:15:51,74,"HSR Layout, Bengaluru",45,0.14,0.0013
2026-05-06 20:15:39,72,"HSR Layout, Bengaluru",44,0.14,0.0013
2026-05-06 20:15:27,74,"HSR Layout, Bengaluru",45,0.14,0.0013
2026-05-06 20:15:15,74,"HSR Layout, Bengaluru",45,0.14,0.0013
2026-05-06 20:15:03,74,"HSR Layout, Bengaluru",45,0.14,0.0013
2026-05-06 20:14:51,74,"HSR Layout, Bengaluru",45,0.15,0.0013
2026-05-06 20:14:39,74,"HSR Layout, Bengaluru",45,0.15,0.0013
2026-05-06 20:14:27,76,"HSR Layout, Bengaluru",46,0.15,0.0014
2026-05-06 20:14:15,78,"HSR Layout, Bengaluru",47,0.15,0.0014
2026-05-06 20:14:03,79,"HSR Layout, Bengaluru",48,0.15,0.0014
2026-05-06 20:13:51,81,"HSR Layout, Bengaluru",49,0.15,0.0015
2026-05-06 20:13:39,78,"HSR Layout, Bengaluru",47,0.15,0.0014
2026-05-06 20:13:27,76,"HSR Layout, Bengaluru",46,0.15,0.0014
2026-05-06 20:13:15,72,"HSR Layout, Bengaluru",44,0.15,0.0013
2026-05-06 20:13:03,74,"HSR Layout, Bengaluru",45,0.15,0.0013
2026-05-06 20:12:51,74,"HSR Layout, Bengaluru",45,0.15,0.0013
2026-05-06 20:12:39,74,"HSR Layout, Bengaluru",45,0.15,0.0013
2026-05-06 20:12:27,76,"HSR Layout, Bengaluru",46,0.15,0.0014
2026-05-06 20:12:15,71,"HSR Layout, Bengaluru",43,0.15,0.0013
2026-05-06 20:12:03,72,"HSR Layout, Bengaluru",44,0.15,0.0013
2026-05-06 20:11:51,74,"HSR Layout, Bengaluru",45,0.14,0.0013
2026-05-06 20:11:39,74,"HSR Layout, Bengaluru",45,0.14,0.0013
2026-05-06 20:11:27,72,"HSR Layout, Bengaluru",44,0.14,0.0013
2026-05-06 20:11:16,72,"HSR Layout, Bengaluru",44,0.14,0.0013
2026-05-06 20:11:16,72,"HSR Layout, Bengaluru",44,0.14,0.0013
2026-05-06 20:11:16,72,"HSR Layout, Bengaluru",44,0.14,0.0013
2026-05-06 20:11:16,72,"HSR Layout, Bengaluru",44,0.14,0.0013
2026-05-06 20:11:03,72,"HSR Layout, Bengaluru",44,0.14,0.0013
2026-05-06 20:10:51,72,"HSR Layout, Bengaluru",44,0.15,0.0013
2026-05-06 20:10:39,72,"HSR Layout, Bengaluru",44,0.15,0.0013
2026-05-06 20:10:27,72,"HSR Layout, Bengaluru",44,0.15,0.0013
2026-05-06 20:10:15,72,"HSR Layout, Bengaluru",44,0.15,0.0013
2026-05-06 20:10:03,72,"HSR Layout, Bengaluru",44,0.15,0.0013
2026-05-06 20:09:51,74,"HSR Layout, Bengaluru",45,0.15,0.0013
2026-05-06 20:09:39,72,"HSR Layout, Bengaluru",44,0.15,0.0013
2026-05-06 20:09:27,74,"HSR Layout, Bengaluru",45,0.15,0.0013
2026-05-06 20:09:15,72,"HSR Layout, Bengaluru",44,0.15,0.0013
2026-05-06 20:09:03,74,"HSR Layout, Bengaluru",45,0.15,0.0013
2026-05-06 20:08:51,72,"HSR Layout, Bengaluru",44,0.15,0.0013
2026-05-06 20:08:39,74,"HSR Layout, Bengaluru",45,0.15,0.0013
2026-05-06 20:08:27,74,"HSR Layout, Bengaluru",45,0.15,0.0013
2026-05-06 20:08:15,74,"HSR Layout, Bengaluru",45,0.15,0.0013
2026-05-06 20:08:03,74,"HSR Layout, Bengaluru",45,0.15,0.0013
2026-05-06 20:07:51,74,"HSR Layout, Bengaluru",45,0.14,0.0013
2026-05-06 20:07:39,74,"HSR Layout, Bengaluru",45,0.14,0.0013
2026-05-06 20:07:27,76,"HSR Layout, Bengaluru",46,0.14,0.0014
2026-05-06 20:07:15,72,"HSR Layout, Bengaluru",44,0.14,0.0013
2026-05-06 20:07:03,74,"HSR Layout, Bengaluru",45,0.14,0.0013
2026-05-06 20:06:51,76,"HSR Layout, Bengaluru",46,0.15,0.0014
2026-05-06 20:06:39,72,"HSR Layout, Bengaluru",44,0.15,0.0013
2026-05-06 20:06:27,74,"HSR Layout, Bengaluru",45,0.15,0.0013
2026-05-06 20:06:15,74,"HSR Layout, Bengaluru",45,0.15,0.0013
2026-05-06 20:06:04,72,"HSR Layout, Bengaluru",44,0.15,0.0013
2026-05-06 20:06:04,72,"HSR Layout, Bengaluru",44,0.15,0.0013
2026-05-06 20:06:04,72,"HSR Layout, Bengaluru",44,0.15,0.0013
2026-05-06 20:06:04,72,"HSR Layout, Bengaluru",44,0.15,0.0013
2026-05-06 20:05:51,72,"HSR Layout, Bengaluru",44,0.15,0.0013
2026-05-06 20:05:39,72,"HSR Layout, Bengaluru",44,0.15,0.0013
2026-05-06 20:05:27,71,"HSR Layout, Bengaluru",43,0.15,0.0013
2026-05-06 20:05:15,74,"HSR Layout, Bengaluru",45,0.15,0.0013
2026-05-06 20:05:03,74,"HSR Layout, Bengaluru",45,0.15,0.0013
2026-05-06 20:04:51,72,"HSR Layout, Bengaluru",44,0.15,0.0013
2026-05-06 20:04:39,72,"HSR Layout, Bengaluru",44,0.15,0.0013
2026-05-06 20:04:27,74,"HSR Layout, Bengaluru",45,0.15,0.0013
2026-05-06 20:04:15,76,"HSR Layout, Bengaluru",46,0.15,0.0014
2026-05-06 20:04:03,76,"HSR Layout, Bengaluru",46,0.15,0.0014
2026-05-06 20:03:51,76,"HSR Layout, Bengaluru",46,0.14,0.0014
2026-05-06 20:03:39,76,"HSR Layout, Bengaluru",46,0.14,0.0014
2026-05-06 20:03:27,74,"HSR Layout, Bengaluru",45,0.14,0.0013
2026-05-06 20:03:15,78,"HSR Layout, Bengaluru",47,0.14,0.0014
2026-05-06 20:03:03,74,"HSR Layout, Bengaluru",45,0.14,0.0013
2026-05-06 20:02:51,76,"HSR Layout, Bengaluru",46,0.15,0.0014
2026-05-06 20:02:39,76,"HSR Layout, Bengaluru",46,0.15,0.0014
2026-05-06 20:02:27,72,"HSR Layout, Bengaluru",44,0.15,0.0013
2026-05-06 20:02:15,72,"HSR Layout, Bengaluru",44,0.15,0.0013
2026-05-06 20:02:03,74,"HSR Layout, Bengaluru",45,0.15,0.0013
2026-05-06 20:01:51,71,"HSR Layout, Bengaluru",43,0.15,0.0013
2026-05-06 20:01:39,76,"HSR Layout, Bengaluru",46,0.15,0.0014
2026-05-06 20:01:27,76,"HSR Layout, Bengaluru",46,0.15,0.0014
2026-05-06 20:01:15,72,"HSR Layout, Bengaluru",44,0.15,0.0013
2026-05-06 20:01:03,76,"HSR Layout, Bengaluru",46,0.15,0.0014
2026-05-06 20:00:52,76,"HSR Layout, Bengaluru",46,0.15,0.0014
2026-05-06 20:00:52,76,"HSR Layout, Bengaluru",46,0.15,0.0014
2026-05-06 20:00:51,76,"HSR Layout, Bengaluru",46,0.15,0.0014
2026-05-06 20:00:51,76,"HSR Layout, Bengaluru",46,0.15,0.0014
2026-05-06 20:00:39,74,"HSR Layout, Bengaluru",45,0.15,0.0013
2026-05-06 20:00:27,72,"HSR Layout, Bengaluru",44,0.15,0.0013
2026-05-06 20:00:15,74,"HSR Layout, Bengaluru",45,0.15,0.0013
2026-05-06 20:00:03,74,"HSR Layout, Bengaluru",45,0.15,0.0013
2026-05-06 19:59:51,76,"HSR Layout, Bengaluru",46,0.15,0.0014
2026-05-06 19:59:39,74,"HSR Layout, Bengaluru",45,0.15,0.0013
2026-05-06 19:59:27,74,"HSR Layout, Bengaluru",45,0.15,0.0013
2026-05-06 19:59:15,76,"HSR Layout, Bengaluru",46,0.15,0.0014
2026-05-06 19:59:03,76,"HSR Layout, Bengaluru",46,0.15,0.0014
2026-05-06 19:58:51,76,"HSR Layout, Bengaluru",46,0.15,0.0014
2026-05-06 19:58:39,72,"HSR Layout, Bengaluru",44,0.15,0.0013
2026-05-06 19:58:27,76,"HSR Layout, Bengaluru",46,0.15,0.0014
2026-05-06 19:58:15,76,"HSR Layout, Bengaluru",46,0.15,0.0014
2026-05-06 19:58:03,74,"HSR Layout, Bengaluru",45,0.15,0.0013
2026-05-06 19:57:51,76,"HSR Layout, Bengaluru",46,0.15,0.0014
2026-05-06 19:57:39,72,"HSR Layout, Bengaluru",44,0.15,0.0013
2026-05-06 19:57:27,74,"HSR Layout, Bengaluru",45,0.15,0.0013
2026-05-06 19:57:15,74,"HSR Layout, Bengaluru",45,0.15,0.0013
2026-05-06 19:57:03,79,"HSR Layout, Bengaluru",48,0.15,0.0014
2026-05-06 19:56:51,76,"HSR Layout, Bengaluru",46,0.15,0.0014
2026-05-06 19:56:39,76,"HSR Layout, Bengaluru",46,0.15,0.0014
2026-05-06 19:56:27,76,"HSR Layout, Bengaluru",46,0.15,0.0014
2026-05-06 19:56:15,74,"HSR Layout, Bengaluru",45,0.15,0.0013
2026-05-06 19:56:03,76,"HSR Layout, Bengaluru",46,0.15,0.0014
2026-05-06 19:55:51,74,"HSR Layout, Bengaluru",45,0.14,0.0013
2026-05-06 19:55:40,74,"HSR Layout, Bengaluru",45,0.14,0.0013
2026-05-06 19:55:40,74,"HSR Layout, Bengaluru",45,0.14,0.0013
2026-05-06 19:55:40,74,"HSR Layout, Bengaluru",45,0.14,0.0013
2026-05-06 19:55:40,74,"HSR Layout, Bengaluru",45,0.14,0.0013
2026-05-06 19:55:27,76,"HSR Layout, Bengaluru",46,0.14,0.0014
2026-05-06 19:55:15,72,"HSR Layout, Bengaluru",44,0.14,0.0013
2026-05-06 19:55:03,74,"HSR Layout, Bengaluru",45,0.14,0.0013
2026-05-06 19:54:51,74,"HSR Layout, Bengaluru",45,0.14,0.0013
2026-05-06 19:54:39,72,"HSR Layout, Bengaluru",44,0.14,0.0013
2026-05-06 19:54:27,76,"HSR Layout, Bengaluru",46,0.14,0.0014
2026-05-06 19:54:15,76,"HSR Layout, Bengaluru",46,0.14,0.0014
2026-05-06 19:54:03,76,"HSR Layout, Bengaluru",46,0.14,0.0014
2026-05-06 19:53:51,74,"HSR Layout, Bengaluru",45,0.15,0.0013
2026-05-06 19:53:39,74,"HSR Layout, Bengaluru",45,0.15,0.0013
2026-05-06 19:53:27,74,"HSR Layout, Bengaluru",45,0.15,0.0013
2026-05-06 19:53:15,72,"HSR Layout, Bengaluru",44,0.15,0.0013
2026-05-06 19:53:03,74,"HSR Layout, Bengaluru",45,0.15,0.0013
2026-05-06 19:52:51,74,"HSR Layout, Bengaluru",45,0.15,0.0013
2026-05-06 19:52:39,76,"HSR Layout, Bengaluru",46,0.15,0.0014
2026-05-06 19:52:27,76,"HSR Layout, Bengaluru",46,0.15,0.0014
2026-05-06 19:52:15,76,"HSR Layout, Bengaluru",46,0.15,0.0014
2026-05-06 19:52:03,74,"HSR Layout, Bengaluru",45,0.15,0.0013
2026-05-06 19:51:51,72,"HSR Layout, Bengaluru",44,0.15,0.0013
2026-05-06 19:51:39,74,"HSR Layout, Bengaluru",45,0.15,0.0013
2026-05-06 19:51:27,76,"HSR Layout, Bengaluru",46,0.15,0.0014
2026-05-06 19:51:15,76,"HSR Layout, Bengaluru",46,0.15,0.0014
2026-05-06 19:51:03,76,"HSR Layout, Bengaluru",46,0.15,0.0014
2026-05-06 19:50:51,78,"HSR Layout, Bengaluru",47,0.15,0.0014
2026-05-06 19:50:39,76,"HSR Layout, Bengaluru",46,0.15,0.0014
2026-05-06 19:50:29,76,"HSR Layout, Bengaluru",46,0.15,0.0014
2026-05-06 19:50:29,76,"HSR Layout, Bengaluru",46,0.15,0.0014
2026-05-06 19:50:27,76,"HSR Layout, Bengaluru",46,0.15,0.0014
2026-05-06 19:50:27,76,"HSR Layout, Bengaluru",46,0.15,0.0014
2026-05-06 19:50:27,76,"HSR Layout, Bengaluru",46,0.15,0.0014
2026-05-06 19:50:15,74,"HSR Layout, Bengaluru",45,0.15,0.0013
2026-05-06 19:50:03,72,"HSR Layout, Bengaluru",44,0.15,0.0013
2026-05-06 19:49:51,76,"HSR Layout, Bengaluru",46,0.15,0.0014
2026-05-06 19:49:39,76,"HSR Layout, Bengaluru",46,0.15,0.0014
2026-05-06 19:49:27,76,"HSR Layout, Bengaluru",46,0.15,0.0014
2026-05-06 19:49:15,76,"HSR Layout, Bengaluru",46,0.15,0.0014
2026-05-06 19:49:03,76,"HSR Layout, Bengaluru",46,0.15,0.0014
2026-05-06 19:48:51,76,"HSR Layout, Bengaluru",46,0.15,0.0014
2026-05-06 19:48:39,72,"HSR Layout, Bengaluru",44,0.15,0.0013
2026-05-06 19:48:27,74,"HSR Layout, Bengaluru",45,0.15,0.0013
2026-05-06 19:48:15,74,"HSR Layout, Bengaluru",45,0.15,0.0013
2026-05-06 19:48:03,74,"HSR Layout, Bengaluru",45,0.15,0.0013
2026-05-06 19:47:51,74,"HSR Layout, Bengaluru",45,0.14,0.0013
2026-05-06 19:47:39,76,"HSR Layout, Bengaluru",46,0.14,0.0014
2026-05-06 19:47:27,74,"HSR Layout, Bengaluru",45,0.14,0.0013
2026-05-06 19:47:15,76,"HSR Layout, Bengaluru",46,0.14,0.0014
2026-05-06 19:47:03,74,"HSR Layout, Bengaluru",45,0.14,0.0013
2026-05-06 19:46:51,76,"HSR Layout, Bengaluru",46,0.14,0.0014
2026-05-06 19:46:39,74,"HSR Layout, Bengaluru",45,0.14,0.0013
2026-05-06 19:46:27,74,"HSR Layout, Bengaluru",45,0.14,0.0013
2026-05-06 19:46:15,76,"HSR Layout, Bengaluru",46,0.14,0.0014
2026-05-06 19:46:03,72,"HSR Layout, Bengaluru",44,0.14,0.0013
2026-05-06 19:45:51,72,"HSR Layout, Bengaluru",44,0.15,0.0013
2026-05-06 19:45:39,72,"HSR Layout, Bengaluru",44,0.15,0.0013
2026-05-06 19:45:27,76,"HSR Layout, Bengaluru",46,0.15,0.0014
2026-05-06 19:45:16,76,"HSR Layout, Bengaluru",46,0.15,0.0014
2026-05-06 19:45:16,76,"HSR Layout, Bengaluru",46,0.15,0.0014
2026-05-06 19:45:16,76,"HSR Layout, Bengaluru",46,0.15,0.0014
2026-05-06 19:45:16,76,"HSR Layout, Bengaluru",46,0.15,0.0014
2026-05-06 19:45:03,76,"HSR Layout, Bengaluru",46,0.15,0.0014
2026-05-06 19:44:51,74,"HSR Layout, Bengaluru",45,0.15,0.0013
2026-05-06 19:44:39,74,"HSR Layout, Bengaluru",45,0.15,0.0013
2026-05-06 19:44:27,74,"HSR Layout, Bengaluru",45,0.15,0.0013
2026-05-06 19:44:15,74,"HSR Layout, Bengaluru",45,0.15,0.0013
2026-05-06 19:44:03,74,"HSR Layout, Bengaluru",45,0.15,0.0013
2026-05-06 19:43:51,74,"HSR Layout, Bengaluru",45,0.15,0.0013
2026-05-06 19:43:39,76,"HSR Layout, Bengaluru",46,0.15,0.0014
2026-05-06 19:43:27,74,"HSR Layout, Bengaluru",45,0.15,0.0013
2026-05-06 19:43:15,74,"HSR Layout, Bengaluru",45,0.15,0.0013
2026-05-06 19:43:03,76,"HSR Layout, Bengaluru",46,0.15,0.0014
2026-05-06 19:42:51,74,"HSR Layout, Bengaluru",45,0.14,0.0013
2026-05-06 19:42:39,74,"HSR Layout, Bengaluru",45,0.14,0.0013
2026-05-06 19:42:27,72,"HSR Layout, Bengaluru",44,0.14,0.0013
2026-05-06 19:42:15,74,"HSR Layout, Bengaluru",45,0.14,0.0013
2026-05-06 19:42:03,72,"HSR Layout, Bengaluru",44,0.14,0.0013
2026-05-06 19:41:51,74,"HSR Layout, Bengaluru",45,0.15,0.0013
2026-05-06 19:41:39,71,"HSR Layout, Bengaluru",43,0.15,0.0013
2026-05-06 19:41:27,74,"HSR Layout, Bengaluru",45,0.15,0.0013
2026-05-06 19:41:15,71,"HSR Layout, Bengaluru",43,0.15,0.0013
2026-05-06 19:41:03,72,"HSR Layout, Bengaluru",44,0.15,0.0013
2026-05-06 19:40:51,71,"HSR Layout, Bengaluru",43,0.15,0.0013
2026-05-06 19:40:39,72,"HSR Layout, Bengaluru",44,0.15,0.0013
2026-05-06 19:40:27,72,"HSR Layout, Bengaluru",44,0.15,0.0013
2026-05-06 19:40:15,72,"HSR Layout, Bengaluru",44,0.15,0.0013
2026-05-06 19:40:04,72,"HSR Layout, Bengaluru",44,0.15,0.0013
2026-05-06 19:40:04,72,"HSR Layout, Bengaluru",44,0.15,0.0013
2026-05-06 19:40:04,72,"HSR Layout, Bengaluru",44,0.15,0.0013
2026-05-06 19:40:03,72,"HSR Layout, Bengaluru",44,0.15,0.0013
2026-05-06 19:39:51,72,"HSR Layout, Bengaluru",44,0.15,0.0013
2026-05-06 19:39:39,72,"HSR Layout, Bengaluru",44,0.15,0.0013
2026-05-06 19:39:27,71,"HSR Layout, Bengaluru",43,0.15,0.0013
2026-05-06 19:39:15,74,"HSR Layout, Bengaluru",45,0.15,0.0013
2026-05-06 19:39:03,72,"HSR Layout, Bengaluru",44,0.15,0.0013
2026-05-06 19:38:51,74,"HSR Layout, Bengaluru",45,0.14,0.0013
2026-05-06 19:38:39,74,"HSR Layout, Bengaluru",45,0.14,0.0013
2026-05-06 19:38:27,74,"HSR Layout, Bengaluru",45,0.14,0.0013
2026-05-06 19:38:15,71,"HSR Layout, Bengaluru",43,0.14,0.0013
2026-05-06 19:38:03,74,"HSR Layout, Bengaluru",45,0.14,0.0013
2026-05-06 19:37:51,71,"HSR Layout, Bengaluru",43,0.15,0.0013
2026-05-06 19:37:39,71,"HSR Layout, Bengaluru",43,0.15,0.0013
2026-05-06 19:37:27,72,"HSR Layout, Bengaluru",44,0.15,0.0013
2026-05-06 19:37:15,71,"HSR Layout, Bengaluru",43,0.15,0.0013
2026-05-06 19:37:03,71,"HSR Layout, Bengaluru",43,0.15,0.0013
2026-05-06 19:36:51,71,"HSR Layout, Bengaluru",43,0.15,0.0013
2026-05-06 19:36:39,71,"HSR Layout, Bengaluru",43,0.15,0.0013
2026-05-06 19:36:27,74,"HSR Layout, Bengaluru",45,0.15,0.0013
2026-05-06 19:36:15,72,"HSR Layout, Bengaluru",44,0.15,0.0013
2026-05-06 19:36:03,71,"HSR Layout, Bengaluru",43,0.15,0.0013
2026-05-06 19:35:51,72,"HSR Layout, Bengaluru",44,0.15,0.0013
2026-05-06 19:35:39,74,"HSR Layout, Bengaluru",45,0.15,0.0013
2026-05-06 19:35:27,71,"HSR Layout, Bengaluru",43,0.15,0.0013
2026-05-06 19:35:15,71,"HSR Layout, Bengaluru",43,0.15,0.0013
2026-05-06 19:35:03,72,"HSR Layout, Bengaluru",44,0.15,0.0013
2026-05-06 19:34:51,72,"HSR Layout, Bengaluru",44,0.14,0.0013
2026-05-06 19:34:39,71,"HSR Layout, Bengaluru",43,0.14,0.0013
2026-05-06 19:34:27,72,"HSR Layout, Bengaluru",44,0.14,0.0013
2026-05-06 19:34:15,72,"HSR Layout, Bengaluru",44,0.14,0.0013
2026-05-06 19:34:03,72,"HSR Layout, Bengaluru",44,0.14,0.0013
2026-05-06 19:33:51,71,"HSR Layout, Bengaluru",43,0.15,0.0013
2026-05-06 19:33:39,71,"HSR Layout, Bengaluru",43,0.15,0.0013
2026-05-06 19:33:27,72,"HSR Layout, Bengaluru",44,0.15,0.0013
2026-05-06 19:33:15,72,"HSR Layout, Bengaluru",44,0.15,0.0013
2026-05-06 19:33:03,69,"HSR Layout, Bengaluru",42,0.15,0.0012
2026-05-06 19:32:51,71,"HSR Layout, Bengaluru",43,0.15,0.0013
2026-05-06 19:32:39,71,"HSR Layout, Bengaluru",43,0.15,0.0013
2026-05-06 19:32:27,72,"HSR Layout, Bengaluru",44,0.15,0.0013
2026-05-06 19:32:15,74,"HSR Layout, Bengaluru",45,0.15,0.0013
2026-05-06 19:32:03,71,"HSR Layout, Bengaluru",43,0.15,0.0013
2026-05-06 19:31:51,72,"HSR Layout, Bengaluru",44,0.15,0.0013
2026-05-06 19:31:39,72,"HSR Layout, Bengaluru",44,0.15,0.0013
2026-05-06 19:31:27,71,"HSR Layout, Bengaluru",43,0.15,0.0013
2026-05-06 19:31:15,71,"HSR Layout, Bengaluru",43,0.15,0.0013
2026-05-06 19:31:03,72,"HSR Layout, Bengaluru",44,0.15,0.0013
2026-05-06 19:30:51,69,"HSR Layout, Bengaluru",42,0.14,0.0012
2026-05-06 19:30:39,71,"HSR Layout, Bengaluru",43,0.14,0.0013
2026-05-06 19:30:27,71,"HSR Layout, Bengaluru",43,0.14,0.0013
2026-05-06 19:30:15,71,"HSR Layout, Bengaluru",43,0.14,0.0013
2026-05-06 19:30:03,71,"HSR Layout, Bengaluru",43,0.14,0.0013
2026-05-06 19:29:51,72,"HSR Layout, Bengaluru",44,0.15,0.0013
2026-05-06 19:29:39,71,"HSR Layout, Bengaluru",43,0.15,0.0013
2026-05-06 19:29:27,72,"HSR Layout, Bengaluru",44,0.15,0.0013
2026-05-06 19:29:15,72,"HSR Layout, Bengaluru",44,0.15,0.0013
2026-05-06 19:29:03,71,"HSR Layout, Bengaluru",43,0.15,0.0013
2026-05-06 19:28:51,74,"HSR Layout, Bengaluru",45,0.15,0.0013
2026-05-06 19:28:39,72,"HSR Layout, Bengaluru",44,0.15,0.0013
2026-05-06 19:28:27,72,"HSR Layout, Bengaluru",44,0.15,0.0013
2026-05-06 19:28:15,71,"HSR Layout, Bengaluru",43,0.15,0.0013
2026-05-06 19:28:03,72,"HSR Layout, Bengaluru",44,0.15,0.0013
2026-05-06 19:27:51,72,"HSR Layout, Bengaluru",44,0.15,0.0013
2026-05-06 19:27:39,71,"HSR Layout, Bengaluru",43,0.15,0.0013
2026-05-06 19:27:27,72,"HSR Layout, Bengaluru",44,0.15,0.0013
2026-05-06 19:27:15,71,"HSR Layout, Bengaluru",43,0.15,0.0013
2026-05-06 19:27:03,74,"HSR Layout, Bengaluru",45,0.15,0.0013
2026-05-06 19:26:51,72,"HSR Layout, Bengaluru",44,0.14,0.0013
2026-05-06 19:26:39,72,"HSR Layout, Bengaluru",44,0.14,0.0013
2026-05-06 19:26:27,72,"HSR Layout, Bengaluru",44,0.14,0.0013
2026-05-06 19:26:15,71,"HSR Layout, Bengaluru",43,0.14,0.0013
2026-05-06 19:26:03,72,"HSR Layout, Bengaluru",44,0.14,0.0013
2026-05-06 19:25:51,72,"HSR Layout, Bengaluru",44,0.14,0.0013
2026-05-06 19:25:39,71,"HSR Layout, Bengaluru",43,0.14,0.0013
2026-05-06 19:25:27,72,"HSR Layout, Bengaluru",44,0.14,0.0013
2026-05-06 19:25:15,71,"HSR Layout, Bengaluru",43,0.14,0.0013
2026-05-06 19:25:03,71,"HSR Layout, Bengaluru",43,0.14,0.0013
2026-05-06 19:24:51,69,"HSR Layout, Bengaluru",42,0.15,0.0012
2026-05-06 19:24:40,71,"HSR Layout, Bengaluru",43,0.15,0.0013
2026-05-06 19:24:40,71,"HSR Layout, Bengaluru",43,0.15,0.0013
2026-05-06 19:24:40,71,"HSR Layout, Bengaluru",43,0.15,0.0013
2026-05-06 19:24:39,71,"HSR Layout, Bengaluru",43,0.15,0.0013
2026-05-06 19:24:27,71,"HSR Layout, Bengaluru",43,0.15,0.0013
2026-05-06 19:24:15,69,"HSR Layout, Bengaluru",42,0.15,0.0012
2026-05-06 19:24:03,69,"HSR Layout, Bengaluru",42,0.15,0.0012
2026-05-06 19:23:51,71,"HSR Layout, Bengaluru",43,0.15,0.0013
2026-05-06 19:23:39,71,"HSR Layout, Bengaluru",43,0.15,0.0013
2026-05-06 19:23:27,69,"HSR Layout, Bengaluru",42,0.15,0.0012
2026-05-06 19:23:15,69,"HSR Layout, Bengaluru",42,0.15,0.0012
2026-05-06 19:23:03,71,"HSR Layout, Bengaluru",43,0.15,0.0013
2026-05-06 19:22:51,72,"HSR Layout, Bengaluru",44,0.15,0.0013
2026-05-06 19:22:39,69,"HSR Layout, Bengaluru",42,0.15,0.0012
2026-05-06 19:22:27,67,"HSR Layout, Bengaluru",41,0.15,0.0012
2026-05-06 19:22:15,71,"HSR Layout, Bengaluru",43,0.15,0.0013
2026-05-06 19:22:03,71,"HSR Layout, Bengaluru",43,0.15,0.0013
2026-05-06 19:21:51,69,"HSR Layout, Bengaluru",42,0.15,0.0012
2026-05-06 19:21:39,72,"HSR Layout, Bengaluru",44,0.15,0.0013
2026-05-06 19:21:27,71,"HSR Layout, Bengaluru",43,0.15,0.0013
2026-05-06 19:21:15,71,"HSR Layout, Bengaluru",43,0.15,0.0013
2026-05-06 19:21:03,71,"HSR Layout, Bengaluru",43,0.15,0.0013
2026-05-06 19:20:51,72,"HSR Layout, Bengaluru",44,0.15,0.0013
2026-05-06 19:20:39,69,"HSR Layout, Bengaluru",42,0.15,0.0012
2026-05-06 19:20:27,69,"HSR Layout, Bengaluru",42,0.15,0.0012
2026-05-06 19:20:15,67,"HSR Layout, Bengaluru",41,0.15,0.0012
2026-05-06 19:20:03,69,"HSR Layout, Bengaluru",42,0.15,0.0012
2026-05-06 19:19:51,71,"HSR Layout, Bengaluru",43,0.15,0.0013
2026-05-06 19:19:39,72,"HSR Layout, Bengaluru",44,0.15,0.0013
2026-05-06 19:19:28,71,"HSR Layout, Bengaluru",43,0.15,0.0013
2026-05-06 19:19:28,71,"HSR Layout, Bengaluru",43,0.15,0.0013
2026-05-06 19:19:28,71,"HSR Layout, Bengaluru",43,0.15,0.0013
2026-05-06 19:19:28,71,"HSR Layout, Bengaluru",43,0.15,0.0013
2026-05-06 19:19:27,71,"HSR Layout, Bengaluru",43,0.15,0.0013
2026-05-06 19:19:15,71,"HSR Layout, Bengaluru",43,0.15,0.0013
2026-05-06 19:19:03,71,"HSR Layout, Bengaluru",43,0.15,0.0013
2026-05-06 19:18:51,72,"HSR Layout, Bengaluru",44,0.14,0.0013
2026-05-06 19:18:39,71,"HSR Layout, Bengaluru",43,0.14,0.0013
2026-05-06 19:18:27,72,"HSR Layout, Bengaluru",44,0.14,0.0013
2026-05-06 19:18:15,69,"HSR Layout, Bengaluru",42,0.14,0.0012
2026-05-06 19:18:03,69,"HSR Layout, Bengaluru",42,0.14,0.0012
2026-05-06 19:17:51,69,"HSR Layout, Bengaluru",42,0.14,0.0012
2026-05-06 19:17:39,72,"HSR Layout, Bengaluru",44,0.14,0.0013
2026-05-06 19:17:27,72,"HSR Layout, Bengaluru",44,0.14,0.0013
2026-05-06 19:17:15,71,"HSR Layout, Bengaluru",43,0.14,0.0013
2026-05-06 19:17:03,71,"HSR Layout, Bengaluru",43,0.14,0.0013
2026-05-06 19:16:51,72,"HSR Layout, Bengaluru",44,0.15,0.0013
2026-05-06 19:16:39,71,"HSR Layout, Bengaluru",43,0.15,0.0013
2026-05-06 19:16:27,69,"HSR Layout, Bengaluru",42,0.15,0.0012
2026-05-06 19:16:15,69,"HSR Layout, Bengaluru",42,0.15,0.0012
2026-05-06 19:16:03,67,"HSR Layout, Bengaluru",41,0.15,0.0012
2026-05-06 19:15:51,69,"HSR Layout, Bengaluru",42,0.15,0.0012
2026-05-06 19:15:39,71,"HSR Layout, Bengaluru",43,0.15,0.0013
2026-05-06 19:15:27,71,"HSR Layout, Bengaluru",43,0.15,0.0013
2026-05-06 19:15:15,71,"HSR Layout, Bengaluru",43,0.15,0.0013
2026-05-06 19:15:03,69,"HSR Layout, Bengaluru",42,0.15,0.0012
2026-05-06 19:14:51,69,"HSR Layout, Bengaluru",42,0.15,0.0012
2026-05-06 19:14:39,69,"HSR Layout, Bengaluru",42,0.15,0.0012
2026-05-06 19:14:27,69,"HSR Layout, Bengaluru",42,0.15,0.0012
2026-05-06 19:14:16,69,"HSR Layout, Bengaluru",42,0.15,0.0012
2026-05-06 19:14:16,69,"HSR Layout, Bengaluru",42,0.15,0.0012
2026-05-06 19:14:16,69,"HSR Layout, Bengaluru",42,0.15,0.0012
2026-05-06 19:14:15,69,"HSR Layout, Bengaluru",42,0.15,0.0012
2026-05-06 19:14:03,71,"HSR Layout, Bengaluru",43,0.15,0.0013
2026-05-06 19:13:51,71,"HSR Layout, Bengaluru",43,0.14,0.0013
2026-05-06 19:13:39,71,"HSR Layout, Bengaluru",43,0.14,0.0013
2026-05-06 19:13:27,71,"HSR Layout, Bengaluru",43,0.14,0.0013
2026-05-06 19:13:15,69,"HSR Layout, Bengaluru",42,0.14,0.0012
2026-05-06 19:13:03,69,"HSR Layout, Bengaluru",42,0.14,0.0012
2026-05-06 19:12:51,69,"HSR Layout, Bengaluru",42,0.15,0.0012
2026-05-06 19:12:39,66,"HSR Layout, Bengaluru",40,0.15,0.0011
2026-05-06 19:12:27,69,"HSR Layout, Bengaluru",42,0.15,0.0012
2026-05-06 19:12:15,67,"HSR Layout, Bengaluru",41,0.15,0.0012
2026-05-06 19:12:03,66,"HSR Layout, Bengaluru",40,0.15,0.0011
2026-05-06 19:11:51,67,"HSR Layout, Bengaluru",41,0.15,0.0012
2026-05-06 19:11:39,69,"HSR Layout, Bengaluru",42,0.15,0.0012
2026-05-06 19:11:27,69,"HSR Layout, Bengaluru",42,0.15,0.0012
2026-05-06 19:11:15,69,"HSR Layout, Bengaluru",42,0.15,0.0012
2026-05-06 19:11:03,69,"HSR Layout, Bengaluru",42,0.15,0.0012
2026-05-06 19:10:51,69,"HSR Layout, Bengaluru",42,0.15,0.0012
2026-05-06 19:10:39,67,"HSR Layout, Bengaluru",41,0.15,0.0012
2026-05-06 19:10:27,67,"HSR Layout, Bengaluru",41,0.15,0.0012
2026-05-06 19:10:15,69,"HSR Layout, Bengaluru",42,0.15,0.0012
2026-05-06 19:10:03,67,"HSR Layout, Bengaluru",41,0.15,0.0012
2026-05-06 19:09:51,69,"HSR Layout, Bengaluru",42,0.14,0.0012
2026-05-06 19:09:39,69,"HSR Layout, Bengaluru",42,0.14,0.0012
2026-05-06 19:09:27,71,"HSR Layout, Bengaluru",43,0.14,0.0013
2026-05-06 19:09:15,69,"HSR Layout, Bengaluru",42,0.14,0.0012
2026-05-06 19:09:03,71,"HSR Layout, Bengaluru",43,0.14,0.0013
2026-05-06 19:08:51,67,"HSR Layout, Bengaluru",41,0.14,0.0012
2026-05-06 19:08:39,66,"HSR Layout, Bengaluru",40,0.14,0.0011
2026-05-06 19:08:27,67,"HSR Layout, Bengaluru",41,0.14,0.0012
2026-05-06 19:08:15,67,"HSR Layout, Bengaluru",41,0.14,0.0012
2026-05-06 19:08:03,67,"HSR Layout, Bengaluru",41,0.14,0.0012
2026-05-06 19:07:51,67,"HSR Layout, Bengaluru",41,0.15,0.0012
2026-05-06 19:07:39,71,"HSR Layout, Bengaluru",43,0.15,0.0013
2026-05-06 19:07:27,69,"HSR Layout, Bengaluru",42,0.15,0.0012
2026-05-06 19:07:15,69,"HSR Layout, Bengaluru",42,0.15,0.0012
2026-05-06 19:07:03,67,"HSR Layout, Bengaluru",41,0.15,0.0012
2026-05-06 19:06:51,67,"HSR Layout, Bengaluru",41,0.15,0.0012
2026-05-06 19:06:39,69,"HSR Layout, Bengaluru",42,0.15,0.0012
2026-05-06 19:06:27,69,"HSR Layout, Bengaluru",42,0.15,0.0012
2026-05-06 19:06:15,67,"HSR Layout, Bengaluru",41,0.15,0.0012
2026-05-06 19:06:03,66,"HSR Layout, Bengaluru",40,0.15,0.0011
2026-05-06 19:05:51,67,"HSR Layout, Bengaluru",41,0.14,0.0012
2026-05-06 19:05:39,66,"HSR Layout, Bengaluru",40,0.14,0.0011
2026-05-06 19:05:27,64,"HSR Layout, Bengaluru",39,0.14,0.0011
2026-05-06 19:05:15,67,"HSR Layout, Bengaluru",41,0.14,0.0012
2026-05-06 19:05:03,67,"HSR Layout, Bengaluru",41,0.14,0.0012
2026-05-06 19:04:51,67,"HSR Layout, Bengaluru",41,0.15,0.0012
2026-05-06 19:04:39,69,"HSR Layout, Bengaluru",42,0.15,0.0012
2026-05-06 19:04:27,67,"HSR Layout, Bengaluru",41,0.15,0.0012
2026-05-06 19:04:15,67,"HSR Layout, Bengaluru",41,0.15,0.0012
2026-05-06 19:04:03,69,"HSR Layout, Bengaluru",42,0.15,0.0012
2026-05-06 19:04:03,69,"HSR Layout, Bengaluru",42,0.15,0.0012
2026-05-06 19:04:03,69,"HSR Layout, Bengaluru",42,0.15,0.0012
2026-05-06 19:04:03,69,"HSR Layout, Bengaluru",42,0.15,0.0012
2026-05-06 19:03:51,67,"HSR Layout, Bengaluru",41,0.15,0.0012
2026-05-06 19:03:39,66,"HSR Layout, Bengaluru",40,0.15,0.0011
2026-05-06 19:03:27,69,"HSR Layout, Bengaluru",42,0.15,0.0012
2026-05-06 19:03:15,69,"HSR Layout, Bengaluru",42,0.15,0.0012
2026-05-06 19:03:03,67,"HSR Layout, Bengaluru",41,0.15,0.0012
2026-05-06 19:02:51,66,"HSR Layout, Bengaluru",40,0.15,0.0011
2026-05-06 19:02:39,64,"HSR Layout, Bengaluru",39,0.15,0.0011
2026-05-06 19:02:27,66,"HSR Layout, Bengaluru",40,0.15,0.0011
2026-05-06 19:02:15,66,"HSR Layout, Bengaluru",40,0.15,0.0011
2026-05-06 19:02:03,67,"HSR Layout, Bengaluru",41,0.15,0.0012
2026-05-06 19:01:51,67,"HSR Layout, Bengaluru",41,0.14,0.0012
2026-05-06 19:01:39,67,"HSR Layout, Bengaluru",41,0.14,0.0012
2026-05-06 19:01:27,67,"HSR Layout, Bengaluru",41,0.14,0.0012
2026-05-06 19:01:15,67,"HSR Layout, Bengaluru",41,0.14,0.0012
2026-05-06 19:01:03,66,"HSR Layout, Bengaluru",40,0.14,0.0011
2026-05-06 19:00:51,66,"HSR Layout, Bengaluru",40,0.14,0.0011
2026-05-06 19:00:39,67,"HSR Layout, Bengaluru",41,0.14,0.0012
2026-05-06 19:00:27,66,"HSR Layout, Bengaluru",40,0.14,0.0011
2026-05-06 19:00:15,66,"HSR Layout, Bengaluru",40,0.14,0.0011
2026-05-06 19:00:03,66,"HSR Layout, Bengaluru",40,0.14,0.0011
2026-05-06 18:59:51,66,"HSR Layout, Bengaluru",40,0.14,0.0011
2026-05-06 18:59:39,66,"HSR Layout, Bengaluru",40,0.14,0.0011
2026-05-06 18:59:27,67,"HSR Layout, Bengaluru",41,0.14,0.0012
2026-05-06 18:59:15,64,"HSR Layout, Bengaluru",39,0.14,0.0011
2026-05-06 18:59:03,66,"HSR Layout, Bengaluru",40,0.14,0.0011
2026-05-06 18:58:51,67,"HSR Layout, Bengaluru",41,0.14,0.0012
2026-05-06 18:58:39,67,"HSR Layout, Bengaluru",41,0.14,0.0012
2026-05-06 18:58:27,66,"HSR Layout, Bengaluru",40,0.14,0.0011
2026-05-06 18:58:15,64,"HSR Layout, Bengaluru",39,0.14,0.0011
2026-05-06 18:58:03,66,"HSR Layout, Bengaluru",40,0.14,0.0011
2026-05-06 18:57:51,66,"HSR Layout, Bengaluru",40,0.14,0.0011
2026-05-06 18:57:39,67,"HSR Layout, Bengaluru",41,0.14,0.0012
2026-05-06 18:57:27,67,"HSR Layout, Bengaluru",41,0.14,0.0012
2026-05-06 18:57:15,69,"HSR Layout, Bengaluru",42,0.14,0.0012
2026-05-06 18:57:03,67,"HSR Layout, Bengaluru",41,0.14,0.0012
2026-05-06 18:56:51,66,"HSR Layout, Bengaluru",40,0.14,0.0011
2026-05-06 18:56:39,66,"HSR Layout, Bengaluru",40,0.14,0.0011
2026-05-06 18:56:27,69,"HSR Layout, Bengaluru",42,0.14,0.0012
2026-05-06 18:56:15,71,"HSR Layout, Bengaluru",43,0.14,0.0013
2026-05-06 18:56:03,69,"HSR Layout, Bengaluru",42,0.14,0.0012
2026-05-06 18:55:51,69,"HSR Layout, Bengaluru",42,0.14,0.0012
2026-05-06 18:55:39,67,"HSR Layout, Bengaluru",41,0.14,0.0012
2026-05-06 18:55:27,66,"HSR Layout, Bengaluru",40,0.14,0.0011
2026-05-06 18:55:15,66,"HSR Layout, Bengaluru",40,0.14,0.0011
2026-05-06 18:55:03,67,"HSR Layout, Bengaluru",41,0.14,0.0012
2026-05-06 18:54:51,67,"HSR Layout, Bengaluru",41,0.14,0.0012
2026-05-06 18:54:39,69,"HSR Layout, Bengaluru",42,0.14,0.0012
2026-05-06 18:54:27,67,"HSR Layout, Bengaluru",41,0.14,0.0012
2026-05-06 18:54:15,69,"HSR Layout, Bengaluru",42,0.14,0.0012
2026-05-06 18:54:03,66,"HSR Layout, Bengaluru",40,0.14,0.0011
2026-05-06 18:53:51,64,"HSR Layout, Bengaluru",39,0.14,0.0011
2026-05-06 18:53:40,64,"HSR Layout, Bengaluru",39,0.14,0.0011
2026-05-06 18:53:39,64,"HSR Layout, Bengaluru",39,0.14,0.0011
2026-05-06 18:53:39,64,"HSR Layout, Bengaluru",39,0.14,0.0011
2026-05-06 18:53:39,64,"HSR Layout, Bengaluru",39,0.14,0.0011
2026-05-06 18:53:39,64,"HSR Layout, Bengaluru",39,0.14,0.0011
2026-05-06 18:53:27,62,"HSR Layout, Bengaluru",38,0.14,0.0011
2026-05-06 18:53:15,64,"HSR Layout, Bengaluru",39,0.14,0.0011
2026-05-06 18:53:03,64,"HSR Layout, Bengaluru",39,0.14,0.0011
2026-05-06 18:52:51,62,"HSR Layout, Bengaluru",38,0.14,0.0011
2026-05-06 18:52:39,64,"HSR Layout, Bengaluru",39,0.14,0.0011
2026-05-06 18:52:27,66,"HSR Layout, Bengaluru",40,0.14,0.0011
2026-05-06 18:52:15,66,"HSR Layout, Bengaluru",40,0.14,0.0011
2026-05-06 18:52:03,66,"HSR Layout, Bengaluru",40,0.14,0.0011
2026-05-06 18:51:51,64,"HSR Layout, Bengaluru",39,0.15,0.0011
2026-05-06 18:51:39,67,"HSR Layout, Bengaluru",41,0.15,0.0012
2026-05-06 18:51:27,64,"HSR Layout, Bengaluru",39,0.15,0.0011
2026-05-06 18:51:15,64,"HSR Layout, Bengaluru",39,0.15,0.0011
2026-05-06 18:51:03,64,"HSR Layout, Bengaluru",39,0.15,0.0011
2026-05-06 18:50:51,64,"HSR Layout, Bengaluru",39,0.14,0.0011
2026-05-06 18:50:39,62,"HSR Layout, Bengaluru",38,0.14,0.0011
2026-05-06 18:50:27,64,"HSR Layout, Bengaluru",39,0.14,0.0011
2026-05-06 18:50:15,67,"HSR Layout, Bengaluru",41,0.14,0.0012
2026-05-06 18:50:03,67,"HSR Layout, Bengaluru",41,0.14,0.0012
2026-05-06 18:49:51,66,"HSR Layout, Bengaluru",40,0.14,0.0011
2026-05-06 18:49:39,64,"HSR Layout, Bengaluru",39,0.14,0.0011
2026-05-06 18:49:27,64,"HSR Layout, Bengaluru",39,0.14,0.0011
2026-05-06 18:49:15,67,"HSR Layout, Bengaluru",41,0.14,0.0012
2026-05-06 18:49:03,64,"HSR Layout, Bengaluru",39,0.14,0.0011
2026-05-06 18:48:51,64,"HSR Layout, Bengaluru",39,0.14,0.0011
2026-05-06 18:48:39,66,"HSR Layout, Bengaluru",40,0.14,0.0011
2026-05-06 18:48:28,66,"HSR Layout, Bengaluru",40,0.14,0.0011
2026-05-06 18:48:28,66,"HSR Layout, Bengaluru",40,0.14,0.0011
2026-05-06 18:48:28,66,"HSR Layout, Bengaluru",40,0.14,0.0011
2026-05-06 18:48:28,66,"HSR Layout, Bengaluru",40,0.14,0.0011
2026-05-06 18:48:27,66,"HSR Layout, Bengaluru",40,0.14,0.0011
2026-05-06 18:48:15,64,"HSR Layout, Bengaluru",39,0.14,0.0011
2026-05-06 18:48:03,64,"HSR Layout, Bengaluru",39,0.14,0.0011
2026-05-06 18:47:51,64,"HSR Layout, Bengaluru",39,0.15,0.0011
2026-05-06 18:47:39,64,"HSR Layout, Bengaluru",39,0.15,0.0011
2026-05-06 18:47:27,62,"HSR Layout, Bengaluru",38,0.15,0.0011
2026-05-06 18:47:15,64,"HSR Layout, Bengaluru",39,0.15,0.0011
2026-05-06 18:47:03,64,"HSR Layout, Bengaluru",39,0.15,0.0011
2026-05-06 18:46:51,66,"HSR Layout, Bengaluru",40,0.15,0.0011
2026-05-06 18:46:39,64,"HSR Layout, Bengaluru",39,0.15,0.0011
2026-05-06 18:46:27,66,"HSR Layout, Bengaluru",40,0.15,0.0011
2026-05-06 18:46:15,64,"HSR Layout, Bengaluru",39,0.15,0.0011
2026-05-06 18:46:03,66,"HSR Layout, Bengaluru",40,0.15,0.0011
2026-05-06 18:45:51,62,"HSR Layout, Bengaluru",38,0.14,0.0011
2026-05-06 18:45:39,66,"HSR Layout, Bengaluru",40,0.14,0.0011
2026-05-06 18:45:27,66,"HSR Layout, Bengaluru",40,0.14,0.0011
2026-05-06 18:45:15,64,"HSR Layout, Bengaluru",39,0.14,0.0011
2026-05-06 18:45:03,62,"HSR Layout, Bengaluru",38,0.14,0.0011
2026-05-06 18:44:51,64,"HSR Layout, Bengaluru",39,0.14,0.0011
2026-05-06 18:44:39,66,"HSR Layout, Bengaluru",40,0.14,0.0011
2026-05-06 18:44:27,64,"HSR Layout, Bengaluru",39,0.14,0.0011
2026-05-06 18:44:15,64,"HSR Layout, Bengaluru",39,0.14,0.0011
2026-05-06 18:44:03,64,"HSR Layout, Bengaluru",39,0.14,0.0011
2026-05-06 18:43:51,62,"HSR Layout, Bengaluru",38,0.15,0.0011
2026-05-06 18:43:39,62,"HSR Layout, Bengaluru",38,0.15,0.0011
2026-05-06 18:43:27,62,"HSR Layout, Bengaluru",38,0.15,0.0011
2026-05-06 18:43:16,61,"HSR Layout, Bengaluru",37,0.15,0.0010
2026-05-06 18:43:16,61,"HSR Layout, Bengaluru",37,0.15,0.0010
2026-05-06 18:43:16,61,"HSR Layout, Bengaluru",37,0.15,0.0010
2026-05-06 18:43:16,61,"HSR Layout, Bengaluru",37,0.15,0.0010
2026-05-06 18:43:15,61,"HSR Layout, Bengaluru",37,0.15,0.0010
2026-05-06 18:43:03,64,"HSR Layout, Bengaluru",39,0.15,0.0011
2026-05-06 18:42:51,61,"HSR Layout, Bengaluru",37,0.15,0.0010
2026-05-06 18:42:39,64,"HSR Layout, Bengaluru",39,0.15,0.0011
2026-05-06 18:42:27,64,"HSR Layout, Bengaluru",39,0.15,0.0011
2026-05-06 18:42:15,61,"HSR Layout, Bengaluru",37,0.15,0.0010
2026-05-06 18:42:03,62,"HSR Layout, Bengaluru",38,0.15,0.0011
2026-05-06 18:41:51,62,"HSR Layout, Bengaluru",38,0.14,0.0011
2026-05-06 18:41:39,64,"HSR Layout, Bengaluru",39,0.14,0.0011
2026-05-06 18:41:27,62,"HSR Layout, Bengaluru",38,0.14,0.0011
2026-05-06 18:41:15,64,"HSR Layout, Bengaluru",39,0.14,0.0011
2026-05-06 18:41:03,62,"HSR Layout, Bengaluru",38,0.14,0.0011
2026-05-06 18:40:51,64,"HSR Layout, Bengaluru",39,0.14,0.0011
2026-05-06 18:40:39,64,"HSR Layout, Bengaluru",39,0.14,0.0011
2026-05-06 18:40:27,62,"HSR Layout, Bengaluru",38,0.14,0.0011
2026-05-06 18:40:15,62,"HSR Layout, Bengaluru",38,0.14,0.0011
2026-05-06 18:40:03,64,"HSR Layout, Bengaluru",39,0.14,0.0011
2026-05-06 18:39:51,64,"HSR Layout, Bengaluru",39,0.15,0.0011
2026-05-06 18:39:39,62,"HSR Layout, Bengaluru",38,0.15,0.0011
2026-05-06 18:39:27,61,"HSR Layout, Bengaluru",37,0.15,0.0010
2026-05-06 18:39:15,62,"HSR Layout, Bengaluru",38,0.15,0.0011
2026-05-06 18:39:03,61,"HSR Layout, Bengaluru",37,0.15,0.0010
2026-05-06 18:38:51,59,"HSR Layout, Bengaluru",36,0.15,0.0010
2026-05-06 18:38:39,62,"HSR Layout, Bengaluru",38,0.15,0.0011
2026-05-06 18:38:27,59,"HSR Layout, Bengaluru",36,0.15,0.0010
2026-05-06 18:38:15,59,"HSR Layout, Bengaluru",36,0.15,0.0010
2026-05-06 18:38:03,59,"HSR Layout, Bengaluru",36,0.15,0.0010
2026-05-06 18:37:51,62,"HSR Layout, Bengaluru",38,0.15,0.0011
2026-05-06 18:37:39,62,"HSR Layout, Bengaluru",38,0.15,0.0011
2026-05-06 18:37:27,62,"HSR Layout, Bengaluru",38,0.15,0.0011
2026-05-06 18:37:15,62,"HSR Layout, Bengaluru",38,0.15,0.0011
2026-05-06 18:37:03,64,"HSR Layout, Bengaluru",39,0.15,0.0011
2026-05-06 18:36:51,66,"HSR Layout, Bengaluru",40,0.14,0.0011
2026-05-06 18:36:39,62,"HSR Layout, Bengaluru",38,0.14,0.0011
2026-05-06 18:36:27,61,"HSR Layout, Bengaluru",37,0.14,0.0010
2026-05-06 18:36:15,62,"HSR Layout, Bengaluru",38,0.14,0.0011
2026-05-06 18:36:03,61,"HSR Layout, Bengaluru",37,0.14,0.0010
2026-05-06 18:35:51,62,"HSR Layout, Bengaluru",38,0.14,0.0011
2026-05-06 18:35:39,64,"HSR Layout, Bengaluru",39,0.14,0.0011
2026-05-06 18:35:27,62,"HSR Layout, Bengaluru",38,0.14,0.0011
2026-05-06 18:35:15,62,"HSR Layout, Bengaluru",38,0.14,0.0011
2026-05-06 18:35:03,62,"HSR Layout, Bengaluru",38,0.14,0.0011
2026-05-06 18:34:51,64,"HSR Layout, Bengaluru",39,0.15,0.0011
2026-05-06 18:34:39,61,"HSR Layout, Bengaluru",37,0.15,0.0010
2026-05-06 18:34:27,61,"HSR Layout, Bengaluru",37,0.15,0.0010
2026-05-06 18:34:15,59,"HSR Layout, Bengaluru",36,0.15,0.0010
2026-05-06 18:34:03,62,"HSR Layout, Bengaluru",38,0.15,0.0011
2026-05-06 18:33:51,62,"HSR Layout, Bengaluru",38,0.15,0.0011
2026-05-06 18:33:39,61,"HSR Layout, Bengaluru",37,0.15,0.0010
2026-05-06 18:33:27,62,"HSR Layout, Bengaluru",38,0.15,0.0011
2026-05-06 18:33:15,59,"HSR Layout, Bengaluru",36,0.15,0.0010
2026-05-06 18:33:03,61,"HSR Layout, Bengaluru",37,0.15,0.0010
2026-05-06 18:32:51,62,"HSR Layout, Bengaluru",38,0.14,0.0011
2026-05-06 18:32:39,64,"HSR Layout, Bengaluru",39,0.14,0.0011
2026-05-06 18:32:27,61,"HSR Layout, Bengaluru",37,0.14,0.0010
2026-05-06 18:32:15,62,"HSR Layout, Bengaluru",38,0.14,0.0011
2026-05-06 18:32:03,62,"HSR Layout, Bengaluru",38,0.14,0.0011
2026-05-06 18:31:51,61,"HSR Layout, Bengaluru",37,0.15,0.0010
2026-05-06 18:31:39,59,"HSR Layout, Bengaluru",36,0.15,0.0010
2026-05-06 18:31:27,62,"HSR Layout, Bengaluru",38,0.15,0.0011
2026-05-06 18:31:15,62,"HSR Layout, Bengaluru",38,0.15,0.0011
2026-05-06 18:31:03,59,"HSR Layout, Bengaluru",36,0.15,0.0010
2026-05-06 18:30:51,61,"HSR Layout, Bengaluru",37,0.15,0.0010
2026-05-06 18:30:39,59,"HSR Layout, Bengaluru",36,0.15,0.0010
2026-05-06 18:30:27,61,"HSR Layout, Bengaluru",37,0.15,0.0010
2026-05-06 18:30:15,59,"HSR Layout, Bengaluru",36,0.15,0.0010
2026-05-06 18:30:03,59,"HSR Layout, Bengaluru",36,0.15,0.0010
2026-05-06 18:29:51,59,"HSR Layout, Bengaluru",36,0.15,0.0010
2026-05-06 18:29:39,61,"HSR Layout, Bengaluru",37,0.15,0.0010
2026-05-06 18:29:27,61,"HSR Layout, Bengaluru",37,0.15,0.0010
2026-05-06 18:29:15,59,"HSR Layout, Bengaluru",36,0.15,0.0010
2026-05-06 18:29:03,61,"HSR Layout, Bengaluru",37,0.15,0.0010
2026-05-06 18:28:51,59,"HSR Layout, Bengaluru",36,0.14,0.0010
2026-05-06 18:28:39,57,"HSR Layout, Bengaluru",35,0.14,0.0009
2026-05-06 18:28:27,62,"HSR Layout, Bengaluru",38,0.14,0.0011
2026-05-06 18:28:15,59,"HSR Layout, Bengaluru",36,0.14,0.0010
2026-05-06 18:28:03,57,"HSR Layout, Bengaluru",35,0.14,0.0009
2026-05-06 18:27:51,59,"HSR Layout, Bengaluru",36,0.14,0.0010
2026-05-06 14:34:22,51,"HSR Layout, Bengaluru",31,0.16,0.0008
2026-05-06 14:34:10,56,"HSR Layout, Bengaluru",34,0.16,0.0009
2026-05-06 14:33:58,52,"HSR Layout, Bengaluru",32,0.16,0.0008
2026-05-06 14:33:46,54,"HSR Layout, Bengaluru",33,0.16,0.0009
2026-05-06 14:33:34,52,"HSR Layout, Bengaluru",32,0.16,0.0008
2026-05-06 14:33:22,54,"HSR Layout, Bengaluru",33,0.16,0.0009
2026-05-06 14:33:11,56,"HSR Layout, Bengaluru",34,0.16,0.0009
2026-05-06 14:33:11,56,"HSR Layout, Bengaluru",34,0.16,0.0009
2026-05-06 14:33:11,56,"HSR Layout, Bengaluru",34,0.16,0.0009
2026-05-06 14:33:11,56,"HSR Layout, Bengaluru",34,0.16,0.0009
2026-05-06 14:33:10,56,"HSR Layout, Bengaluru",34,0.16,0.0009
2026-05-06 14:32:58,56,"HSR Layout, Bengaluru",34,0.16,0.0009
2026-05-06 14:32:46,54,"HSR Layout, Bengaluru",33,0.16,0.0009
2026-05-06 14:32:34,52,"HSR Layout, Bengaluru",32,0.16,0.0008
2026-05-06 14:32:22,52,"HSR Layout, Bengaluru",32,0.16,0.0008
2026-05-06 14:32:10,56,"HSR Layout, Bengaluru",34,0.16,0.0009
2026-05-06 14:31:58,56,"HSR Layout, Bengaluru",34,0.16,0.0009
2026-05-06 14:31:46,54,"HSR Layout, Bengaluru",33,0.16,0.0009
2026-05-06 14:31:34,51,"HSR Layout, Bengaluru",31,0.16,0.0008
2026-05-06 14:31:22,54,"HSR Layout, Bengaluru",33,0.16,0.0009
2026-05-06 14:31:10,54,"HSR Layout, Bengaluru",33,0.16,0.0009
2026-05-06 14:30:58,54,"HSR Layout, Bengaluru",33,0.16,0.0009
2026-05-06 14:30:46,54,"HSR Layout, Bengaluru",33,0.16,0.0009
2026-05-06 14:30:34,52,"HSR Layout, Bengaluru",32,0.16,0.0008
2026-05-06 14:30:22,54,"HSR Layout, Bengaluru",33,0.16,0.0009
2026-05-06 14:30:10,54,"HSR Layout, Bengaluru",33,0.16,0.0009
2026-05-06 14:29:58,56,"HSR Layout, Bengaluru",34,0.16,0.0009
2026-05-06 14:29:46,56,"HSR Layout, Bengaluru",34,0.16,0.0009
2026-05-06 14:29:34,54,"HSR Layout, Bengaluru",33,0.16,0.0009
2026-05-06 14:29:22,51,"HSR Layout, Bengaluru",31,0.16,0.0008
2026-05-06 14:29:10,54,"HSR Layout, Bengaluru",33,0.16,0.0009
2026-05-06 14:28:58,56,"HSR Layout, Bengaluru",34,0.16,0.0009
2026-05-06 14:28:46,52,"HSR Layout, Bengaluru",32,0.16,0.0008
2026-05-06 14:28:34,54,"HSR Layout, Bengaluru",33,0.16,0.0009
2026-05-06 14:28:22,54,"HSR Layout, Bengaluru",33,0.16,0.0009
2026-05-06 14:28:10,57,"HSR Layout, Bengaluru",35,0.16,0.0009
2026-05-06 14:27:59,54,"HSR Layout, Bengaluru",33,0.16,0.0009
2026-05-06 14:27:59,54,"HSR Layout, Bengaluru",33,0.16,0.0009
2026-05-06 14:27:59,54,"HSR Layout, Bengaluru",33,0.16,0.0009
2026-05-06 14:27:59,54,"HSR Layout, Bengaluru",33,0.16,0.0009
2026-05-06 14:27:58,54,"HSR Layout, Bengaluru",33,0.16,0.0009
2026-05-06 14:27:46,52,"HSR Layout, Bengaluru",32,0.16,0.0008
2026-05-06 14:27:34,52,"HSR Layout, Bengaluru",32,0.16,0.0008
2026-05-06 14:27:22,52,"HSR Layout, Bengaluru",32,0.16,0.0008
2026-05-06 14:27:10,52,"HSR Layout, Bengaluru",32,0.16,0.0008
2026-05-06 14:26:58,52,"HSR Layout, Bengaluru",32,0.16,0.0008
2026-05-06 14:26:46,52,"HSR Layout, Bengaluru",32,0.16,0.0008
2026-05-06 14:26:34,56,"HSR Layout, Bengaluru",34,0.16,0.0009
2026-05-06 14:26:22,56,"HSR Layout, Bengaluru",34,0.16,0.0009
2026-05-06 14:26:10,54,"HSR Layout, Bengaluru",33,0.16,0.0009
2026-05-06 14:25:58,54,"HSR Layout, Bengaluru",33,0.16,0.0009
2026-05-06 14:25:46,52,"HSR Layout, Bengaluru",32,0.16,0.0008
2026-05-06 14:25:34,52,"HSR Layout, Bengaluru",32,0.16,0.0008
2026-05-06 14:25:22,52,"HSR Layout, Bengaluru",32,0.16,0.0008
2026-05-06 14:25:10,54,"HSR Layout, Bengaluru",33,0.16,0.0009
2026-05-06 14:24:58,54,"HSR Layout, Bengaluru",33,0.16,0.0009
2026-05-06 14:24:46,52,"HSR Layout, Bengaluru",32,0.16,0.0008
2026-05-06 14:24:34,52,"HSR Layout, Bengaluru",32,0.16,0.0008
2026-05-06 14:24:22,54,"HSR Layout, Bengaluru",33,0.16,0.0009
2026-05-06 14:24:10,52,"HSR Layout, Bengaluru",32,0.16,0.0008
2026-05-06 14:23:58,54,"HSR Layout, Bengaluru",33,0.16,0.0009
2026-05-06 14:23:46,54,"HSR Layout, Bengaluru",33,0.16,0.0009
2026-05-06 14:23:34,52,"HSR Layout, Bengaluru",32,0.16,0.0008
2026-05-06 14:23:22,52,"HSR Layout, Bengaluru",32,0.16,0.0008
2026-05-06 14:23:10,51,"HSR Layout, Bengaluru",31,0.16,0.0008
2026-05-06 14:22:58,54,"HSR Layout, Bengaluru",33,0.16,0.0009
2026-05-06 14:22:47,54,"HSR Layout, Bengaluru",33,0.16,0.0009
2026-05-06 14:22:47,54,"HSR Layout, Bengaluru",33,0.16,0.0009
2026-05-06 14:22:47,54,"HSR Layout, Bengaluru",33,0.16,0.0009
2026-05-06 14:22:47,54,"HSR Layout, Bengaluru",33,0.16,0.0009
2026-05-06 14:22:46,54,"HSR Layout, Bengaluru",33,0.16,0.0009
2026-05-06 14:22:34,51,"HSR Layout, Bengaluru",31,0.16,0.0008
2026-05-06 14:22:22,54,"HSR Layout, Bengaluru",33,0.16,0.0009
2026-05-06 14:22:10,52,"HSR Layout, Bengaluru",32,0.16,0.0008
2026-05-06 14:21:58,52,"HSR Layout, Bengaluru",32,0.16,0.0008
2026-05-06 14:21:46,52,"HSR Layout, Bengaluru",32,0.16,0.0008
2026-05-06 14:21:34,52,"HSR Layout, Bengaluru",32,0.16,0.0008
2026-05-06 14:21:22,52,"HSR Layout, Bengaluru",32,0.16,0.0008
2026-05-06 14:21:10,54,"HSR Layout, Bengaluru",33,0.16,0.0009
2026-05-06 14:20:58,54,"HSR Layout, Bengaluru",33,0.16,0.0009
2026-05-06 14:20:46,52,"HSR Layout, Bengaluru",32,0.16,0.0008
2026-05-06 14:20:34,54,"HSR Layout, Bengaluru",33,0.16,0.0009
2026-05-06 14:20:22,54,"HSR Layout, Bengaluru",33,0.16,0.0009
2026-05-06 14:20:10,54,"HSR Layout, Bengaluru",33,0.16,0.0009
2026-05-06 14:19:57,54,"HSR Layout, Bengaluru",33,0.16,0.0009
2026-05-06 14:19:45,52,"HSR Layout, Bengaluru",32,0.16,0.0008
2026-05-06 14:19:33,54,"HSR Layout, Bengaluru",33,0.16,0.0009
2026-05-06 14:19:21,51,"HSR Layout, Bengaluru",31,0.16,0.0008
2026-05-06 14:19:09,52,"HSR Layout, Bengaluru",32,0.16,0.0008
2026-05-06 14:18:57,52,"HSR Layout, Bengaluru",32,0.16,0.0008
2026-05-06 14:18:45,54,"HSR Layout, Bengaluru",33,0.16,0.0009
2026-05-06 14:18:33,54,"HSR Layout, Bengaluru",33,0.16,0.0009
2026-05-06 14:18:21,51,"HSR Layout, Bengaluru",31,0.16,0.0008
2026-05-06 14:18:09,51,"HSR Layout, Bengaluru",31,0.16,0.0008
2026-05-06 14:17:57,52,"HSR Layout, Bengaluru",32,0.16,0.0008
2026-05-06 14:17:46,52,"HSR Layout, Bengaluru",32,0.16,0.0008
2026-05-06 14:17:33,51,"HSR Layout, Bengaluru",31,0.16,0.0008
2026-05-06 14:17:21,52,"HSR Layout, Bengaluru",32,0.16,0.0008
2026-05-06 14:17:09,54,"HSR Layout, Bengaluru",33,0.16,0.0009
2026-05-06 14:16:57,52,"HSR Layout, Bengaluru",32,0.16,0.0008
2026-05-06 14:16:45,52,"HSR Layout, Bengaluru",32,0.16,0.0008
2026-05-06 14:16:33,51,"HSR Layout, Bengaluru",31,0.16,0.0008
2026-05-06 14:16:21,50,"HSR Layout, Bengaluru",30,0.16,0.0008
2026-05-06 14:16:09,51,"HSR Layout, Bengaluru",31,0.16,0.0008
2026-05-06 14:15:57,51,"HSR Layout, Bengaluru",31,0.16,0.0008
2026-05-06 14:15:45,51,"HSR Layout, Bengaluru",31,0.16,0.0008
2026-05-06 14:15:33,52,"HSR Layout, Bengaluru",32,0.16,0.0008
2026-05-06 14:15:21,51,"HSR Layout, Bengaluru",31,0.16,0.0008
2026-05-06 14:15:09,52,"HSR Layout, Bengaluru",32,0.16,0.0008
2026-05-06 14:14:57,52,"HSR Layout, Bengaluru",32,0.16,0.0008
2026-05-06 14:14:45,54,"HSR Layout, Bengaluru",33,0.16,0.0009
2026-05-06 14:14:33,52,"HSR Layout, Bengaluru",32,0.16,0.0008
2026-05-06 14:14:21,52,"HSR Layout, Bengaluru",32,0.16,0.0008
2026-05-06 14:14:09,51,"HSR Layout, Bengaluru",31,0.16,0.0008
2026-05-06 14:13:57,52,"HSR Layout, Bengaluru",32,0.16,0.0008
2026-05-06 14:13:45,54,"HSR Layout, Bengaluru",33,0.16,0.0009
2026-05-06 14:13:33,52,"HSR Layout, Bengaluru",32,0.16,0.0008
2026-05-06 14:13:21,52,"HSR Layout, Bengaluru",32,0.16,0.0008
2026-05-06 14:13:09,52,"HSR Layout, Bengaluru",32,0.16,0.0008
2026-05-06 14:12:57,52,"HSR Layout, Bengaluru",32,0.16,0.0008
2026-05-06 14:12:45,52,"HSR Layout, Bengaluru",32,0.16,0.0008
2026-05-06 14:12:34,50,"HSR Layout, Bengaluru",30,0.16,0.0008
2026-05-06 14:12:21,51,"HSR Layout, Bengaluru",31,0.16,0.0008
2026-05-06 14:12:09,54,"HSR Layout, Bengaluru",33,0.16,0.0009
2026-05-06 14:11:57,52,"HSR Layout, Bengaluru",32,0.16,0.0008
2026-05-06 14:11:45,52,"HSR Layout, Bengaluru",32,0.16,0.0008
2026-05-06 14:11:33,52,"HSR Layout, Bengaluru",32,0.16,0.0008
2026-05-06 14:11:21,51,"HSR Layout, Bengaluru",31,0.16,0.0008
2026-05-06 14:11:09,50,"HSR Layout, Bengaluru",30,0.16,0.0008
2026-05-06 14:10:57,52,"HSR Layout, Bengaluru",32,0.16,0.0008
2026-05-06 14:10:45,50,"HSR Layout, Bengaluru",30,0.16,0.0008
2026-05-06 14:10:33,50,"HSR Layout, Bengaluru",30,0.16,0.0008
2026-05-06 14:10:21,52,"HSR Layout, Bengaluru",32,0.16,0.0008
2026-05-06 14:10:09,48,"HSR Layout, Bengaluru",29,0.16,0.0007
2026-05-06 14:09:57,51,"HSR Layout, Bengaluru",31,0.16,0.0008
2026-05-06 14:09:45,52,"HSR Layout, Bengaluru",32,0.16,0.0008
2026-05-06 14:09:33,54,"HSR Layout, Bengaluru",33,0.16,0.0009
2026-05-06 14:09:21,54,"HSR Layout, Bengaluru",33,0.16,0.0009
2026-05-06 14:09:09,52,"HSR Layout, Bengaluru",32,0.16,0.0008
2026-05-06 14:08:57,54,"HSR Layout, Bengaluru",33,0.16,0.0009
2026-05-06 14:08:45,52,"HSR Layout, Bengaluru",32,0.16,0.0008
2026-05-06 14:08:33,52,"HSR Layout, Bengaluru",32,0.16,0.0008
2026-05-06 14:08:21,52,"HSR Layout, Bengaluru",32,0.16,0.0008
2026-05-06 14:08:09,54,"HSR Layout, Bengaluru",33,0.16,0.0009
2026-05-06 14:07:57,52,"HSR Layout, Bengaluru",32,0.16,0.0008
2026-05-06 14:07:45,52,"HSR Layout, Bengaluru",32,0.16,0.0008
2026-05-06 14:07:33,51,"HSR Layout, Bengaluru",31,0.16,0.0008
2026-05-06 14:07:21,51,"HSR Layout, Bengaluru",31,0.16,0.0008
2026-05-06 14:06:45,52,"HSR Layout, Bengaluru",32,0.16,0.0008
2026-05-06 14:06:33,51,"HSR Layout, Bengaluru",31,0.16,0.0008
2026-05-06 14:06:22,54,"HSR Layout, Bengaluru",33,0.16,0.0009
2026-05-06 14:06:09,52,"HSR Layout, Bengaluru",32,0.16,0.0008
2026-05-06 14:06:00,54,"HSR Layout, Bengaluru",33,0.16,0.0009
2026-05-06 14:05:45,56,"HSR Layout, Bengaluru",34,0.16,0.0009
2026-05-06 14:05:33,56,"HSR Layout, Bengaluru",34,0.16,0.0009
2026-05-06 14:05:21,54,"HSR Layout, Bengaluru",33,0.16,0.0009
2026-05-06 14:05:09,51,"HSR Layout, Bengaluru",31,0.16,0.0008
2026-05-06 14:04:57,52,"HSR Layout, Bengaluru",32,0.16,0.0008
2026-05-06 14:04:45,51,"HSR Layout, Bengaluru",31,0.16,0.0008
2026-05-06 14:04:33,50,"HSR Layout, Bengaluru",30,0.16,0.0008
2026-05-06 14:04:26,51,"HSR Layout, Bengaluru",31,0.16,0.0008
2026-05-06 14:04:09,48,"HSR Layout, Bengaluru",29,0.16,0.0007
2026-05-06 14:03:57,51,"HSR Layout, Bengaluru",31,0.16,0.0008
2026-05-06 14:03:45,52,"HSR Layout, Bengaluru",32,0.16,0.0008
2026-05-06 14:03:33,52,"HSR Layout, Bengaluru",32,0.16,0.0008
2026-05-06 14:03:21,52,"HSR Layout, Bengaluru",32,0.16,0.0008
2026-05-06 14:03:09,51,"HSR Layout, Bengaluru",31,0.16,0.0008
2026-05-06 14:02:57,54,"HSR Layout, Bengaluru",33,0.16,0.0009
2026-05-06 14:02:45,51,"HSR Layout, Bengaluru",31,0.16,0.0008
2026-05-06 14:02:33,51,"HSR Layout, Bengaluru",31,0.16,0.0008
2026-05-06 14:02:21,52,"HSR Layout, Bengaluru",32,0.16,0.0008
2026-05-06 14:02:09,52,"HSR Layout, Bengaluru",32,0.16,0.0008
2026-05-06 14:01:57,52,"HSR Layout, Bengaluru",32,0.16,0.0008
2026-05-06 14:01:45,52,"HSR Layout, Bengaluru",32,0.16,0.0008
2026-05-06 14:01:33,52,"HSR Layout, Bengaluru",32,0.16,0.0008
2026-05-06 14:01:21,51,"HSR Layout, Bengaluru",31,0.16,0.0008
2026-05-06 14:01:09,52,"HSR Layout, Bengaluru",32,0.16,0.0008
2026-05-06 14:00:57,54,"HSR Layout, Bengaluru",33,0.16,0.0009
2026-05-06 14:00:45,52,"HSR Layout, Bengaluru",32,0.16,0.0008
2026-05-06 14:00:33,54,"HSR Layout, Bengaluru",33,0.16,0.0009
2026-05-06 14:00:21,52,"HSR Layout, Bengaluru",32,0.16,0.0008
2026-05-06 14:00:09,52,"HSR Layout, Bengaluru",32,0.16,0.0008
2026-05-06 13:59:57,51,"HSR Layout, Bengaluru",31,0.16,0.0008
2026-05-06 13:59:45,52,"HSR Layout, Bengaluru",32,0.16,0.0008
2026-05-06 13:59:33,52,"HSR Layout, Bengaluru",32,0.16,0.0008
2026-05-06 13:59:21,50,"HSR Layout, Bengaluru",30,0.16,0.0008
2026-05-06 13:59:09,50,"HSR Layout, Bengaluru",30,0.16,0.0008
2026-05-06 13:58:57,50,"HSR Layout, Bengaluru",30,0.16,0.0008
2026-05-06 13:58:45,52,"HSR Layout, Bengaluru",32,0.16,0.0008
2026-05-06 13:58:34,52,"HSR Layout, Bengaluru",32,0.16,0.0008
2026-05-06 13:58:34,52,"HSR Layout, Bengaluru",32,0.16,0.0008
2026-05-06 13:56:46,51,"HSR Layout, Bengaluru",31,0.16,0.0008
2026-05-06 13:56:34,52,"HSR Layout, Bengaluru",32,0.16,0.0008
2026-05-06 13:56:22,52,"HSR Layout, Bengaluru",32,0.16,0.0008
2026-05-06 13:56:10,52,"HSR Layout, Bengaluru",32,0.16,0.0008
2026-05-06 13:55:58,52,"HSR Layout, Bengaluru",32,0.16,0.0008
2026-05-06 13:55:46,51,"HSR Layout, Bengaluru",31,0.16,0.0008
2026-05-06 13:55:34,52,"HSR Layout, Bengaluru",32,0.16,0.0008
2026-05-06 13:55:22,52,"HSR Layout, Bengaluru",32,0.16,0.0008
2026-05-06 13:55:10,54,"HSR Layout, Bengaluru",33,0.16,0.0009
2026-05-06 13:54:58,52,"HSR Layout, Bengaluru",32,0.16,0.0008
2026-05-06 13:54:45,51,"HSR Layout, Bengaluru",31,0.16,0.0008
2026-05-06 13:54:33,51,"HSR Layout, Bengaluru",31,0.16,0.0008
2026-05-06 13:54:21,52,"HSR Layout, Bengaluru",32,0.16,0.0008
2026-05-06 13:54:09,51,"HSR Layout, Bengaluru",31,0.16,0.0008
2026-05-06 13:53:57,52,"HSR Layout, Bengaluru",32,0.16,0.0008
2026-05-06 13:53:45,54,"HSR Layout, Bengaluru",33,0.16,0.0009
2026-05-06 13:53:33,51,"HSR Layout, Bengaluru",31,0.16,0.0008
2026-05-06 13:53:21,52,"HSR Layout, Bengaluru",32,0.16,0.0008
2026-05-06 13:53:09,52,"HSR Layout, Bengaluru",32,0.16,0.0008
2026-05-06 13:52:57,51,"HSR Layout, Bengaluru",31,0.16,0.0008
2026-05-06 13:52:45,52,"HSR Layout, Bengaluru",32,0.16,0.0008
2026-05-06 13:52:33,52,"HSR Layout, Bengaluru",32,0.16,0.0008
2026-05-06 13:52:21,52,"HSR Layout, Bengaluru",32,0.16,0.0008
2026-05-06 13:52:09,51,"HSR Layout, Bengaluru",31,0.16,0.0008
2026-05-06 13:51:57,51,"HSR Layout, Bengaluru",31,0.16,0.0008
2026-05-06 13:51:45,52,"HSR Layout, Bengaluru",32,0.17,0.0008
2026-05-06 13:51:33,54,"HSR Layout, Bengaluru",33,0.17,0.0009
2026-05-06 13:51:21,52,"HSR Layout, Bengaluru",32,0.17,0.0008
2026-05-06 13:51:09,52,"HSR Layout, Bengaluru",32,0.17,0.0008
2026-05-06 13:50:57,54,"HSR Layout, Bengaluru",33,0.17,0.0009
2026-05-06 13:50:45,52,"HSR Layout, Bengaluru",32,0.17,0.0008
2026-05-06 13:50:33,52,"HSR Layout, Bengaluru",32,0.17,0.0008
2026-05-06 13:50:21,51,"HSR Layout, Bengaluru",31,0.17,0.0008
2026-05-06 13:50:09,52,"HSR Layout, Bengaluru",32,0.17,0.0008
2026-05-06 13:49:57,54,"HSR Layout, Bengaluru",33,0.17,0.0009
2026-05-06 13:49:45,52,"HSR Layout, Bengaluru",32,0.17,0.0008
2026-05-06 13:49:33,52,"HSR Layout, Bengaluru",32,0.17,0.0008
2026-05-06 13:49:21,51,"HSR Layout, Bengaluru",31,0.17,0.0008
2026-05-06 13:49:09,51,"HSR Layout, Bengaluru",31,0.17,0.0008
2026-05-06 13:48:57,51,"HSR Layout, Bengaluru",31,0.17,0.0008
2026-05-06 13:48:45,52,"HSR Layout, Bengaluru",32,0.17,0.0008
2026-05-06 13:48:33,50,"HSR Layout, Bengaluru",30,0.17,0.0008
2026-05-06 13:48:21,51,"HSR Layout, Bengaluru",31,0.17,0.0008
2026-05-06 13:48:09,51,"HSR Layout, Bengaluru",31,0.17,0.0008
2026-05-06 13:47:57,51,"HSR Layout, Bengaluru",31,0.17,0.0008
2026-05-06 13:47:45,54,"HSR Layout, Bengaluru",33,0.17,0.0009
2026-05-06 13:47:33,52,"HSR Layout, Bengaluru",32,0.17,0.0008
2026-05-06 13:47:21,51,"HSR Layout, Bengaluru",31,0.17,0.0008
2026-05-06 13:47:09,51,"HSR Layout, Bengaluru",31,0.17,0.0008
2026-05-06 13:46:57,52,"HSR Layout, Bengaluru",32,0.17,0.0008
2026-05-06 13:46:45,51,"HSR Layout, Bengaluru",31,0.17,0.0008
2026-05-06 13:46:33,52,"HSR Layout, Bengaluru",32,0.17,0.0008
2026-05-06 13:46:21,51,"HSR Layout, Bengaluru",31,0.17,0.0008
2026-05-06 13:46:09,48,"HSR Layout, Bengaluru",29,0.17,0.0007
2026-05-06 13:45:57,51,"HSR Layout, Bengaluru",31,0.17,0.0008
2026-05-06 13:45:45,51,"HSR Layout, Bengaluru",31,0.18,0.0008
2026-05-06 13:45:33,51,"HSR Layout, Bengaluru",31,0.18,0.0008
2026-05-06 13:45:21,51,"HSR Layout, Bengaluru",31,0.18,0.0008
2026-05-06 13:45:09,52,"HSR Layout, Bengaluru",32,0.18,0.0008
2026-05-06 13:44:57,51,"HSR Layout, Bengaluru",31,0.18,0.0008
2026-05-06 13:44:45,50,"HSR Layout, Bengaluru",30,0.18,0.0008
2026-05-06 13:44:33,51,"HSR Layout, Bengaluru",31,0.18,0.0008
2026-05-06 13:44:21,51,"HSR Layout, Bengaluru",31,0.18,0.0008
2026-05-06 13:44:09,50,"HSR Layout, Bengaluru",30,0.18,0.0008
2026-05-06 13:43:57,50,"HSR Layout, Bengaluru",30,0.18,0.0008
2026-05-06 13:43:45,50,"HSR Layout, Bengaluru",30,0.18,0.0008
2026-05-06 13:43:33,48,"HSR Layout, Bengaluru",29,0.18,0.0007
2026-05-06 13:43:21,48,"HSR Layout, Bengaluru",29,0.18,0.0007
2026-05-06 13:43:10,48,"HSR Layout, Bengaluru",29,0.18,0.0007
2026-05-06 13:42:57,51,"HSR Layout, Bengaluru",31,0.18,0.0008
2026-05-06 13:42:45,51,"HSR Layout, Bengaluru",31,0.18,0.0008
2026-05-06 13:42:33,52,"HSR Layout, Bengaluru",32,0.18,0.0008
2026-05-06 13:42:21,51,"HSR Layout, Bengaluru",31,0.18,0.0008
2026-05-06 13:42:09,50,"HSR Layout, Bengaluru",30,0.18,0.0008
2026-05-06 13:41:57,50,"HSR Layout, Bengaluru",30,0.18,0.0008
2026-05-06 13:41:45,51,"HSR Layout, Bengaluru",31,0.18,0.0008
2026-05-06 13:41:33,50,"HSR Layout, Bengaluru",30,0.18,0.0008
2026-05-06 13:41:21,51,"HSR Layout, Bengaluru",31,0.18,0.0008
2026-05-06 13:41:09,52,"HSR Layout, Bengaluru",32,0.18,0.0008
2026-05-06 13:40:57,51,"HSR Layout, Bengaluru",31,0.18,0.0008
2026-05-06 13:40:45,51,"HSR Layout, Bengaluru",31,0.19,0.0008
2026-05-06 13:40:33,51,"HSR Layout, Bengaluru",31,0.19,0.0008
2026-05-06 13:40:21,48,"HSR Layout, Bengaluru",29,0.19,0.0007
2026-05-06 13:40:09,50,"HSR Layout, Bengaluru",30,0.19,0.0008
2026-05-06 13:39:57,48,"HSR Layout, Bengaluru",29,0.19,0.0007
2026-05-06 13:39:45,48,"HSR Layout, Bengaluru",29,0.19,0.0007
2026-05-06 13:39:33,48,"HSR Layout, Bengaluru",29,0.19,0.0007
2026-05-06 13:39:21,48,"HSR Layout, Bengaluru",29,0.19,0.0007
2026-05-06 13:39:09,48,"HSR Layout, Bengaluru",29,0.19,0.0007
2026-05-06 13:38:57,50,"HSR Layout, Bengaluru",30,0.19,0.0008
2026-05-06 13:38:46,50,"HSR Layout, Bengaluru",30,0.19,0.0008
2026-05-06 13:38:46,50,"HSR Layout, Bengaluru",30,0.19,0.0008
2026-05-06 13:38:45,50,"HSR Layout, Bengaluru",30,0.19,0.0008
2026-05-06 13:38:21,52,"HSR Layout, Bengaluru",32,0.19,0.0008
2026-05-06 13:37:58,48,"HSR Layout, Bengaluru",29,0.19,0.0007
2026-05-06 13:37:46,48,"HSR Layout, Bengaluru",29,0.19,0.0007
2026-05-06 13:37:34,48,"HSR Layout, Bengaluru",29,0.19,0.0007
2026-05-06 13:37:22,50,"HSR Layout, Bengaluru",30,0.19,0.0008
2026-05-06 13:37:10,48,"HSR Layout, Bengaluru",29,0.19,0.0007
2026-05-06 13:36:57,50,"HSR Layout, Bengaluru",30,0.19,0.0008
2026-05-06 13:36:46,48,"HSR Layout, Bengaluru",29,0.19,0.0007
2026-05-06 13:36:34,50,"HSR Layout, Bengaluru",30,0.19,0.0008
2026-05-06 13:36:21,52,"HSR Layout, Bengaluru",32,0.19,0.0008
2026-05-06 13:36:09,50,"HSR Layout, Bengaluru",30,0.19,0.0008
2026-05-06 13:35:57,48,"HSR Layout, Bengaluru",29,0.19,0.0007
2026-05-06 13:35:45,50,"HSR Layout, Bengaluru",30,0.19,0.0008
2026-05-06 13:35:33,50,"HSR Layout, Bengaluru",30,0.19,0.0008
2026-05-06 13:35:22,51,"HSR Layout, Bengaluru",31,0.19,0.0008
2026-05-06 13:35:10,51,"HSR Layout, Bengaluru",31,0.19,0.0008
2026-05-06 13:34:57,52,"HSR Layout, Bengaluru",32,0.19,0.0008
2026-05-06 13:34:45,52,"HSR Layout, Bengaluru",32,0.19,0.0008
2026-05-06 13:34:33,57,"HSR Layout, Bengaluru",35,0.19,0.0009
2026-05-06 13:34:21,57,"HSR Layout, Bengaluru",35,0.19,0.0009
2026-05-06 13:34:10,57,"HSR Layout, Bengaluru",35,0.19,0.0009
2026-05-06 13:33:58,57,"HSR Layout, Bengaluru",35,0.19,0.0009
2026-05-06 13:33:45,57,"HSR Layout, Bengaluru",35,0.19,0.0009
2026-05-06 13:33:34,57,"HSR Layout, Bengaluru",35,0.19,0.0009
2026-05-06 13:33:22,62,"HSR Layout, Bengaluru",38,0.19,0.0011
2026-05-06 13:33:09,59,"HSR Layout, Bengaluru",36,0.19,0.0010
2026-05-06 13:32:58,61,"HSR Layout, Bengaluru",37,0.19,0.0010
2026-05-06 13:32:58,61,"HSR Layout, Bengaluru",37,0.19,0.0010
2026-05-06 13:32:58,61,"HSR Layout, Bengaluru",37,0.19,0.0010
2026-05-06 13:32:45,66,"HSR Layout, Bengaluru",40,0.19,0.0011
2026-05-06 13:32:33,67,"HSR Layout, Bengaluru",41,0.19,0.0012
2026-05-06 13:32:21,72,"HSR Layout, Bengaluru",44,0.19,0.0013
2026-05-06 13:32:09,81,"HSR Layout, Bengaluru",49,0.19,0.0015
2026-05-06 13:31:58,78,"HSR Layout, Bengaluru",47,0.19,0.0014
2026-05-06 13:31:45,72,"HSR Layout, Bengaluru",44,0.2,0.0013
2026-05-06 13:31:33,69,"HSR Layout, Bengaluru",42,0.2,0.0012
2026-05-06 13:31:21,71,"HSR Layout, Bengaluru",43,0.2,0.0013
2026-05-06 13:31:09,74,"HSR Layout, Bengaluru",45,0.2,0.0013
2026-05-06 13:30:57,71,"HSR Layout, Bengaluru",43,0.2,0.0013
2026-05-06 13:30:45,76,"HSR Layout, Bengaluru",46,0.2,0.0014
2026-05-06 13:30:33,76,"HSR Layout, Bengaluru",46,0.2,0.0014
2026-05-06 13:30:24,66,"HSR Layout, Bengaluru",40,0.2,0.0011
2026-05-06 13:30:13,67,"HSR Layout, Bengaluru",41,0.2,0.0012
2026-05-06 13:30:00,74,"HSR Layout, Bengaluru",45,0.2,0.0013
2026-05-06 13:29:49,71,"HSR Layout, Bengaluru",43,0.2,0.0013
2026-05-06 13:29:37,67,"HSR Layout, Bengaluru",41,0.2,0.0012
2026-05-06 13:29:25,66,"HSR Layout, Bengaluru",40,0.2,0.0011
2026-05-06 13:29:13,69,"HSR Layout, Bengaluru",42,0.2,0.0012
2026-05-06 13:29:00,74,"HSR Layout, Bengaluru",45,0.2,0.0013
2026-05-06 13:28:49,79,"HSR Layout, Bengaluru",48,0.2,0.0014
2026-05-06 13:28:36,84,"HSR Layout, Bengaluru",51,0.2,0.0016
2026-05-06 13:28:25,91,"HSR Layout, Bengaluru",55,0.2,0.0017
2026-05-06 13:28:20,101,"HSR Layout, Bengaluru",61,0.2,0.0019
2026-05-06 13:28:17,111,"HSR Layout, Bengaluru",64,0.2,0.0020
2026-05-06 13:28:10,121,"HSR Layout, Bengaluru",67,0.2,0.0022
2026-05-06 13:28:06,100,"HSR Layout, Bengaluru",60,0.2,0.0019
2026-05-06 13:27:56,93,"HSR Layout, Bengaluru",56,0.19,0.0017
2026-05-06 13:27:55,93,"HSR Layout, Bengaluru",56,0.19,0.0017
2026-05-06 13:27:55,93,"HSR Layout, Bengaluru",56,0.19,0.0017
2026-05-06 13:27:55,93,"HSR Layout, Bengaluru",56,0.19,0.0017
2026-05-06 13:27:43,100,"Bommanahalli, Bengaluru",60,0.19,0.0019
2026-05-06 13:27:33,89,"Bommanahalli, Bengaluru",54,0.19,0.0017
2026-05-06 13:27:23,79,"Bommanahalli, Bengaluru",48,0.19,0.0014
2026-05-06 13:27:13,69,"Bommanahalli, Bengaluru",42,0.19,0.0012
2026-05-06 13:27:01,67,"Bommanahalli, Bengaluru",41,0.19,0.0012
2026-05-06 13:26:49,71,"Bommanahalli, Bengaluru",43,0.2,0.0013
2026-05-06 13:26:37,71,"Bommanahalli, Bengaluru",43,0.2,0.0013
2026-05-06 13:26:25,74,"Bommanahalli, Bengaluru",45,0.2,0.0013
2026-05-06 13:26:14,76,"Bommanahalli, Bengaluru",46,0.2,0.0014
2026-05-06 13:26:01,83,"Bommanahalli, Bengaluru",50,0.2,0.0015
2026-05-06 13:25:50,91,"Bommanahalli, Bengaluru",55,0.21,0.0017
2026-05-06 13:25:42,101,"Bommanahalli, Bengaluru",61,0.21,0.0019
2026-05-06 13:25:39,111,"Bommanahalli, Bengaluru",64,0.21,0.0020
2026-05-06 13:25:33,121,"Bommanahalli, Bengaluru",67,0.21,0.0022
2026-05-06 13:25:30,107,"Bommanahalli, Bengaluru",63,0.21,0.0020
2026-05-06 13:25:26,93,"Bommanahalli, Bengaluru",56,0.21,0.0017
2026-05-06 13:25:21,79,"Bommanahalli, Bengaluru",48,0.21,0.0014
2026-05-06 13:25:09,72,"Bommanahalli, Bengaluru",44,0.21,0.0013
2026-05-06 13:24:57,74,"Bommanahalli, Bengaluru",45,0.21,0.0013
2026-05-06 13:24:45,79,"Bommanahalli, Bengaluru",48,0.2,0.0014
2026-05-06 13:24:33,79,"Bommanahalli, Bengaluru",48,0.2,0.0014
2026-05-06 13:24:21,74,"Bommanahalli, Bengaluru",45,0.2,0.0013
2026-05-06 13:24:09,69,"Bommanahalli, Bengaluru",42,0.2,0.0012
2026-05-06 13:23:57,62,"Bommanahalli, Bengaluru",38,0.2,0.0011
2026-05-06 13:23:45,64,"Bommanahalli, Bengaluru",39,0.19,0.0011
2026-05-06 13:23:33,66,"Bommanahalli, Bengaluru",40,0.19,0.0011
2026-05-06 13:23:21,64,"Bommanahalli, Bengaluru",39,0.19,0.0011
2026-05-06 13:23:09,59,"Bommanahalli, Bengaluru",36,0.19,0.0010
2026-05-06 13:22:57,56,"Bommanahalli, Bengaluru",34,0.19,0.0009
2026-05-06 13:22:47,59,"Bommanahalli, Bengaluru",36,0.19,0.0010
2026-05-06 13:22:47,59,"Bommanahalli, Bengaluru",36,0.19,0.0010
2026-05-06 13:22:47,59,"Bommanahalli, Bengaluru",36,0.19,0.0010
2026-05-06 13:22:47,59,"Bommanahalli, Bengaluru",36,0.19,0.0010
2026-05-06 13:22:46,59,"Bommanahalli, Bengaluru",36,0.19,0.0010
2026-05-06 13:22:33,59,"Bommanahalli, Bengaluru",36,0.19,0.0010
2026-05-06 13:22:21,59,"Bommanahalli, Bengaluru",36,0.19,0.0010
2026-05-06 13:22:09,59,"Bommanahalli, Bengaluru",36,0.19,0.0010
2026-05-06 13:21:57,64,"Bommanahalli, Bengaluru",39,0.19,0.0011
2026-05-06 13:21:45,62,"Bommanahalli, Bengaluru",38,0.19,0.0011
2026-05-06 13:21:33,59,"Bommanahalli, Bengaluru",36,0.19,0.0010
2026-05-06 13:21:21,61,"Bommanahalli, Bengaluru",37,0.19,0.0010
2026-05-06 13:21:09,69,"Bommanahalli, Bengaluru",42,0.19,0.0012
2026-05-06 13:20:57,72,"Bommanahalli, Bengaluru",44,0.19,0.0013
2026-05-06 13:20:45,72,"Bommanahalli, Bengaluru",44,0.19,0.0013
2026-05-06 13:20:33,74,"Bommanahalli, Bengaluru",45,0.19,0.0013
2026-05-06 13:20:21,67,"Bommanahalli, Bengaluru",41,0.19,0.0012
2026-05-06 13:20:09,66,"Bommanahalli, Bengaluru",40,0.19,0.0011
2026-05-06 13:19:57,69,"Bommanahalli, Bengaluru",42,0.19,0.0012
2026-05-06 13:19:46,78,"Bommanahalli, Bengaluru",47,0.18,0.0014
2026-05-06 13:19:37,88,"Bommanahalli, Bengaluru",53,0.18,0.0016
2026-05-06 13:19:34,100,"Bommanahalli, Bengaluru",60,0.18,0.0019
2026-05-06 13:19:31,121,"Bommanahalli, Bengaluru",67,0.18,0.0022
2026-05-06 13:19:28,152,"Bommanahalli, Bengaluru",76,0.18,0.0025
2026-05-06 13:19:25,186,"Bommanahalli, Bengaluru",86,0.18,0.0029
2026-05-06 13:19:22,211,"Bommanahalli, Bengaluru",94,0.18,0.0032
2026-05-06 13:19:19,262,"Bommanahalli, Bengaluru",109,0.18,0.0038
2026-05-06 13:19:16,282,"Bommanahalli, Bengaluru",115,0.18,0.0040
2026-05-06 13:19:10,302,"Bommanahalli, Bengaluru",123,0.18,0.0043
2026-05-06 13:19:07,255,"Bommanahalli, Bengaluru",107,0.18,0.0037
2026-05-06 13:19:04,152,"Bommanahalli, Bengaluru",76,0.18,0.0025
2026-05-06 13:19:01,89,"Bommanahalli, Bengaluru",54,0.18,0.0017
2026-05-06 13:18:58,78,"Bommanahalli, Bengaluru",47,0.18,0.0014
2026-05-06 13:18:49,66,"Bommanahalli, Bengaluru",40,0.18,0.0011
2026-05-06 13:18:37,61,"Bommanahalli, Bengaluru",37,0.18,0.0010
2026-05-06 13:18:25,62,"Bommanahalli, Bengaluru",38,0.18,0.0011
2026-05-06 13:18:13,67,"Bommanahalli, Bengaluru",41,0.18,0.0012
2026-05-06 13:18:01,67,"Bommanahalli, Bengaluru",41,0.18,0.0012
2026-05-06 13:17:49,76,"Bommanahalli, Bengaluru",46,0.17,0.0014
2026-05-06 13:17:38,86,"Bommanahalli, Bengaluru",52,0.17,0.0016
2026-05-06 13:17:38,86,"Bommanahalli, Bengaluru",52,0.17,0.0016
2026-05-06 13:17:38,86,"Bommanahalli, Bengaluru",52,0.17,0.0016
2026-05-06 13:17:26,89,"Bilekahalli, Bengaluru",54,0.17,0.0017
2026-05-06 13:17:19,79,"Bilekahalli, Bengaluru",48,0.17,0.0014
2026-05-06 13:17:06,76,"Bilekahalli, Bengaluru",46,0.17,0.0014
2026-05-06 13:16:55,84,"Bilekahalli, Bengaluru",51,0.17,0.0016
2026-05-06 13:16:52,94,"Bilekahalli, Bengaluru",57,0.17,0.0018
2026-05-06 13:16:48,104,"Bilekahalli, Bengaluru",62,0.17,0.0020
2026-05-06 13:16:45,118,"Bilekahalli, Bengaluru",66,0.17,0.0021
2026-05-06 13:16:42,107,"Bilekahalli, Bengaluru",63,0.17,0.0020
2026-05-06 13:16:39,94,"Bilekahalli, Bengaluru",57,0.17,0.0018
2026-05-06 13:16:35,79,"Bilekahalli, Bengaluru",48,0.17,0.0014
2026-05-06 13:16:31,67,"Bilekahalli, Bengaluru",41,0.17,0.0012
2026-05-06 13:16:19,66,"Bilekahalli, Bengaluru",40,0.17,0.0011
2026-05-06 13:16:07,67,"Bilekahalli, Bengaluru",41,0.17,0.0012
2026-05-06 13:15:55,66,"Bilekahalli, Bengaluru",40,0.17,0.0011
2026-05-06 13:15:43,62,"Bilekahalli, Bengaluru",38,0.18,0.0011
2026-05-06 13:15:31,59,"Bilekahalli, Bengaluru",36,0.18,0.0010
2026-05-06 13:15:19,61,"Bilekahalli, Bengaluru",37,0.18,0.0010
2026-05-06 13:15:07,61,"Bilekahalli, Bengaluru",37,0.18,0.0010
2026-05-06 13:14:55,62,"Bilekahalli, Bengaluru",38,0.18,0.0011
2026-05-06 13:14:43,62,"Bilekahalli, Bengaluru",38,0.18,0.0011
2026-05-06 13:14:31,67,"Bilekahalli, Bengaluru",41,0.18,0.0012
2026-05-06 13:14:19,67,"Bilekahalli, Bengaluru",41,0.18,0.0012
2026-05-06 13:14:08,78,"Bilekahalli, Bengaluru",47,0.18,0.0014
2026-05-06 13:13:56,81,"Bilekahalli, Bengaluru",49,0.18,0.0015
2026-05-06 13:13:45,84,"Bilekahalli, Bengaluru",51,0.18,0.0016
2026-05-06 13:13:37,74,"Bilekahalli, Bengaluru",45,0.18,0.0013
2026-05-06 13:13:32,64,"Bilekahalli, Bengaluru",39,0.18,0.0011
2026-05-06 13:13:20,66,"Bilekahalli, Bengaluru",40,0.18,0.0011
2026-05-06 13:13:08,71,"Bilekahalli, Bengaluru",43,0.18,0.0013
2026-05-06 13:12:56,69,"Bilekahalli, Bengaluru",42,0.18,0.0012
2026-05-06 13:12:44,69,"Bilekahalli, Bengaluru",42,0.17,0.0012
2026-05-06 13:12:33,71,"Bilekahalli, Bengaluru",43,0.17,0.0013
2026-05-06 13:12:33,71,"Bilekahalli, Bengaluru",43,0.17,0.0013
2026-05-06 13:12:33,71,"Bilekahalli, Bengaluru",43,0.17,0.0013
2026-05-06 13:12:33,71,"Bilekahalli, Bengaluru",43,0.17,0.0013
2026-05-06 13:12:33,71,"Bilekahalli, Bengaluru",43,0.17,0.0013
2026-05-06 13:12:20,67,"Arakere, Bengaluru",41,0.17,0.0012
2026-05-06 13:12:08,64,"Arakere, Bengaluru",39,0.17,0.0011
2026-05-06 13:11:56,67,"Arakere, Bengaluru",41,0.17,0.0012
2026-05-06 13:11:44,64,"Arakere, Bengaluru",39,0.18,0.0011
2026-05-06 13:11:32,66,"Arakere, Bengaluru",40,0.18,0.0011
2026-05-06 13:11:20,62,"Arakere, Bengaluru",38,0.18,0.0011
2026-05-06 13:11:08,61,"Arakere, Bengaluru",37,0.18,0.0010
2026-05-06 13:10:57,64,"Arakere, Bengaluru",39,0.18,0.0011
2026-05-06 13:10:45,66,"Arakere, Bengaluru",40,0.17,0.0011
2026-05-06 13:10:35,69,"Arakere, Bengaluru",42,0.17,0.0012
2026-05-06 13:10:26,74,"Arakere, Bengaluru",45,0.17,0.0013
2026-05-06 13:10:21,76,"Arakere, Bengaluru",46,0.17,0.0014
2026-05-06 13:10:13,76,"Arakere, Bengaluru",46,0.17,0.0014
2026-05-06 13:09:43,72,"Arakere, Bengaluru",44,0.17,0.0013
2026-05-06 13:09:41,64,"Arakere, Bengaluru",39,0.17,0.0011
2026-05-06 13:09:27,59,"Arakere, Bengaluru",36,0.17,0.0010
2026-05-06 13:09:12,59,"Arakere, Bengaluru",36,0.17,0.0010
2026-05-06 13:08:57,62,"Arakere, Bengaluru",38,0.17,0.0011
2026-05-06 13:08:44,64,"Arakere, Bengaluru",39,0.16,0.0011
2026-05-06 13:08:32,64,"Arakere, Bengaluru",39,0.16,0.0011
2026-05-06 13:08:20,64,"Arakere, Bengaluru",39,0.16,0.0011
2026-05-06 13:08:08,62,"Arakere, Bengaluru",38,0.16,0.0011
2026-05-06 13:07:56,62,"Arakere, Bengaluru",38,0.16,0.0011
2026-05-06 13:07:45,64,"Arakere, Bengaluru",39,0.16,0.0011
2026-05-06 13:07:32,61,"Arakere, Bengaluru",37,0.16,0.0010
2026-05-06 12:54:07,59,"Arakere, Bengaluru",36,0.17,0.0010
2026-05-06 12:53:56,61,"Arakere, Bengaluru",37,0.17,0.0010
2026-05-06 12:24:07,79,"Arakere, Bengaluru",48,0.2,0.0014
2026-05-06 12:23:55,76,"Arakere, Bengaluru",46,0.2,0.0014
2026-05-06 12:23:43,74,"Arakere, Bengaluru",45,0.2,0.0013
2026-05-06 12:23:31,72,"Arakere, Bengaluru",44,0.2,0.0013
2026-05-06 12:23:19,72,"Arakere, Bengaluru",44,0.2,0.0013
2026-05-06 12:23:07,74,"Arakere, Bengaluru",45,0.2,0.0013
2026-05-06 12:22:56,76,"Arakere, Bengaluru",46,0.2,0.0014
2026-05-06 12:22:43,76,"Arakere, Bengaluru",46,0.19,0.0014
2026-05-06 12:22:31,74,"Arakere, Bengaluru",45,0.19,0.0013
2026-05-06 12:22:19,74,"Arakere, Bengaluru",45,0.19,0.0013
2026-05-06 12:22:07,74,"Arakere, Bengaluru",45,0.19,0.0013
2026-05-06 12:21:55,74,"Arakere, Bengaluru",45,0.19,0.0013
2026-05-06 12:21:43,76,"Arakere, Bengaluru",46,0.19,0.0014
2026-05-06 12:21:31,74,"Arakere, Bengaluru",45,0.19,0.0013
2026-05-06 12:21:19,74,"Arakere, Bengaluru",45,0.19,0.0013
2026-05-06 12:21:07,76,"Arakere, Bengaluru",46,0.19,0.0014
2026-05-06 12:20:55,78,"Arakere, Bengaluru",47,0.19,0.0014
2026-05-06 12:20:43,74,"Arakere, Bengaluru",45,0.19,0.0013
2026-05-06 12:20:31,78,"Arakere, Bengaluru",47,0.19,0.0014
2026-05-06 12:20:19,79,"Arakere, Bengaluru",48,0.19,0.0014
2026-05-06 12:20:07,74,"Arakere, Bengaluru",45,0.19,0.0013
2026-05-06 12:19:55,76,"Arakere, Bengaluru",46,0.19,0.0014
2026-05-06 12:19:43,78,"Arakere, Bengaluru",47,0.2,0.0014
2026-05-06 12:19:31,76,"Arakere, Bengaluru",46,0.2,0.0014
2026-05-06 12:19:19,79,"Arakere, Bengaluru",48,0.2,0.0014
2026-05-06 12:19:07,78,"Arakere, Bengaluru",47,0.2,0.0014
2026-05-06 12:18:55,81,"Arakere, Bengaluru",49,0.2,0.0015
2026-05-06 12:18:43,81,"Arakere, Bengaluru",49,0.2,0.0015
2026-05-06 12:18:31,81,"Arakere, Bengaluru",49,0.2,0.0015
2026-05-06 12:18:19,78,"Arakere, Bengaluru",47,0.2,0.0014
2026-05-06 12:18:07,76,"Arakere, Bengaluru",46,0.2,0.0014
2026-05-06 12:17:55,76,"Arakere, Bengaluru",46,0.2,0.0014
2026-05-06 12:17:43,74,"Arakere, Bengaluru",45,0.19,0.0013
2026-05-06 12:17:31,74,"Arakere, Bengaluru",45,0.19,0.0013
2026-05-06 12:17:19,76,"Arakere, Bengaluru",46,0.19,0.0014
2026-05-06 12:17:07,76,"Arakere, Bengaluru",46,0.19,0.0014
2026-05-06 12:16:55,78,"Arakere, Bengaluru",47,0.19,0.0014
2026-05-06 12:16:43,74,"Arakere, Bengaluru",45,0.19,0.0013
2026-05-06 12:16:31,74,"Arakere, Bengaluru",45,0.19,0.0013
2026-05-06 12:16:19,78,"Arakere, Bengaluru",47,0.19,0.0014
2026-05-06 12:16:07,78,"Arakere, Bengaluru",47,0.19,0.0014
2026-05-06 12:15:55,76,"Arakere, Bengaluru",46,0.19,0.0014
2026-05-06 12:15:44,79,"Arakere, Bengaluru",48,0.2,0.0014
2026-05-06 12:15:44,79,"Arakere, Bengaluru",48,0.2,0.0014
2026-05-06 12:15:43,79,"Arakere, Bengaluru",48,0.2,0.0014
2026-05-06 12:15:43,79,"Arakere, Bengaluru",48,0.2,0.0014
2026-05-06 12:15:31,78,"Arakere, Bengaluru",47,0.2,0.0014
2026-05-06 12:15:19,81,"Arakere, Bengaluru",49,0.2,0.0015
2026-05-06 12:15:07,76,"Arakere, Bengaluru",46,0.2,0.0014
2026-05-06 12:14:55,78,"Arakere, Bengaluru",47,0.2,0.0014
2026-05-06 12:14:43,78,"Arakere, Bengaluru",47,0.2,0.0014
2026-05-06 12:14:31,76,"Arakere, Bengaluru",46,0.2,0.0014
2026-05-06 12:14:19,74,"Arakere, Bengaluru",45,0.2,0.0013
2026-05-06 12:14:07,78,"Arakere, Bengaluru",47,0.2,0.0014
2026-05-06 12:13:55,79,"Arakere, Bengaluru",48,0.2,0.0014
2026-05-06 12:13:43,81,"Arakere, Bengaluru",49,0.2,0.0015
2026-05-06 12:13:31,79,"Arakere, Bengaluru",48,0.2,0.0014
2026-05-06 12:13:19,79,"Arakere, Bengaluru",48,0.2,0.0014
2026-05-06 12:13:07,79,"Arakere, Bengaluru",48,0.2,0.0014
2026-05-06 12:12:55,76,"Arakere, Bengaluru",46,0.2,0.0014
2026-05-06 12:12:43,76,"Arakere, Bengaluru",46,0.19,0.0014
2026-05-06 12:12:31,78,"Arakere, Bengaluru",47,0.19,0.0014
2026-05-06 12:12:19,79,"Arakere, Bengaluru",48,0.19,0.0014
2026-05-06 12:12:07,76,"Arakere, Bengaluru",46,0.19,0.0014
2026-05-06 12:11:55,78,"Arakere, Bengaluru",47,0.19,0.0014
2026-05-06 12:11:43,81,"Arakere, Bengaluru",49,0.19,0.0015
2026-05-06 12:11:31,76,"Arakere, Bengaluru",46,0.19,0.0014
2026-05-06 12:11:19,78,"Arakere, Bengaluru",47,0.19,0.0014
2026-05-06 12:11:07,76,"Arakere, Bengaluru",46,0.19,0.0014
2026-05-06 12:10:55,74,"Arakere, Bengaluru",45,0.19,0.0013
2026-05-06 12:10:43,72,"Arakere, Bengaluru",44,0.19,0.0013
2026-05-06 12:10:32,76,"Arakere, Bengaluru",46,0.19,0.0014
2026-05-06 12:10:32,76,"Arakere, Bengaluru",46,0.19,0.0014
2026-05-06 12:10:32,76,"Arakere, Bengaluru",46,0.19,0.0014
2026-05-06 12:10:31,76,"Arakere, Bengaluru",46,0.19,0.0014
2026-05-06 12:10:07,72,"Arakere, Bengaluru",44,0.19,0.0013
2026-05-06 12:09:55,78,"Arakere, Bengaluru",47,0.19,0.0014
2026-05-06 12:09:43,78,"Arakere, Bengaluru",47,0.19,0.0014
2026-05-06 12:09:31,76,"Arakere, Bengaluru",46,0.19,0.0014
2026-05-06 12:09:19,74,"Arakere, Bengaluru",45,0.19,0.0013
2026-05-06 12:09:07,76,"Arakere, Bengaluru",46,0.19,0.0014
2026-05-06 12:08:55,78,"Arakere, Bengaluru",47,0.19,0.0014
2026-05-06 12:08:43,76,"Arakere, Bengaluru",46,0.19,0.0014
2026-05-06 12:08:31,78,"Arakere, Bengaluru",47,0.19,0.0014
2026-05-06 12:08:19,78,"Arakere, Bengaluru",47,0.19,0.0014
2026-05-06 12:08:07,79,"Arakere, Bengaluru",48,0.19,0.0014
2026-05-06 12:07:55,76,"Arakere, Bengaluru",46,0.19,0.0014
2026-05-06 12:07:43,76,"Arakere, Bengaluru",46,0.19,0.0014
2026-05-06 12:07:31,79,"Arakere, Bengaluru",48,0.19,0.0014
2026-05-06 12:07:19,78,"Arakere, Bengaluru",47,0.19,0.0014
2026-05-06 12:07:07,81,"Arakere, Bengaluru",49,0.19,0.0015
2026-05-06 12:06:55,81,"Arakere, Bengaluru",49,0.19,0.0015
2026-05-06 12:06:43,81,"Arakere, Bengaluru",49,0.18,0.0015
2026-05-06 12:06:31,83,"Arakere, Bengaluru",50,0.18,0.0015
2026-05-06 12:06:19,81,"Arakere, Bengaluru",49,0.18,0.0015
2026-05-06 12:06:07,83,"Arakere, Bengaluru",50,0.18,0.0015
2026-05-06 12:05:55,83,"Arakere, Bengaluru",50,0.18,0.0015
2026-05-06 12:05:43,81,"Arakere, Bengaluru",49,0.18,0.0015
2026-05-06 12:05:31,78,"Arakere, Bengaluru",47,0.18,0.0014
2026-05-06 12:05:20,76,"Arakere, Bengaluru",46,0.18,0.0014
2026-05-06 12:05:20,76,"Arakere, Bengaluru",46,0.18,0.0014
2026-05-06 12:05:20,76,"Arakere, Bengaluru",46,0.18,0.0014
2026-05-06 12:05:20,76,"Arakere, Bengaluru",46,0.18,0.0014
2026-05-06 12:05:19,76,"Arakere, Bengaluru",46,0.18,0.0014
2026-05-06 12:05:07,79,"Arakere, Bengaluru",48,0.18,0.0014
2026-05-06 12:04:55,79,"Arakere, Bengaluru",48,0.18,0.0014
2026-05-06 12:04:43,78,"Arakere, Bengaluru",47,0.18,0.0014
2026-05-06 12:04:31,79,"Arakere, Bengaluru",48,0.18,0.0014
2026-05-06 12:04:19,79,"Arakere, Bengaluru",48,0.18,0.0014
2026-05-06 12:04:07,79,"Arakere, Bengaluru",48,0.18,0.0014
2026-05-06 12:03:55,81,"Arakere, Bengaluru",49,0.18,0.0015
2026-05-06 12:03:43,84,"Arakere, Bengaluru",51,0.18,0.0016
2026-05-06 12:03:31,88,"Arakere, Bengaluru",53,0.18,0.0016
2026-05-06 12:03:19,93,"Arakere, Bengaluru",56,0.18,0.0017
2026-05-06 12:03:07,83,"Arakere, Bengaluru",50,0.18,0.0015
2026-05-06 12:02:55,81,"Arakere, Bengaluru",49,0.18,0.0015
2026-05-06 12:02:43,84,"Arakere, Bengaluru",51,0.19,0.0016
2026-05-06 12:02:32,94,"Arakere, Bengaluru",57,0.19,0.0018
2026-05-06 12:02:29,104,"Arakere, Bengaluru",62,0.19,0.0020
2026-05-06 12:02:21,114,"Arakere, Bengaluru",65,0.19,0.0021
2026-05-06 12:02:18,104,"Arakere, Bengaluru",62,0.19,0.0020
2026-05-06 12:02:14,91,"Arakere, Bengaluru",55,0.19,0.0017
2026-05-06 12:02:07,81,"Arakere, Bengaluru",49,0.19,0.0015
2026-05-06 12:01:55,81,"Arakere, Bengaluru",49,0.19,0.0015
2026-05-06 12:01:43,81,"Arakere, Bengaluru",49,0.18,0.0015
2026-05-06 12:01:31,84,"Arakere, Bengaluru",51,0.18,0.0016
2026-05-06 12:01:19,86,"Arakere, Bengaluru",52,0.18,0.0016
2026-05-06 12:01:07,81,"Arakere, Bengaluru",49,0.18,0.0015
2026-05-06 12:00:55,84,"Arakere, Bengaluru",51,0.18,0.0016
2026-05-06 12:00:43,84,"Arakere, Bengaluru",51,0.19,0.0016
2026-05-06 12:00:31,84,"Arakere, Bengaluru",51,0.19,0.0016
2026-05-06 12:00:19,83,"Arakere, Bengaluru",50,0.19,0.0015
2026-05-06 12:00:08,84,"Arakere, Bengaluru",51,0.19,0.0016
2026-05-06 12:00:08,84,"Arakere, Bengaluru",51,0.19,0.0016
2026-05-06 12:00:08,84,"Arakere, Bengaluru",51,0.19,0.0016
2026-05-06 12:00:07,84,"Arakere, Bengaluru",51,0.19,0.0016
2026-05-06 11:59:55,84,"Arakere, Bengaluru",51,0.19,0.0016
2026-05-06 11:59:43,86,"Arakere, Bengaluru",52,0.19,0.0016
2026-05-06 11:59:31,84,"Arakere, Bengaluru",51,0.19,0.0016
2026-05-06 11:59:19,84,"Arakere, Bengaluru",51,0.19,0.0016
2026-05-06 11:59:07,88,"Arakere, Bengaluru",53,0.19,0.0016
2026-05-06 11:58:55,88,"Arakere, Bengaluru",53,0.19,0.0016
2026-05-06 11:58:43,96,"Arakere, Bengaluru",58,0.2,0.0018
2026-05-06 11:58:31,100,"Arakere, Bengaluru",60,0.2,0.0019
2026-05-06 11:58:19,104,"Arakere, Bengaluru",62,0.2,0.0020
2026-05-06 11:58:07,100,"Arakere, Bengaluru",60,0.2,0.0019
2026-05-06 11:57:55,94,"Arakere, Bengaluru",57,0.2,0.0018
2026-05-06 11:57:43,93,"Arakere, Bengaluru",56,0.19,0.0017
2026-05-06 11:57:31,88,"Arakere, Bengaluru",53,0.19,0.0016
2026-05-06 11:57:19,94,"Arakere, Bengaluru",57,0.19,0.0018
2026-05-06 11:57:07,100,"Arakere, Bengaluru",60,0.19,0.0019
2026-05-06 11:56:55,104,"Arakere, Bengaluru",62,0.19,0.0020
2026-05-06 11:56:43,111,"Arakere, Bengaluru",64,0.19,0.0020
2026-05-06 11:56:33,121,"Arakere, Bengaluru",67,0.19,0.0022
2026-05-06 11:56:21,128,"Arakere, Bengaluru",69,0.19,0.0022
2026-05-06 11:56:09,135,"Arakere, Bengaluru",71,0.19,0.0023
2026-05-06 11:56:00,145,"Arakere, Bengaluru",74,0.19,0.0024
2026-05-06 11:55:48,148,"Arakere, Bengaluru",75,0.2,0.0025
2026-05-06 11:55:36,155,"Arakere, Bengaluru",77,0.2,0.0025
2026-05-06 11:55:24,162,"Arakere, Bengaluru",79,0.2,0.0026
2026-05-06 11:55:19,172,"Arakere, Bengaluru",82,0.2,0.0027
2026-05-06 11:55:11,182,"Arakere, Bengaluru",85,0.2,0.0028
2026-05-06 11:55:01,193,"Arakere, Bengaluru",88,0.2,0.0030
2026-05-06 11:55:01,193,"Arakere, Bengaluru",88,0.2,0.0030
2026-05-06 10:39:52,57,"Arakere, Bengaluru",35,0.19,0.0009
2026-05-06 10:39:40,56,"Arakere, Bengaluru",34,0.19,0.0009
2026-05-06 10:39:28,56,"Arakere, Bengaluru",34,0.19,0.0009
2026-05-06 10:39:16,56,"Arakere, Bengaluru",34,0.19,0.0009
2026-05-06 10:39:04,54,"Arakere, Bengaluru",33,0.19,0.0009
2026-05-06 10:38:52,52,"Arakere, Bengaluru",32,0.2,0.0008
2026-05-06 10:38:40,51,"Arakere, Bengaluru",31,0.2,0.0008
2026-05-06 10:38:28,52,"Arakere, Bengaluru",32,0.2,0.0008
2026-05-06 10:38:16,54,"Arakere, Bengaluru",33,0.2,0.0009
2026-05-06 10:38:04,62,"Arakere, Bengaluru",38,0.2,0.0011
2026-05-06 10:37:52,69,"Arakere, Bengaluru",42,0.2,0.0012
2026-05-06 10:37:43,79,"Arakere, Bengaluru",48,0.2,0.0014
2026-05-06 10:37:37,91,"Arakere, Bengaluru",55,0.2,0.0017
2026-05-06 10:37:34,111,"Arakere, Bengaluru",64,0.2,0.0020
2026-05-06 10:37:31,145,"Arakere, Bengaluru",74,0.2,0.0024
2026-05-06 10:37:28,186,"Arakere, Bengaluru",86,0.2,0.0029
2026-05-06 10:37:25,238,"Arakere, Bengaluru",102,0.2,0.0035
2026-05-06 10:37:22,282,"Arakere, Bengaluru",115,0.2,0.0040
2026-05-06 10:37:19,314,"Arakere, Bengaluru",139,0.2,0.0049
2026-05-06 10:37:16,335,"Arakere, Bengaluru",166,0.2,0.0059
2026-05-06 10:37:13,360,"Arakere, Bengaluru",199,0.2,0.0072
2026-05-06 10:37:10,393,"Arakere, Bengaluru",242,0.2,0.0088
2026-05-06 10:37:07,414,"Arakere, Bengaluru",284,0.2,0.0104
2026-05-06 10:37:04,438,"Arakere, Bengaluru",344,0.2,0.0127
2026-05-06 10:37:01,453,"Arakere, Bengaluru",383,0.2,0.0141
2026-05-06 10:36:57,464,"Arakere, Bengaluru",411,0.2,0.0152
2026-05-06 10:36:54,432,"Arakere, Bengaluru",329,0.21,0.0121
2026-05-06 10:36:51,357,"Arakere, Bengaluru",194,0.21,0.0070
2026-05-06 10:36:48,179,"Arakere, Bengaluru",84,0.21,0.0028
2026-05-06 10:36:45,69,"Arakere, Bengaluru",42,0.21,0.0012
2026-05-06 10:36:35,52,"Arakere, Bengaluru",32,0.21,0.0008
2026-05-06 10:36:24,57,"Arakere, Bengaluru",35,0.21,0.0009
2026-05-06 10:36:12,61,"Arakere, Bengaluru",37,0.21,0.0010
2026-05-06 10:36:00,67,"Arakere, Bengaluru",41,0.21,0.0012
2026-05-06 10:35:51,78,"Arakere, Bengaluru",47,0.2,0.0014
2026-05-06 10:35:46,88,"Arakere, Bengaluru",53,0.2,0.0016
2026-05-06 10:35:44,100,"Arakere, Bengaluru",60,0.2,0.0019
2026-05-06 10:35:41,124,"Arakere, Bengaluru",68,0.2,0.0022
2026-05-06 10:35:38,162,"Arakere, Bengaluru",79,0.2,0.0026
2026-05-06 10:35:35,193,"Arakere, Bengaluru",88,0.2,0.0030
2026-05-06 10:35:32,238,"Arakere, Bengaluru",102,0.2,0.0035
2026-05-06 10:35:29,301,"Arakere, Bengaluru",121,0.2,0.0042
2026-05-06 10:35:25,318,"Arakere, Bengaluru",144,0.2,0.0051
2026-05-06 10:35:22,339,"Arakere, Bengaluru",171,0.2,0.0061
2026-05-06 10:35:20,365,"Arakere, Bengaluru",205,0.2,0.0074
2026-05-06 10:35:17,395,"Arakere, Bengaluru",244,0.2,0.0089
2026-05-06 10:35:14,410,"Arakere, Bengaluru",275,0.2,0.0100
2026-05-06 10:35:11,432,"Arakere, Bengaluru",330,0.2,0.0121
2026-05-06 10:35:08,454,"Arakere, Bengaluru",386,0.2,0.0142
2026-05-06 10:35:05,474,"Arakere, Bengaluru",412,0.2,0.0152
2026-05-06 10:35:02,445,"Arakere, Bengaluru",362,0.2,0.0133
2026-05-06 10:34:59,390,"Arakere, Bengaluru",237,0.2,0.0086
2026-05-06 10:34:56,282,"Arakere, Bengaluru",115,0.2,0.0040
2026-05-06 10:34:53,83,"Arakere, Bengaluru",50,0.2,0.0015
2026-05-06 10:34:44,52,"Arakere, Bengaluru",32,0.2,0.0008
2026-05-06 10:34:32,54,"Arakere, Bengaluru",33,0.2,0.0009
2026-05-06 10:34:20,54,"Arakere, Bengaluru",33,0.2,0.0009
2026-05-06 10:34:07,54,"Arakere, Bengaluru",33,0.2,0.0009
2026-05-06 10:33:56,52,"Arakere, Bengaluru",32,0.2,0.0008
2026-05-06 10:33:44,51,"Arakere, Bengaluru",31,0.2,0.0008
2026-05-06 10:33:32,51,"Arakere, Bengaluru",31,0.2,0.0008
2026-05-06 10:33:20,52,"Arakere, Bengaluru",32,0.2,0.0008
2026-05-06 10:33:08,52,"Arakere, Bengaluru",32,0.2,0.0008
2026-05-06 10:32:56,52,"Arakere, Bengaluru",32,0.2,0.0008
2026-05-06 10:32:44,54,"Arakere, Bengaluru",33,0.21,0.0009
2026-05-06 10:32:32,57,"Arakere, Bengaluru",35,0.21,0.0009
2026-05-06 10:32:20,57,"Arakere, Bengaluru",35,0.21,0.0009
2026-05-06 10:32:08,54,"Arakere, Bengaluru",33,0.21,0.0009
2026-05-06 10:31:56,52,"Arakere, Bengaluru",32,0.21,0.0008
2026-05-06 10:31:44,54,"Arakere, Bengaluru",33,0.2,0.0009
2026-05-06 10:31:44,54,"Arakere, Bengaluru",33,0.2,0.0009
2026-05-06 10:31:44,54,"Arakere, Bengaluru",33,0.2,0.0009
2026-05-06 10:31:44,54,"Arakere, Bengaluru",33,0.2,0.0009
2026-05-06 10:31:32,54,"Arakere, Bengaluru",33,0.2,0.0009
2026-05-06 10:31:20,54,"Arakere, Bengaluru",33,0.2,0.0009
2026-05-06 10:31:08,52,"Arakere, Bengaluru",32,0.2,0.0008
2026-05-06 10:30:56,52,"Arakere, Bengaluru",32,0.2,0.0008
2026-05-06 10:30:44,54,"Arakere, Bengaluru",33,0.2,0.0009
2026-05-06 10:30:32,56,"Arakere, Bengaluru",34,0.2,0.0009
2026-05-06 10:30:20,52,"Arakere, Bengaluru",32,0.2,0.0008
2026-05-06 10:30:08,54,"Arakere, Bengaluru",33,0.2,0.0009
2026-05-06 10:29:56,52,"Arakere, Bengaluru",32,0.2,0.0008
2026-05-06 10:29:44,52,"Arakere, Bengaluru",32,0.2,0.0008
2026-05-06 10:29:32,52,"Arakere, Bengaluru",32,0.2,0.0008
2026-05-06 10:29:20,54,"Arakere, Bengaluru",33,0.2,0.0009
2026-05-06 10:29:08,52,"Arakere, Bengaluru",32,0.2,0.0008
2026-05-06 10:28:44,52,"Arakere, Bengaluru",32,0.2,0.0008
2026-05-06 10:28:32,54,"Arakere, Bengaluru",33,0.2,0.0009
2026-05-06 10:28:20,52,"Arakere, Bengaluru",32,0.2,0.0008
2026-05-06 10:28:08,52,"Arakere, Bengaluru",32,0.2,0.0008
2026-05-06 10:27:56,52,"Arakere, Bengaluru",32,0.2,0.0008
2026-05-06 10:27:44,54,"Arakere, Bengaluru",33,0.21,0.0009
2026-05-06 10:27:32,54,"Arakere, Bengaluru",33,0.21,0.0009
2026-05-06 10:27:20,54,"Arakere, Bengaluru",33,0.21,0.0009
2026-05-06 10:27:08,52,"Arakere, Bengaluru",32,0.21,0.0008
2026-05-06 10:26:56,52,"Arakere, Bengaluru",32,0.21,0.0008
2026-05-06 10:26:44,56,"Arakere, Bengaluru",34,0.2,0.0009
2026-05-06 10:26:32,54,"Arakere, Bengaluru",33,0.2,0.0009
2026-05-06 10:26:32,54,"Arakere, Bengaluru",33,0.2,0.0009
2026-05-06 10:26:32,54,"Arakere, Bengaluru",33,0.2,0.0009
2026-05-06 10:26:32,54,"Arakere, Bengaluru",33,0.2,0.0009
2026-05-06 10:26:20,54,"Arakere, Bengaluru",33,0.2,0.0009
2026-05-06 10:26:08,54,"Arakere, Bengaluru",33,0.2,0.0009
2026-05-06 10:25:56,52,"Arakere, Bengaluru",32,0.2,0.0008
2026-05-06 10:25:44,52,"Arakere, Bengaluru",32,0.2,0.0008
2026-05-06 10:25:32,52,"Arakere, Bengaluru",32,0.2,0.0008
2026-05-06 10:25:20,51,"Arakere, Bengaluru",31,0.2,0.0008
2026-05-06 10:25:08,54,"Arakere, Bengaluru",33,0.2,0.0009
2026-05-06 10:24:56,52,"Arakere, Bengaluru",32,0.2,0.0008
2026-05-06 10:24:44,52,"Arakere, Bengaluru",32,0.2,0.0008
2026-05-06 10:24:32,52,"Arakere, Bengaluru",32,0.2,0.0008
2026-05-06 10:24:20,54,"Arakere, Bengaluru",33,0.2,0.0009
2026-05-06 10:24:08,54,"Arakere, Bengaluru",33,0.2,0.0009
2026-05-06 10:23:56,56,"Arakere, Bengaluru",34,0.2,0.0009
2026-05-06 10:23:44,52,"Arakere, Bengaluru",32,0.2,0.0008
2026-05-06 10:23:32,56,"Arakere, Bengaluru",34,0.2,0.0009
2026-05-06 10:23:20,54,"Arakere, Bengaluru",33,0.2,0.0009
2026-05-06 10:23:08,52,"Arakere, Bengaluru",32,0.2,0.0008
2026-05-06 10:22:56,51,"Arakere, Bengaluru",31,0.2,0.0008
2026-05-06 10:22:44,54,"Arakere, Bengaluru",33,0.21,0.0009
2026-05-06 10:22:32,54,"Arakere, Bengaluru",33,0.21,0.0009
2026-05-06 10:22:20,54,"Arakere, Bengaluru",33,0.21,0.0009
2026-05-06 10:22:08,52,"Arakere, Bengaluru",32,0.21,0.0008
2026-05-06 10:21:56,51,"Arakere, Bengaluru",31,0.21,0.0008
2026-05-06 10:21:44,51,"Arakere, Bengaluru",31,0.2,0.0008
2026-05-06 10:21:32,52,"Arakere, Bengaluru",32,0.2,0.0008
2026-05-06 10:21:21,54,"Arakere, Bengaluru",33,0.2,0.0009
2026-05-06 10:21:21,54,"Arakere, Bengaluru",33,0.2,0.0009
2026-05-06 10:21:21,54,"Arakere, Bengaluru",33,0.2,0.0009
2026-05-06 10:21:21,54,"Arakere, Bengaluru",33,0.2,0.0009
2026-05-06 10:21:20,54,"Arakere, Bengaluru",33,0.2,0.0009
2026-05-06 10:21:01,52,"Arakere, Bengaluru",32,0.2,0.0008
2026-05-06 10:20:46,57,"Arakere, Bengaluru",35,0.2,0.0009
2026-05-06 10:20:34,56,"Arakere, Bengaluru",34,0.2,0.0009
2026-05-06 10:20:22,57,"Arakere, Bengaluru",35,0.2,0.0009
2026-05-06 10:20:09,59,"Arakere, Bengaluru",36,0.2,0.0010
2026-05-06 10:19:58,62,"Arakere, Bengaluru",38,0.2,0.0011
2026-05-06 10:19:46,69,"Arakere, Bengaluru",42,0.2,0.0012
2026-05-06 10:19:36,76,"Arakere, Bengaluru",46,0.2,0.0014
2026-05-06 10:19:30,66,"Arakere, Bengaluru",40,0.2,0.0011
2026-05-06 10:19:21,56,"Arakere, Bengaluru",34,0.2,0.0009
2026-05-06 10:19:09,56,"Arakere, Bengaluru",34,0.2,0.0009
2026-05-06 10:18:55,56,"Arakere, Bengaluru",34,0.2,0.0009
2026-05-06 10:18:43,56,"Arakere, Bengaluru",34,0.2,0.0009
2026-05-06 10:18:31,52,"Arakere, Bengaluru",32,0.2,0.0008
2026-05-06 10:18:19,54,"Arakere, Bengaluru",33,0.2,0.0009
2026-05-06 10:18:07,54,"Arakere, Bengaluru",33,0.2,0.0009
2026-05-06 10:17:55,57,"Arakere, Bengaluru",35,0.2,0.0009
2026-05-06 10:17:43,54,"Arakere, Bengaluru",33,0.2,0.0009
2026-05-06 10:17:43,54,"Arakere, Bengaluru",33,0.2,0.0009
2026-05-05 22:57:01,78,"Bengaluru, Karnataka",47,0.16,0.0014
2026-05-05 22:56:49,81,"Bengaluru, Karnataka",49,0.16,0.0015
2026-05-05 22:56:37,79,"Bengaluru, Karnataka",48,0.16,0.0014
2026-05-05 22:56:25,79,"Bengaluru, Karnataka",48,0.16,0.0014
2026-05-05 22:56:13,79,"Bengaluru, Karnataka",48,0.16,0.0014
2026-05-05 22:56:01,83,"Bengaluru, Karnataka",50,0.16,0.0015
2026-05-05 22:55:49,86,"Bengaluru, Karnataka",52,0.17,0.0016
2026-05-05 22:55:37,84,"Bengaluru, Karnataka",51,0.17,0.0016
2026-05-05 22:55:25,86,"Bengaluru, Karnataka",52,0.17,0.0016
2026-05-05 22:55:13,88,"Bengaluru, Karnataka",53,0.17,0.0016
2026-05-05 22:55:01,88,"Bengaluru, Karnataka",53,0.17,0.0016
2026-05-05 22:54:49,88,"Bengaluru, Karnataka",53,0.18,0.0016
2026-05-05 22:54:39,88,"Bengaluru, Karnataka",53,0.18,0.0016
2026-05-05 22:54:37,89,"Bengaluru, Karnataka",54,0.18,0.0017
2026-05-05 22:54:37,89,"Bengaluru, Karnataka",54,0.18,0.0017
2026-05-05 22:54:37,89,"Bengaluru, Karnataka",54,0.18,0.0017
2026-05-05 22:54:37,89,"Bengaluru, Karnataka",54,0.18,0.0017
2026-05-05 22:54:37,89,"Bengaluru, Karnataka",54,0.18,0.0017
2026-05-05 22:54:25,91,"Bengaluru, Karnataka",55,0.18,0.0017
2026-05-05 22:54:25,91,"Bengaluru, Karnataka",55,0.18,0.0017
2026-05-05 22:54:25,91,"Bengaluru, Karnataka",55,0.18,0.0017
2026-05-05 22:54:25,91,"Bengaluru, Karnataka",55,0.18,0.0017
2026-05-05 22:54:25,91,"Bengaluru, Karnataka",55,0.18,0.0017
2026-05-05 22:54:25,91,"Bengaluru, Karnataka",55,0.18,0.0017
2026-05-05 22:54:01,88,"Arakere, Bengaluru",53,0.18,0.0016
2026-05-05 22:53:49,88,"Arakere, Bengaluru",53,0.18,0.0016
2026-05-05 22:53:37,86,"Arakere, Bengaluru",52,0.18,0.0016
2026-05-05 22:53:25,84,"Arakere, Bengaluru",51,0.18,0.0016
2026-05-05 22:53:13,83,"Arakere, Bengaluru",50,0.18,0.0015
2026-05-05 22:53:01,79,"Arakere, Bengaluru",48,0.18,0.0014
2026-05-05 22:52:50,69,"Arakere, Bengaluru",42,0.18,0.0012
2026-05-05 22:52:43,59,"Arakere, Bengaluru",36,0.18,0.0010
2026-05-05 22:52:31,51,"Arakere, Bengaluru",31,0.18,0.0008
2026-05-05 22:52:19,54,"Arakere, Bengaluru",33,0.18,0.0009
2026-05-05 22:52:06,54,"Arakere, Bengaluru",33,0.18,0.0009
2026-05-05 22:51:55,57,"Arakere, Bengaluru",35,0.18,0.0009
2026-05-05 22:51:42,57,"Arakere, Bengaluru",35,0.19,0.0009
2026-05-05 22:51:31,59,"Arakere, Bengaluru",36,0.19,0.0010
2026-05-05 22:51:19,59,"Arakere, Bengaluru",36,0.19,0.0010
2026-05-05 22:51:07,57,"Arakere, Bengaluru",35,0.19,0.0009
2026-05-05 22:50:55,62,"Arakere, Bengaluru",38,0.19,0.0011
2026-05-05 22:50:43,66,"Arakere, Bengaluru",40,0.19,0.0011
2026-05-05 22:50:31,67,"Arakere, Bengaluru",41,0.19,0.0012
2026-05-05 22:50:19,71,"Arakere, Bengaluru",43,0.19,0.0013
2026-05-05 22:50:07,72,"Arakere, Bengaluru",44,0.19,0.0013
2026-05-05 22:49:55,74,"Arakere, Bengaluru",45,0.19,0.0013
2026-05-05 22:49:42,76,"Arakere, Bengaluru",46,0.19,0.0014
2026-05-05 22:49:31,78,"Arakere, Bengaluru",47,0.19,0.0014
2026-05-05 22:49:19,74,"Arakere, Bengaluru",45,0.19,0.0013
2026-05-05 22:49:07,71,"Arakere, Bengaluru",43,0.19,0.0013
2026-05-05 22:49:07,71,"Arakere, Bengaluru",43,0.19,0.0013
2026-05-05 22:48:55,66,"Arakere, Bengaluru",40,0.19,0.0011
2026-05-05 22:48:43,64,"Arakere, Bengaluru",39,0.2,0.0011
2026-05-05 22:48:31,57,"Arakere, Bengaluru",35,0.2,0.0009
2026-05-05 22:48:19,51,"Arakere, Bengaluru",31,0.2,0.0008
2026-05-05 22:48:07,48,"Arakere, Bengaluru",29,0.2,0.0007
2026-05-05 22:47:56,38,"Arakere, Bengaluru",21,0.2,0.0004
2026-05-05 22:47:44,38,"Arakere, Bengaluru",13,0.2,0.0001
2026-05-05 22:47:32,38,"Arakere, Bengaluru",3,0.2,0.0000
2026-05-05 22:47:20,38,"Arakere, Bengaluru",0,0.2,0.0000
2026-05-05 22:47:08,38,"Arakere, Bengaluru",0,0.2,0.0000
2026-05-05 22:46:56,38,"Arakere, Bengaluru",0,0.2,0.0000
2026-05-05 22:46:44,38,"Arakere, Bengaluru",0,0.2,0.0000
2026-05-05 22:46:32,38,"Arakere, Bengaluru",0,0.2,0.0000
2026-05-05 22:46:20,38,"Arakere, Bengaluru",0,0.2,0.0000
2026-05-05 22:46:08,38,"Arakere, Bengaluru",0,0.2,0.0000
2026-05-05 22:45:56,38,"Arakere, Bengaluru",0,0.2,0.0000
2026-05-05 22:45:44,38,"Arakere, Bengaluru",0,0.2,0.0000
2026-05-05 22:45:32,38,"Arakere, Bengaluru",0,0.2,0.0000
2026-05-05 22:45:20,38,"Arakere, Bengaluru",0,0.2,0.0000
2026-05-05 22:45:08,38,"Arakere, Bengaluru",0,0.2,0.0000
2026-05-05 22:44:56,38,"Arakere, Bengaluru",0,0.2,0.0000
2026-05-05 22:44:44,38,"Arakere, Bengaluru",0,0.19,0.0000
2026-05-05 22:44:33,38,"Arakere, Bengaluru",0,0.19,0.0000
2026-05-05 22:44:21,38,"Arakere, Bengaluru",0,0.19,0.0000
2026-05-05 22:44:09,38,"Arakere, Bengaluru",0,0.19,0.0000
2026-05-05 22:43:59,38,"Arakere, Bengaluru",0,0.19,0.0000
2026-05-05 22:43:45,38,"Bilekahalli, Bengaluru",0,0.19,0.0000
2026-05-05 22:43:33,38,"Bilekahalli, Bengaluru",0,0.19,0.0000
2026-05-05 22:43:21,38,"Bilekahalli, Bengaluru",0,0.19,0.0000
2026-05-05 22:43:08,38,"Bilekahalli, Bengaluru",0,0.19,0.0000
2026-05-05 22:42:56,38,"Bilekahalli, Bengaluru",0,0.19,0.0000
2026-05-05 22:42:44,38,"Bilekahalli, Bengaluru",0,0.19,0.0000
2026-05-05 22:42:32,38,"Bilekahalli, Bengaluru",0,0.19,0.0000
2026-05-05 22:42:20,38,"Bilekahalli, Bengaluru",0,0.19,0.0000
2026-05-05 22:42:09,38,"Bilekahalli, Bengaluru",0,0.19,0.0000
2026-05-05 22:41:56,38,"Bilekahalli, Bengaluru",0,0.19,0.0000
2026-05-05 22:41:44,37,"Bilekahalli, Bengaluru",0,0.19,0.0000
2026-05-05 22:41:32,37,"Bilekahalli, Bengaluru",0,0.19,0.0000
2026-05-05 22:41:20,37,"Bilekahalli, Bengaluru",0,0.19,0.0000
2026-05-05 22:41:08,37,"Bilekahalli, Bengaluru",0,0.19,0.0000
2026-05-05 22:40:56,37,"Bilekahalli, Bengaluru",0,0.19,0.0000
2026-05-05 22:40:44,37,"Bilekahalli, Bengaluru",0,0.19,0.0000
2026-05-05 22:40:32,37,"Bilekahalli, Bengaluru",0,0.19,0.0000
2026-05-05 22:40:20,37,"Bilekahalli, Bengaluru",0,0.19,0.0000
2026-05-05 22:40:08,37,"Bilekahalli, Bengaluru",0,0.19,0.0000
2026-05-05 22:39:56,37,"Bilekahalli, Bengaluru",0,0.19,0.0000
2026-05-05 22:39:44,37,"Bilekahalli, Bengaluru",0,0.19,0.0000
2026-05-05 22:39:32,37,"Bilekahalli, Bengaluru",0,0.19,0.0000
2026-05-05 22:39:20,37,"Bilekahalli, Bengaluru",1,0.19,0.0000
2026-05-05 22:39:08,37,"Bilekahalli, Bengaluru",1,0.19,0.0000
2026-05-05 22:38:56,37,"Bilekahalli, Bengaluru",1,0.19,0.0000
2026-05-05 22:38:45,37,"Bilekahalli, Bengaluru",0,0.19,0.0000
2026-05-05 22:38:32,37,"BTM Layout Stage 2, Bengaluru",0,0.19,0.0000
2026-05-05 22:38:20,37,"BTM Layout Stage 2, Bengaluru",0,0.19,0.0000
2026-05-05 22:38:08,37,"BTM Layout Stage 2, Bengaluru",0,0.19,0.0000
2026-05-05 22:37:56,37,"BTM Layout Stage 2, Bengaluru",0,0.19,0.0000
2026-05-05 22:37:44,36,"BTM Layout Stage 2, Bengaluru",0,0.19,0.0000
2026-05-05 22:37:32,36,"BTM Layout Stage 2, Bengaluru",0,0.19,0.0000
2026-05-05 22:37:20,36,"BTM Layout Stage 2, Bengaluru",0,0.19,0.0000
2026-05-05 22:37:08,36,"BTM Layout Stage 2, Bengaluru",0,0.19,0.0000
2026-05-05 22:36:56,36,"BTM Layout Stage 2, Bengaluru",0,0.19,0.0000
2026-05-05 22:36:44,36,"BTM Layout Stage 2, Bengaluru",0,0.19,0.0000
2026-05-05 22:36:32,36,"BTM Layout Stage 2, Bengaluru",0,0.19,0.0000
2026-05-05 22:36:20,36,"BTM Layout Stage 2, Bengaluru",0,0.19,0.0000
2026-05-05 22:36:08,36,"BTM Layout Stage 2, Bengaluru",0,0.19,0.0000
2026-05-05 22:35:56,36,"BTM Layout Stage 2, Bengaluru",0,0.19,0.0000
2026-05-05 22:35:44,36,"BTM Layout Stage 2, Bengaluru",0,0.19,0.0000
2026-05-05 22:35:32,36,"BTM Layout Stage 2, Bengaluru",0,0.19,0.0000
2026-05-05 22:35:20,36,"BTM Layout Stage 2, Bengaluru",0,0.19,0.0000
2026-05-05 22:35:08,36,"BTM Layout Stage 2, Bengaluru",0,0.19,0.0000
2026-05-05 22:34:56,36,"BTM Layout Stage 2, Bengaluru",0,0.19,0.0000
2026-05-05 22:34:44,36,"BTM Layout Stage 2, Bengaluru",0,0.19,0.0000
2026-05-05 22:34:32,36,"BTM Layout Stage 2, Bengaluru",0,0.19,0.0000
2026-05-05 22:34:20,36,"BTM Layout Stage 2, Bengaluru",0,0.19,0.0000
2026-05-05 22:34:08,36,"BTM Layout Stage 2, Bengaluru",0,0.19,0.0000
2026-05-05 22:33:56,36,"BTM Layout Stage 2, Bengaluru",0,0.19,0.0000
2026-05-05 22:33:44,35,"BTM Layout Stage 2, Bengaluru",0,0.18,0.0000
2026-05-05 22:33:33,35,"BTM Layout Stage 2, Bengaluru",0,0.18,0.0000
2026-05-05 22:33:20,35,"HSR Layout, Bengaluru",0,0.18,0.0000
2026-05-05 22:33:08,35,"HSR Layout, Bengaluru",0,0.18,0.0000
2026-05-05 22:32:56,35,"HSR Layout, Bengaluru",0,0.18,0.0000
2026-05-05 22:32:44,35,"HSR Layout, Bengaluru",0,0.18,0.0000
2026-05-05 22:32:32,35,"HSR Layout, Bengaluru",0,0.18,0.0000
2026-05-05 22:32:20,35,"HSR Layout, Bengaluru",0,0.18,0.0000
2026-05-05 22:32:08,35,"HSR Layout, Bengaluru",0,0.18,0.0000
2026-05-05 22:31:56,35,"HSR Layout, Bengaluru",0,0.18,0.0000
2026-05-05 22:31:44,35,"HSR Layout, Bengaluru",0,0.18,0.0000
2026-05-05 22:31:32,35,"HSR Layout, Bengaluru",0,0.18,0.0000
2026-05-05 22:31:20,35,"HSR Layout, Bengaluru",0,0.18,0.0000
2026-05-05 22:31:08,35,"HSR Layout, Bengaluru",0,0.18,0.0000
2026-05-05 22:30:56,35,"HSR Layout, Bengaluru",0,0.18,0.0000
2026-05-05 22:30:44,34,"HSR Layout, Bengaluru",0,0.18,0.0000
2026-05-05 22:30:32,34,"HSR Layout, Bengaluru",0,0.18,0.0000
2026-05-05 22:30:20,34,"HSR Layout, Bengaluru",0,0.18,0.0000
2026-05-05 22:30:08,34,"HSR Layout, Bengaluru",1,0.18,0.0000
2026-05-05 22:29:56,34,"HSR Layout, Bengaluru",0,0.18,0.0000
2026-05-05 22:29:44,34,"HSR Layout, Bengaluru",0,0.18,0.0000
2026-05-05 22:29:32,34,"HSR Layout, Bengaluru",0,0.18,0.0000
2026-05-05 22:29:20,34,"HSR Layout, Bengaluru",0,0.18,0.0000
2026-05-05 22:29:08,34,"HSR Layout, Bengaluru",0,0.18,0.0000
2026-05-05 22:28:56,34,"HSR Layout, Bengaluru",0,0.18,0.0000
2026-05-05 22:28:44,34,"HSR Layout, Bengaluru",0,0.18,0.0000
2026-05-05 22:28:32,34,"HSR Layout, Bengaluru",0,0.18,0.0000
2026-05-05 22:28:20,34,"HSR Layout, Bengaluru",0,0.18,0.0000
2026-05-05 22:28:08,34,"HSR Layout, Bengaluru",0,0.18,0.0000
2026-05-05 22:27:56,34,"HSR Layout, Bengaluru",1,0.18,0.0000
2026-05-05 22:27:44,33,"HSR Layout, Bengaluru",1,0.17,0.0000
2026-05-05 22:27:32,33,"HSR Layout, Bengaluru",1,0.17,0.0000
2026-05-05 22:27:20,33,"HSR Layout, Bengaluru",0,0.17,0.0000
2026-05-05 22:27:08,33,"HSR Layout, Bengaluru",0,0.17,0.0000
2026-05-05 22:26:56,33,"HSR Layout, Bengaluru",1,0.17,0.0000
2026-05-05 22:26:44,33,"HSR Layout, Bengaluru",0,0.17,0.0000
2026-05-05 22:26:32,33,"HSR Layout, Bengaluru",1,0.17,0.0000
2026-05-05 22:26:20,33,"HSR Layout, Bengaluru",1,0.17,0.0000
2026-05-05 22:26:08,33,"HSR Layout, Bengaluru",2,0.17,0.0000
2026-05-05 22:25:56,33,"HSR Layout, Bengaluru",2,0.17,0.0000
2026-05-05 22:25:44,33,"HSR Layout, Bengaluru",2,0.17,0.0000
2026-05-05 22:25:32,33,"HSR Layout, Bengaluru",0,0.17,0.0000
2026-05-05 22:25:20,33,"HSR Layout, Bengaluru",1,0.17,0.0000
2026-05-05 22:25:08,33,"HSR Layout, Bengaluru",0,0.17,0.0000
2026-05-05 22:24:56,33,"HSR Layout, Bengaluru",1,0.17,0.0000
2026-05-05 22:24:44,32,"HSR Layout, Bengaluru",2,0.16,0.0000
2026-05-05 22:24:32,32,"HSR Layout, Bengaluru",3,0.16,0.0000
2026-05-05 22:24:20,32,"HSR Layout, Bengaluru",2,0.16,0.0000
2026-05-05 22:24:08,32,"HSR Layout, Bengaluru",2,0.16,0.0000
2026-05-05 22:23:56,32,"HSR Layout, Bengaluru",2,0.16,0.0000
2026-05-05 22:23:44,32,"HSR Layout, Bengaluru",3,0.16,0.0000
2026-05-05 22:23:32,32,"HSR Layout, Bengaluru",3,0.16,0.0000
2026-05-05 22:23:20,32,"HSR Layout, Bengaluru",2,0.16,0.0000
2026-05-05 22:23:08,32,"HSR Layout, Bengaluru",3,0.16,0.0000
2026-05-05 22:22:56,32,"HSR Layout, Bengaluru",2,0.16,0.0000
2026-05-05 22:22:44,32,"HSR Layout, Bengaluru",1,0.16,0.0000
2026-05-05 22:22:32,32,"HSR Layout, Bengaluru",3,0.16,0.0000
2026-05-05 22:22:22,32,"HSR Layout, Bengaluru",3,0.16,0.0000
2026-05-05 22:22:09,32,"HSR Layout, Bengaluru",4,0.16,0.0000
2026-05-05 22:21:56,32,"HSR Layout, Bengaluru",4,0.16,0.0000
2026-05-05 22:21:44,32,"HSR Layout, Bengaluru",3,0.16,0.0000
2026-05-05 22:21:32,32,"HSR Layout, Bengaluru",4,0.16,0.0000
2026-05-05 22:21:20,32,"HSR Layout, Bengaluru",5,0.16,0.0000
2026-05-05 22:21:08,32,"HSR Layout, Bengaluru",10,0.16,0.0000
2026-05-05 22:20:56,32,"HSR Layout, Bengaluru",14,0.16,0.0002
2026-05-05 22:20:44,32,"HSR Layout, Bengaluru",14,0.15,0.0002
2026-05-05 22:20:32,32,"HSR Layout, Bengaluru",16,0.15,0.0002
2026-05-05 22:20:20,32,"HSR Layout, Bengaluru",17,0.15,0.0003
2026-05-05 22:20:08,32,"HSR Layout, Bengaluru",19,0.15,0.0003
2026-05-05 22:19:59,38,"HSR Layout, Bengaluru",23,0.15,0.0005
2026-05-05 22:19:44,41,"HSR Layout, Bengaluru",25,0.15,0.0006
2026-05-05 22:19:32,43,"HSR Layout, Bengaluru",26,0.15,0.0006
2026-05-05 22:19:20,41,"HSR Layout, Bengaluru",25,0.15,0.0006
2026-05-05 22:19:08,35,"HSR Layout, Bengaluru",21,0.15,0.0004
2026-05-05 22:18:56,41,"HSR Layout, Bengaluru",25,0.15,0.0006
2026-05-05 22:18:50,51,"HSR Layout, Bengaluru",31,0.15,0.0008
2026-05-05 22:18:43,61,"HSR Layout, Bengaluru",37,0.15,0.0010
2026-05-05 22:18:38,71,"HSR Layout, Bengaluru",43,0.15,0.0013
2026-05-05 22:18:26,78,"HSR Layout, Bengaluru",47,0.15,0.0014
2026-05-05 22:18:15,78,"HSR Layout, Bengaluru",47,0.15,0.0014
2026-05-05 22:18:03,78,"HSR Layout, Bengaluru",47,0.15,0.0014
2026-05-05 22:18:03,78,"HSR Layout, Bengaluru",47,0.15,0.0014
2026-05-05 22:17:51,78,"HSR Layout, Bengaluru",47,0.15,0.0014
2026-05-05 22:17:39,79,"HSR Layout, Bengaluru",48,0.15,0.0014
2026-05-05 22:17:27,76,"HSR Layout, Bengaluru",46,0.15,0.0014
2026-05-05 22:17:15,76,"HSR Layout, Bengaluru",46,0.15,0.0014
2026-05-05 22:17:03,78,"HSR Layout, Bengaluru",47,0.15,0.0014
2026-05-05 22:16:51,79,"HSR Layout, Bengaluru",48,0.15,0.0014
2026-05-05 22:16:39,79,"HSR Layout, Bengaluru",48,0.15,0.0014
2026-05-05 22:16:27,79,"HSR Layout, Bengaluru",48,0.15,0.0014
2026-05-05 22:16:15,81,"HSR Layout, Bengaluru",49,0.15,0.0015
2026-05-05 22:16:03,81,"HSR Layout, Bengaluru",49,0.15,0.0015
2026-05-05 22:15:51,83,"HSR Layout, Bengaluru",50,0.15,0.0015
2026-05-05 22:15:39,83,"HSR Layout, Bengaluru",50,0.15,0.0015
2026-05-05 22:15:27,79,"HSR Layout, Bengaluru",48,0.15,0.0014
2026-05-05 22:15:15,81,"HSR Layout, Bengaluru",49,0.15,0.0015
2026-05-05 22:15:03,83,"HSR Layout, Bengaluru",50,0.15,0.0015
2026-05-05 22:14:51,81,"HSR Layout, Bengaluru",49,0.15,0.0015
2026-05-05 22:14:39,81,"HSR Layout, Bengaluru",49,0.15,0.0015
2026-05-05 22:14:27,78,"HSR Layout, Bengaluru",47,0.15,0.0014
2026-05-05 22:14:15,81,"HSR Layout, Bengaluru",49,0.15,0.0015
2026-05-05 22:14:03,81,"HSR Layout, Bengaluru",49,0.15,0.0015
2026-05-05 22:13:51,83,"HSR Layout, Bengaluru",50,0.15,0.0015
2026-05-05 22:13:39,84,"HSR Layout, Bengaluru",51,0.15,0.0016
2026-05-05 22:13:27,84,"HSR Layout, Bengaluru",51,0.15,0.0016
2026-05-05 22:13:15,84,"HSR Layout, Bengaluru",51,0.15,0.0016
2026-05-05 22:13:03,84,"HSR Layout, Bengaluru",51,0.15,0.0016
2026-05-05 22:12:51,86,"HSR Layout, Bengaluru",52,0.14,0.0016
2026-05-05 22:12:39,86,"HSR Layout, Bengaluru",52,0.14,0.0016
2026-05-05 22:12:27,83,"HSR Layout, Bengaluru",50,0.14,0.0015
2026-05-05 22:12:15,86,"HSR Layout, Bengaluru",52,0.14,0.0016
2026-05-05 22:12:03,84,"HSR Layout, Bengaluru",51,0.14,0.0016
2026-05-05 22:11:51,84,"HSR Layout, Bengaluru",51,0.14,0.0016
2026-05-05 22:11:39,84,"HSR Layout, Bengaluru",51,0.14,0.0016
2026-05-05 22:11:27,84,"HSR Layout, Bengaluru",51,0.14,0.0016
2026-05-05 22:11:15,81,"HSR Layout, Bengaluru",49,0.14,0.0015
2026-05-05 22:11:03,81,"HSR Layout, Bengaluru",49,0.14,0.0015
2026-05-05 22:10:51,83,"HSR Layout, Bengaluru",50,0.14,0.0015
2026-05-05 22:10:39,84,"HSR Layout, Bengaluru",51,0.14,0.0016
2026-05-05 22:10:27,83,"HSR Layout, Bengaluru",50,0.14,0.0015
2026-05-05 22:10:15,81,"HSR Layout, Bengaluru",49,0.14,0.0015
2026-05-05 22:10:03,81,"HSR Layout, Bengaluru",49,0.14,0.0015
2026-05-05 22:09:51,81,"HSR Layout, Bengaluru",49,0.14,0.0015
2026-05-05 22:09:39,81,"HSR Layout, Bengaluru",49,0.14,0.0015
2026-05-05 22:09:27,81,"HSR Layout, Bengaluru",49,0.14,0.0015
2026-05-05 22:09:15,79,"HSR Layout, Bengaluru",48,0.14,0.0014
2026-05-05 22:09:03,78,"HSR Layout, Bengaluru",47,0.14,0.0014
2026-05-05 22:08:51,78,"HSR Layout, Bengaluru",47,0.13,0.0014
2026-05-05 22:08:39,74,"HSR Layout, Bengaluru",45,0.13,0.0013
2026-05-05 22:08:27,67,"HSR Layout, Bengaluru",41,0.13,0.0012
2026-05-05 22:08:15,62,"HSR Layout, Bengaluru",38,0.13,0.0011
2026-05-05 22:08:03,59,"HSR Layout, Bengaluru",36,0.13,0.0010
2026-05-05 22:07:51,57,"HSR Layout, Bengaluru",35,0.13,0.0009
2026-05-05 22:07:39,62,"HSR Layout, Bengaluru",38,0.13,0.0011
2026-05-05 22:07:27,62,"HSR Layout, Bengaluru",38,0.13,0.0011
2026-05-05 22:07:15,61,"HSR Layout, Bengaluru",37,0.13,0.0010
2026-05-05 22:07:03,61,"HSR Layout, Bengaluru",37,0.13,0.0010
2026-05-05 22:06:51,61,"HSR Layout, Bengaluru",37,0.13,0.0010
2026-05-05 22:06:39,64,"HSR Layout, Bengaluru",39,0.13,0.0011
2026-05-05 22:06:27,64,"HSR Layout, Bengaluru",39,0.13,0.0011
2026-05-05 22:06:15,61,"HSR Layout, Bengaluru",37,0.13,0.0010
2026-05-05 22:06:03,61,"HSR Layout, Bengaluru",37,0.13,0.0010
2026-05-05 22:05:51,62,"HSR Layout, Bengaluru",38,0.13,0.0011
2026-05-05 22:05:39,66,"HSR Layout, Bengaluru",40,0.13,0.0011
2026-05-05 22:05:27,71,"HSR Layout, Bengaluru",43,0.13,0.0013
2026-05-05 22:05:18,81,"HSR Layout, Bengaluru",49,0.13,0.0015
2026-05-05 22:05:06,89,"HSR Layout, Bengaluru",54,0.13,0.0017
2026-05-05 22:05:02,79,"HSR Layout, Bengaluru",48,0.13,0.0014
2026-05-05 22:04:58,69,"HSR Layout, Bengaluru",42,0.13,0.0012
2026-05-05 22:04:46,59,"HSR Layout, Bengaluru",36,0.13,0.0010
2026-05-05 22:04:35,61,"HSR Layout, Bengaluru",37,0.13,0.0010
2026-05-05 22:04:23,62,"HSR Layout, Bengaluru",38,0.13,0.0011
2026-05-05 22:04:11,62,"HSR Layout, Bengaluru",38,0.13,0.0011
2026-05-05 22:03:59,62,"HSR Layout, Bengaluru",38,0.13,0.0011
2026-05-05 22:03:47,57,"HSR Layout, Bengaluru",35,0.13,0.0009
2026-05-05 22:03:35,61,"HSR Layout, Bengaluru",37,0.13,0.0010
2026-05-05 22:03:23,61,"HSR Layout, Bengaluru",37,0.13,0.0010
2026-05-05 22:03:11,62,"HSR Layout, Bengaluru",38,0.13,0.0011
2026-05-05 22:02:59,62,"HSR Layout, Bengaluru",38,0.13,0.0011
2026-05-05 22:02:47,61,"HSR Layout, Bengaluru",37,0.13,0.0010
2026-05-05 22:02:47,61,"HSR Layout, Bengaluru",37,0.13,0.0010
2026-05-05 22:02:47,61,"HSR Layout, Bengaluru",37,0.13,0.0010
2026-05-05 22:02:47,61,"HSR Layout, Bengaluru",37,0.13,0.0010
2026-05-05 22:02:35,57,"HSR Layout, Bengaluru",35,0.13,0.0009
2026-05-05 22:02:23,59,"HSR Layout, Bengaluru",36,0.13,0.0010
2026-05-05 22:02:11,59,"HSR Layout, Bengaluru",36,0.13,0.0010
2026-05-05 22:01:59,59,"HSR Layout, Bengaluru",36,0.13,0.0010
2026-05-05 22:01:47,59,"HSR Layout, Bengaluru",36,0.13,0.0010
2026-05-05 22:01:35,62,"HSR Layout, Bengaluru",38,0.13,0.0011
2026-05-05 22:01:23,62,"HSR Layout, Bengaluru",38,0.13,0.0011
2026-05-05 22:01:11,57,"HSR Layout, Bengaluru",35,0.13,0.0009
2026-05-05 22:00:58,61,"HSR Layout, Bengaluru",37,0.13,0.0010
2026-05-05 22:00:47,62,"HSR Layout, Bengaluru",38,0.13,0.0011
2026-05-05 22:00:35,62,"HSR Layout, Bengaluru",38,0.13,0.0011
2026-05-05 22:00:23,61,"HSR Layout, Bengaluru",37,0.13,0.0010
2026-05-05 22:00:11,61,"HSR Layout, Bengaluru",37,0.13,0.0010
2026-05-05 21:59:58,62,"HSR Layout, Bengaluru",38,0.13,0.0011
2026-05-05 21:59:47,59,"HSR Layout, Bengaluru",36,0.13,0.0010
2026-05-05 21:59:34,57,"HSR Layout, Bengaluru",35,0.13,0.0009
2026-05-05 21:59:23,59,"HSR Layout, Bengaluru",36,0.13,0.0010
2026-05-05 21:59:11,61,"HSR Layout, Bengaluru",37,0.13,0.0010
2026-05-05 21:58:59,59,"HSR Layout, Bengaluru",36,0.13,0.0010
2026-05-05 21:58:47,61,"HSR Layout, Bengaluru",37,0.13,0.0010
2026-05-05 21:58:35,57,"HSR Layout, Bengaluru",35,0.13,0.0009
2026-05-05 21:58:23,61,"HSR Layout, Bengaluru",37,0.13,0.0010
2026-05-05 21:58:11,59,"HSR Layout, Bengaluru",36,0.13,0.0010
2026-05-05 21:57:59,62,"HSR Layout, Bengaluru",38,0.13,0.0011
2026-05-05 21:57:47,61,"HSR Layout, Bengaluru",37,0.13,0.0010
2026-05-05 21:57:36,62,"HSR Layout, Bengaluru",38,0.13,0.0011
2026-05-05 21:57:35,62,"HSR Layout, Bengaluru",38,0.13,0.0011
2026-05-05 21:57:35,62,"HSR Layout, Bengaluru",38,0.13,0.0011
2026-05-05 21:57:35,62,"HSR Layout, Bengaluru",38,0.13,0.0011
2026-05-05 21:57:23,64,"HSR Layout, Bengaluru",39,0.13,0.0011
2026-05-05 21:57:11,62,"HSR Layout, Bengaluru",38,0.13,0.0011
2026-05-05 21:56:58,61,"HSR Layout, Bengaluru",37,0.13,0.0010
2026-05-05 21:56:47,59,"HSR Layout, Bengaluru",36,0.13,0.0010
2026-05-05 21:56:35,57,"HSR Layout, Bengaluru",35,0.13,0.0009
2026-05-05 21:56:22,59,"HSR Layout, Bengaluru",36,0.13,0.0010
2026-05-05 21:56:10,57,"HSR Layout, Bengaluru",35,0.13,0.0009
2026-05-05 21:55:58,59,"HSR Layout, Bengaluru",36,0.13,0.0010
2026-05-05 21:55:47,56,"HSR Layout, Bengaluru",34,0.13,0.0009
2026-05-05 21:55:35,59,"HSR Layout, Bengaluru",36,0.13,0.0010
2026-05-05 21:55:23,59,"HSR Layout, Bengaluru",36,0.13,0.0010
2026-05-05 21:55:11,59,"HSR Layout, Bengaluru",36,0.13,0.0010
2026-05-05 21:54:59,61,"HSR Layout, Bengaluru",37,0.13,0.0010
2026-05-05 21:54:46,57,"HSR Layout, Bengaluru",35,0.13,0.0009
2026-05-05 21:54:35,59,"HSR Layout, Bengaluru",36,0.13,0.0010
2026-05-05 21:54:23,57,"HSR Layout, Bengaluru",35,0.13,0.0009
2026-05-05 21:54:10,57,"HSR Layout, Bengaluru",35,0.13,0.0009
2026-05-05 21:53:58,59,"HSR Layout, Bengaluru",36,0.13,0.0010
2026-05-05 21:53:46,59,"HSR Layout, Bengaluru",36,0.13,0.0010
2026-05-05 21:53:34,61,"HSR Layout, Bengaluru",37,0.13,0.0010
2026-05-05 21:53:22,62,"HSR Layout, Bengaluru",38,0.13,0.0011
2026-05-05 21:53:10,61,"HSR Layout, Bengaluru",37,0.13,0.0010
2026-05-05 21:52:58,61,"HSR Layout, Bengaluru",37,0.13,0.0010
2026-05-05 21:52:46,61,"HSR Layout, Bengaluru",37,0.12,0.0010
2026-05-05 21:52:34,59,"HSR Layout, Bengaluru",36,0.12,0.0010
2026-05-05 21:52:23,57,"HSR Layout, Bengaluru",35,0.12,0.0009
2026-05-05 21:52:23,57,"HSR Layout, Bengaluru",35,0.12,0.0009
2026-05-05 21:52:23,57,"HSR Layout, Bengaluru",35,0.12,0.0009
2026-05-05 21:52:02,57,"HSR Layout, Bengaluru",35,0.12,0.0009
2026-05-05 21:51:50,59,"HSR Layout, Bengaluru",36,0.13,0.0010
2026-05-05 21:51:37,57,"HSR Layout, Bengaluru",35,0.13,0.0009
2026-05-05 21:51:23,57,"HSR Layout, Bengaluru",35,0.13,0.0009
2026-05-05 21:51:14,61,"HSR Layout, Bengaluru",37,0.13,0.0010
2026-05-05 21:51:02,61,"HSR Layout, Bengaluru",37,0.13,0.0010
2026-05-05 21:50:50,61,"HSR Layout, Bengaluru",37,0.13,0.0010
2026-05-05 21:50:38,61,"HSR Layout, Bengaluru",37,0.13,0.0010
2026-05-05 21:50:26,59,"HSR Layout, Bengaluru",36,0.13,0.0010
2026-05-05 21:50:14,59,"HSR Layout, Bengaluru",36,0.13,0.0010
2026-05-05 21:50:02,59,"HSR Layout, Bengaluru",36,0.13,0.0010
2026-05-05 21:49:50,57,"HSR Layout, Bengaluru",35,0.13,0.0009
2026-05-05 21:49:38,61,"HSR Layout, Bengaluru",37,0.13,0.0010
2026-05-05 21:49:26,57,"HSR Layout, Bengaluru",35,0.13,0.0009
2026-05-05 21:49:14,59,"HSR Layout, Bengaluru",36,0.13,0.0010
2026-05-05 21:49:01,57,"HSR Layout, Bengaluru",35,0.13,0.0009
2026-05-05 21:48:49,57,"HSR Layout, Bengaluru",35,0.13,0.0009
2026-05-05 21:48:41,57,"HSR Layout, Bengaluru",35,0.13,0.0009
2026-05-05 21:48:41,57,"HSR Layout, Bengaluru",35,0.13,0.0009
2026-05-05 21:48:38,57,"HSR Layout, Bengaluru",35,0.13,0.0009
2026-05-05 21:48:38,57,"HSR Layout, Bengaluru",35,0.13,0.0009
2026-05-05 21:48:26,59,"HSR Layout, Bengaluru",36,0.13,0.0010
2026-05-05 21:48:14,57,"HSR Layout, Bengaluru",35,0.13,0.0009
2026-05-05 21:48:02,59,"HSR Layout, Bengaluru",36,0.13,0.0010
2026-05-05 21:47:50,57,"HSR Layout, Bengaluru",35,0.13,0.0009
2026-05-05 21:47:38,57,"HSR Layout, Bengaluru",35,0.13,0.0009
2026-05-05 21:47:26,59,"HSR Layout, Bengaluru",36,0.13,0.0010
2026-05-05 21:47:14,56,"HSR Layout, Bengaluru",34,0.13,0.0009
2026-05-05 21:47:02,59,"HSR Layout, Bengaluru",36,0.13,0.0010
2026-05-05 21:46:50,59,"HSR Layout, Bengaluru",36,0.12,0.0010
2026-05-05 21:46:38,57,"HSR Layout, Bengaluru",35,0.12,0.0009
2026-05-05 21:46:26,57,"HSR Layout, Bengaluru",35,0.12,0.0009
2026-05-05 21:46:13,57,"HSR Layout, Bengaluru",35,0.12,0.0009
2026-05-05 21:46:01,57,"HSR Layout, Bengaluru",35,0.12,0.0009
2026-05-05 21:45:50,57,"HSR Layout, Bengaluru",35,0.12,0.0009
2026-05-05 21:45:38,57,"HSR Layout, Bengaluru",35,0.12,0.0009
2026-05-05 21:45:25,59,"HSR Layout, Bengaluru",36,0.12,0.0010
2026-05-05 21:45:11,57,"HSR Layout, Bengaluru",35,0.12,0.0009
2026-05-05 21:45:01,59,"HSR Layout, Bengaluru",36,0.12,0.0010
2026-05-05 21:44:50,59,"HSR Layout, Bengaluru",36,0.12,0.0010
2026-05-05 21:44:37,62,"HSR Layout, Bengaluru",38,0.12,0.0011
2026-05-05 21:44:26,59,"HSR Layout, Bengaluru",36,0.12,0.0010
2026-05-05 21:44:14,57,"HSR Layout, Bengaluru",35,0.12,0.0009
2026-05-05 21:44:02,57,"HSR Layout, Bengaluru",35,0.12,0.0009
2026-05-05 21:43:49,57,"HSR Layout, Bengaluru",35,0.12,0.0009
2026-05-05 21:43:41,57,"HSR Layout, Bengaluru",35,0.12,0.0009
2026-05-05 21:43:28,61,"HSR Layout, Bengaluru",37,0.12,0.0010
2026-05-05 21:43:28,61,"HSR Layout, Bengaluru",37,0.12,0.0010
2026-05-05 21:43:28,61,"HSR Layout, Bengaluru",37,0.12,0.0010
2026-05-05 21:43:26,61,"HSR Layout, Bengaluru",37,0.12,0.0010
2026-05-05 21:43:13,62,"HSR Layout, Bengaluru",38,0.12,0.0011
2026-05-05 21:43:02,62,"HSR Layout, Bengaluru",38,0.12,0.0011
2026-05-05 21:42:50,66,"HSR Layout, Bengaluru",40,0.13,0.0011
2026-05-05 21:42:37,64,"HSR Layout, Bengaluru",39,0.13,0.0011
2026-05-05 21:42:26,61,"HSR Layout, Bengaluru",37,0.13,0.0010
2026-05-05 21:42:14,57,"HSR Layout, Bengaluru",35,0.13,0.0009
2026-05-05 21:42:01,57,"HSR Layout, Bengaluru",35,0.13,0.0009
2026-05-05 21:41:49,56,"HSR Layout, Bengaluru",34,0.12,0.0009
2026-05-05 21:41:35,57,"HSR Layout, Bengaluru",35,0.12,0.0009
2026-05-05 21:41:26,56,"HSR Layout, Bengaluru",34,0.12,0.0009
2026-05-05 21:41:14,57,"HSR Layout, Bengaluru",35,0.12,0.0009
2026-05-05 21:41:02,54,"HSR Layout, Bengaluru",33,0.12,0.0009
2026-05-05 21:40:49,57,"HSR Layout, Bengaluru",35,0.12,0.0009
2026-05-05 21:40:37,59,"HSR Layout, Bengaluru",36,0.12,0.0010
2026-05-05 21:40:25,57,"HSR Layout, Bengaluru",35,0.12,0.0009
2026-05-05 21:40:14,56,"HSR Layout, Bengaluru",34,0.12,0.0009
2026-05-05 21:40:02,56,"HSR Layout, Bengaluru",34,0.12,0.0009
2026-05-05 21:39:48,57,"HSR Layout, Bengaluru",35,0.13,0.0009
2026-05-05 21:39:37,57,"HSR Layout, Bengaluru",35,0.13,0.0009
2026-05-05 21:39:25,59,"HSR Layout, Bengaluru",36,0.13,0.0010
2026-05-05 21:39:13,56,"HSR Layout, Bengaluru",34,0.13,0.0009
2026-05-05 21:39:01,59,"HSR Layout, Bengaluru",36,0.13,0.0010
2026-05-05 21:38:50,59,"HSR Layout, Bengaluru",36,0.12,0.0010
2026-05-05 21:38:36,59,"HSR Layout, Bengaluru",36,0.12,0.0010
2026-05-05 21:38:28,57,"HSR Layout, Bengaluru",35,0.12,0.0009
2026-05-05 21:38:16,59,"HSR Layout, Bengaluru",36,0.12,0.0010
2026-05-05 21:38:16,59,"HSR Layout, Bengaluru",36,0.12,0.0010
2026-05-05 21:38:16,59,"HSR Layout, Bengaluru",36,0.12,0.0010
2026-05-05 21:38:16,59,"HSR Layout, Bengaluru",36,0.12,0.0010
2026-05-05 21:38:01,57,"HSR Layout, Bengaluru",35,0.12,0.0009
2026-05-05 21:37:50,57,"HSR Layout, Bengaluru",35,0.12,0.0009
2026-05-05 21:37:34,59,"HSR Layout, Bengaluru",36,0.12,0.0010
2026-05-05 21:37:22,57,"HSR Layout, Bengaluru",35,0.12,0.0009
2026-05-05 21:37:10,56,"HSR Layout, Bengaluru",34,0.12,0.0009
2026-05-05 21:36:58,56,"HSR Layout, Bengaluru",34,0.12,0.0009
2026-05-05 21:36:46,56,"HSR Layout, Bengaluru",34,0.12,0.0009
2026-05-05 21:36:34,56,"HSR Layout, Bengaluru",34,0.12,0.0009
2026-05-05 21:36:22,56,"HSR Layout, Bengaluru",34,0.12,0.0009
2026-05-05 21:36:10,56,"HSR Layout, Bengaluru",34,0.12,0.0009
2026-05-05 21:35:58,59,"HSR Layout, Bengaluru",36,0.12,0.0010
2026-05-05 21:35:46,57,"HSR Layout, Bengaluru",35,0.12,0.0009
2026-05-05 21:35:34,56,"HSR Layout, Bengaluru",34,0.12,0.0009
2026-05-05 21:35:22,57,"HSR Layout, Bengaluru",35,0.12,0.0009
2026-05-05 21:35:10,54,"HSR Layout, Bengaluru",33,0.12,0.0009
2026-05-05 21:34:58,56,"HSR Layout, Bengaluru",34,0.12,0.0009
2026-05-05 21:34:46,56,"HSR Layout, Bengaluru",34,0.12,0.0009
2026-05-05 21:34:34,56,"HSR Layout, Bengaluru",34,0.12,0.0009
2026-05-05 21:34:22,56,"HSR Layout, Bengaluru",34,0.12,0.0009
2026-05-05 21:34:15,54,"HSR Layout, Bengaluru",33,0.12,0.0009
2026-05-05 21:34:01,52,"HSR Layout, Bengaluru",32,0.12,0.0008
2026-05-05 21:33:47,56,"HSR Layout, Bengaluru",34,0.12,0.0009
2026-05-05 21:33:34,56,"HSR Layout, Bengaluru",34,0.12,0.0009
2026-05-05 21:33:23,54,"HSR Layout, Bengaluru",33,0.12,0.0009
2026-05-05 21:33:13,54,"HSR Layout, Bengaluru",33,0.12,0.0009
2026-05-05 21:33:03,57,"HSR Layout, Bengaluru",35,0.12,0.0009
2026-05-05 21:33:03,57,"HSR Layout, Bengaluru",35,0.12,0.0009
2026-05-05 21:33:03,57,"HSR Layout, Bengaluru",35,0.12,0.0009
2026-05-05 21:33:01,57,"HSR Layout, Bengaluru",35,0.12,0.0009
2026-05-05 21:32:46,54,"HSR Layout, Bengaluru",33,0.12,0.0009
2026-05-05 21:32:34,56,"HSR Layout, Bengaluru",34,0.12,0.0009
2026-05-05 21:32:22,56,"HSR Layout, Bengaluru",34,0.12,0.0009
2026-05-05 21:32:10,54,"HSR Layout, Bengaluru",33,0.12,0.0009
2026-05-05 21:31:58,56,"HSR Layout, Bengaluru",34,0.12,0.0009
2026-05-05 21:31:46,57,"HSR Layout, Bengaluru",35,0.12,0.0009
2026-05-05 21:31:34,57,"HSR Layout, Bengaluru",35,0.12,0.0009
2026-05-05 21:31:22,59,"HSR Layout, Bengaluru",36,0.12,0.0010
2026-05-05 21:31:10,61,"HSR Layout, Bengaluru",37,0.12,0.0010
2026-05-05 21:30:58,59,"HSR Layout, Bengaluru",36,0.12,0.0010
2026-05-05 21:30:46,57,"HSR Layout, Bengaluru",35,0.12,0.0009
2026-05-05 21:30:34,56,"HSR Layout, Bengaluru",34,0.12,0.0009
2026-05-05 21:30:22,57,"HSR Layout, Bengaluru",35,0.12,0.0009
2026-05-05 21:30:10,59,"HSR Layout, Bengaluru",36,0.12,0.0010
2026-05-05 21:29:58,57,"HSR Layout, Bengaluru",35,0.12,0.0009
2026-05-05 21:29:46,57,"HSR Layout, Bengaluru",35,0.12,0.0009
2026-05-05 21:29:35,56,"HSR Layout, Bengaluru",34,0.12,0.0009
2026-05-05 21:29:22,56,"HSR Layout, Bengaluru",34,0.12,0.0009
2026-05-05 21:29:10,54,"HSR Layout, Bengaluru",33,0.12,0.0009
2026-05-05 21:29:00,54,"HSR Layout, Bengaluru",33,0.12,0.0009
2026-05-05 21:28:49,57,"HSR Layout, Bengaluru",35,0.12,0.0009
2026-05-05 21:28:34,57,"HSR Layout, Bengaluru",35,0.12,0.0009
2026-05-05 21:28:22,57,"HSR Layout, Bengaluru",35,0.12,0.0009
2026-05-05 21:28:10,56,"HSR Layout, Bengaluru",34,0.12,0.0009
2026-05-05 21:27:58,56,"HSR Layout, Bengaluru",34,0.12,0.0009
2026-05-05 21:27:48,57,"HSR Layout, Bengaluru",35,0.12,0.0009
2026-05-05 21:27:48,57,"HSR Layout, Bengaluru",35,0.12,0.0009
2026-05-05 21:27:48,57,"HSR Layout, Bengaluru",35,0.12,0.0009
2026-05-05 21:27:34,57,"HSR Layout, Bengaluru",35,0.12,0.0009
2026-05-05 21:27:22,56,"HSR Layout, Bengaluru",34,0.12,0.0009
2026-05-05 21:27:15,59,"HSR Layout, Bengaluru",36,0.12,0.0010
2026-05-05 21:27:05,57,"HSR Layout, Bengaluru",35,0.12,0.0009
2026-05-05 21:26:54,56,"HSR Layout, Bengaluru",34,0.12,0.0009
2026-05-05 21:26:34,57,"HSR Layout, Bengaluru",35,0.12,0.0009
2026-05-05 21:26:22,56,"HSR Layout, Bengaluru",34,0.12,0.0009
2026-05-05 21:26:10,59,"HSR Layout, Bengaluru",36,0.12,0.0010
2026-05-05 21:25:58,59,"HSR Layout, Bengaluru",36,0.12,0.0010
2026-05-05 21:25:46,57,"HSR Layout, Bengaluru",35,0.12,0.0009
2026-05-05 21:25:34,57,"HSR Layout, Bengaluru",35,0.12,0.0009
2026-05-05 21:25:27,57,"HSR Layout, Bengaluru",35,0.12,0.0009
2026-05-05 21:25:10,56,"HSR Layout, Bengaluru",34,0.12,0.0009
2026-05-05 21:25:01,56,"HSR Layout, Bengaluru",34,0.12,0.0009
2026-05-05 21:24:46,57,"HSR Layout, Bengaluru",35,0.12,0.0009
2026-05-05 21:24:34,56,"HSR Layout, Bengaluru",34,0.12,0.0009
2026-05-05 21:24:22,57,"HSR Layout, Bengaluru",35,0.12,0.0009
2026-05-05 21:24:10,56,"HSR Layout, Bengaluru",34,0.12,0.0009
2026-05-05 21:23:58,56,"HSR Layout, Bengaluru",34,0.12,0.0009
2026-05-05 21:23:46,57,"HSR Layout, Bengaluru",35,0.12,0.0009
2026-05-05 21:23:34,56,"HSR Layout, Bengaluru",34,0.12,0.0009
2026-05-05 21:23:22,57,"HSR Layout, Bengaluru",35,0.12,0.0009
2026-05-05 21:23:11,56,"HSR Layout, Bengaluru",34,0.12,0.0009
2026-05-05 21:22:58,56,"HSR Layout, Bengaluru",34,0.12,0.0009
2026-05-05 21:22:49,57,"HSR Layout, Bengaluru",35,0.12,0.0009
2026-05-05 21:22:42,56,"HSR Layout, Bengaluru",34,0.12,0.0009
2026-05-05 21:22:42,56,"HSR Layout, Bengaluru",34,0.12,0.0009
2026-05-05 21:22:40,56,"HSR Layout, Bengaluru",34,0.12,0.0009
2026-05-05 21:22:22,56,"HSR Layout, Bengaluru",34,0.12,0.0009
2026-05-05 21:22:10,57,"HSR Layout, Bengaluru",35,0.12,0.0009
2026-05-05 21:21:58,57,"HSR Layout, Bengaluru",35,0.12,0.0009
2026-05-05 21:21:46,56,"HSR Layout, Bengaluru",34,0.12,0.0009
2026-05-05 21:21:34,56,"HSR Layout, Bengaluru",34,0.12,0.0009
2026-05-05 21:21:22,57,"HSR Layout, Bengaluru",35,0.12,0.0009
2026-05-05 21:21:10,57,"HSR Layout, Bengaluru",35,0.12,0.0009
2026-05-05 21:20:58,57,"HSR Layout, Bengaluru",35,0.12,0.0009
2026-05-05 21:20:46,59,"HSR Layout, Bengaluru",36,0.12,0.0010
2026-05-05 21:20:34,62,"HSR Layout, Bengaluru",38,0.12,0.0011
2026-05-05 21:20:22,64,"HSR Layout, Bengaluru",39,0.12,0.0011
2026-05-05 21:20:10,64,"HSR Layout, Bengaluru",39,0.12,0.0011
2026-05-05 21:19:58,61,"HSR Layout, Bengaluru",37,0.12,0.0010
2026-05-05 21:19:46,62,"HSR Layout, Bengaluru",38,0.12,0.0011
2026-05-05 21:19:34,62,"HSR Layout, Bengaluru",38,0.12,0.0011
2026-05-05 21:19:22,62,"HSR Layout, Bengaluru",38,0.12,0.0011
2026-05-05 21:19:10,57,"HSR Layout, Bengaluru",35,0.12,0.0009
2026-05-05 21:18:58,57,"HSR Layout, Bengaluru",35,0.12,0.0009
2026-05-05 21:18:46,56,"HSR Layout, Bengaluru",34,0.12,0.0009
2026-05-05 21:18:34,57,"HSR Layout, Bengaluru",35,0.12,0.0009
2026-05-05 21:18:22,56,"HSR Layout, Bengaluru",34,0.12,0.0009
2026-05-05 21:18:10,56,"HSR Layout, Bengaluru",34,0.12,0.0009
2026-05-05 21:17:58,54,"HSR Layout, Bengaluru",33,0.12,0.0009
2026-05-05 21:17:46,57,"HSR Layout, Bengaluru",35,0.12,0.0009
2026-05-05 21:17:37,52,"HSR Layout, Bengaluru",32,0.12,0.0008
2026-05-05 21:17:31,54,"HSR Layout, Bengaluru",33,0.12,0.0009
2026-05-05 21:17:29,54,"HSR Layout, Bengaluru",33,0.12,0.0009
2026-05-05 21:17:10,57,"HSR Layout, Bengaluru",35,0.12,0.0009
2026-05-05 21:16:58,54,"HSR Layout, Bengaluru",33,0.12,0.0009
2026-05-05 21:16:46,57,"HSR Layout, Bengaluru",35,0.12,0.0009
2026-05-05 21:16:34,57,"HSR Layout, Bengaluru",35,0.12,0.0009
2026-05-05 21:16:22,56,"HSR Layout, Bengaluru",34,0.12,0.0009
2026-05-05 21:16:10,54,"HSR Layout, Bengaluru",33,0.12,0.0009
2026-05-05 21:15:58,56,"HSR Layout, Bengaluru",34,0.12,0.0009
2026-05-05 21:15:46,56,"HSR Layout, Bengaluru",34,0.12,0.0009
2026-05-05 21:15:34,57,"HSR Layout, Bengaluru",35,0.12,0.0009
2026-05-05 21:15:22,57,"HSR Layout, Bengaluru",35,0.12,0.0009
2026-05-05 21:15:10,54,"HSR Layout, Bengaluru",33,0.12,0.0009
2026-05-05 21:14:58,52,"HSR Layout, Bengaluru",32,0.12,0.0008
2026-05-05 21:14:46,54,"HSR Layout, Bengaluru",33,0.13,0.0009
2026-05-05 21:14:36,54,"HSR Layout, Bengaluru",33,0.13,0.0009
2026-05-05 21:14:22,54,"HSR Layout, Bengaluru",33,0.13,0.0009
2026-05-05 21:14:10,56,"HSR Layout, Bengaluru",34,0.13,0.0009
2026-05-05 21:13:58,57,"HSR Layout, Bengaluru",35,0.13,0.0009
2026-05-05 21:13:46,54,"HSR Layout, Bengaluru",33,0.13,0.0009
2026-05-05 21:13:36,54,"HSR Layout, Bengaluru",33,0.13,0.0009
2026-05-05 21:13:22,52,"HSR Layout, Bengaluru",32,0.13,0.0008
2026-05-05 21:13:10,54,"HSR Layout, Bengaluru",33,0.13,0.0009
2026-05-05 21:12:58,52,"HSR Layout, Bengaluru",32,0.13,0.0008
2026-05-05 21:12:46,54,"HSR Layout, Bengaluru",33,0.12,0.0009
2026-05-05 21:12:34,54,"HSR Layout, Bengaluru",33,0.12,0.0009
2026-05-05 21:12:25,57,"HSR Layout, Bengaluru",35,0.12,0.0009
2026-05-05 21:12:19,57,"HSR Layout, Bengaluru",35,0.12,0.0009
2026-05-05 21:12:16,57,"HSR Layout, Bengaluru",35,0.12,0.0009
2026-05-05 21:11:58,61,"HSR Layout, Bengaluru",37,0.12,0.0010
2026-05-05 21:11:46,56,"HSR Layout, Bengaluru",34,0.12,0.0009
2026-05-05 21:11:34,56,"HSR Layout, Bengaluru",34,0.12,0.0009
2026-05-05 21:11:22,57,"HSR Layout, Bengaluru",35,0.12,0.0009
2026-05-05 21:11:10,57,"HSR Layout, Bengaluru",35,0.12,0.0009
2026-05-05 21:10:58,57,"HSR Layout, Bengaluru",35,0.12,0.0009
2026-05-05 21:10:46,56,"HSR Layout, Bengaluru",34,0.12,0.0009
2026-05-05 21:10:34,57,"HSR Layout, Bengaluru",35,0.12,0.0009
2026-05-05 21:10:22,56,"HSR Layout, Bengaluru",34,0.12,0.0009
2026-05-05 21:10:10,59,"HSR Layout, Bengaluru",36,0.12,0.0010
2026-05-05 21:09:58,57,"HSR Layout, Bengaluru",35,0.12,0.0009
2026-05-05 21:09:46,59,"HSR Layout, Bengaluru",36,0.12,0.0010
2026-05-05 21:09:34,59,"HSR Layout, Bengaluru",36,0.12,0.0010
2026-05-05 21:09:22,57,"HSR Layout, Bengaluru",35,0.12,0.0009
2026-05-05 21:09:10,59,"HSR Layout, Bengaluru",36,0.12,0.0010
2026-05-05 21:08:58,57,"HSR Layout, Bengaluru",35,0.12,0.0009
2026-05-05 21:08:46,57,"HSR Layout, Bengaluru",35,0.12,0.0009
2026-05-05 21:08:34,57,"HSR Layout, Bengaluru",35,0.12,0.0009
2026-05-05 21:08:22,56,"HSR Layout, Bengaluru",34,0.12,0.0009
2026-05-05 21:08:10,59,"HSR Layout, Bengaluru",36,0.12,0.0010
2026-05-05 21:07:58,59,"HSR Layout, Bengaluru",36,0.12,0.0010
2026-05-05 21:07:46,57,"HSR Layout, Bengaluru",35,0.12,0.0009
2026-05-05 21:07:34,56,"HSR Layout, Bengaluru",34,0.12,0.0009
2026-05-05 21:07:22,56,"HSR Layout, Bengaluru",34,0.12,0.0009
2026-05-05 21:07:14,57,"HSR Layout, Bengaluru",35,0.12,0.0009
2026-05-05 21:07:07,59,"HSR Layout, Bengaluru",36,0.12,0.0010
2026-05-05 21:07:07,59,"HSR Layout, Bengaluru",36,0.12,0.0010
2026-05-05 21:07:05,59,"HSR Layout, Bengaluru",36,0.12,0.0010
2026-05-05 21:06:46,59,"HSR Layout, Bengaluru",36,0.13,0.0010
2026-05-05 21:06:34,57,"HSR Layout, Bengaluru",35,0.13,0.0009
2026-05-05 21:06:22,57,"HSR Layout, Bengaluru",35,0.13,0.0009
2026-05-05 21:06:10,57,"HSR Layout, Bengaluru",35,0.13,0.0009
2026-05-05 21:05:58,56,"HSR Layout, Bengaluru",34,0.13,0.0009
2026-05-05 21:05:46,59,"HSR Layout, Bengaluru",36,0.13,0.0010
2026-05-05 21:05:34,61,"HSR Layout, Bengaluru",37,0.13,0.0010
2026-05-05 21:05:22,59,"HSR Layout, Bengaluru",36,0.13,0.0010
2026-05-05 21:05:10,57,"HSR Layout, Bengaluru",35,0.13,0.0009
2026-05-05 21:04:58,59,"HSR Layout, Bengaluru",36,0.13,0.0010
2026-05-05 21:04:46,56,"HSR Layout, Bengaluru",34,0.12,0.0009
2026-05-05 21:04:34,56,"HSR Layout, Bengaluru",34,0.12,0.0009
2026-05-05 21:04:22,57,"HSR Layout, Bengaluru",35,0.12,0.0009
2026-05-05 21:04:10,57,"HSR Layout, Bengaluru",35,0.12,0.0009
2026-05-05 21:03:58,57,"HSR Layout, Bengaluru",35,0.12,0.0009
2026-05-05 21:03:46,59,"HSR Layout, Bengaluru",36,0.12,0.0010
2026-05-05 21:03:34,57,"HSR Layout, Bengaluru",35,0.12,0.0009
2026-05-05 21:03:22,56,"HSR Layout, Bengaluru",34,0.12,0.0009
2026-05-05 21:03:10,59,"HSR Layout, Bengaluru",36,0.12,0.0010
2026-05-05 21:02:58,57,"HSR Layout, Bengaluru",35,0.12,0.0009
2026-05-05 21:02:46,56,"HSR Layout, Bengaluru",34,0.13,0.0009
2026-05-05 21:02:34,56,"HSR Layout, Bengaluru",34,0.13,0.0009
2026-05-05 21:02:22,56,"HSR Layout, Bengaluru",34,0.13,0.0009
2026-05-05 21:02:10,57,"HSR Layout, Bengaluru",35,0.13,0.0009
2026-05-05 21:02:03,59,"HSR Layout, Bengaluru",36,0.13,0.0010
2026-05-05 21:01:55,56,"HSR Layout, Bengaluru",34,0.12,0.0009
2026-05-05 21:01:55,56,"HSR Layout, Bengaluru",34,0.12,0.0009
2026-05-05 21:01:55,56,"HSR Layout, Bengaluru",34,0.12,0.0009
2026-05-05 21:01:53,56,"HSR Layout, Bengaluru",34,0.12,0.0009
2026-05-05 21:01:34,57,"HSR Layout, Bengaluru",35,0.12,0.0009
2026-05-05 21:01:22,59,"HSR Layout, Bengaluru",36,0.12,0.0010
2026-05-05 21:01:10,57,"HSR Layout, Bengaluru",35,0.12,0.0009
2026-05-05 21:00:58,61,"HSR Layout, Bengaluru",37,0.12,0.0010
2026-05-05 21:00:46,56,"HSR Layout, Bengaluru",34,0.12,0.0009
2026-05-05 21:00:34,56,"HSR Layout, Bengaluru",34,0.12,0.0009
2026-05-05 21:00:22,57,"HSR Layout, Bengaluru",35,0.12,0.0009
2026-05-05 21:00:10,54,"HSR Layout, Bengaluru",33,0.12,0.0009
2026-05-05 20:59:58,57,"HSR Layout, Bengaluru",35,0.12,0.0009
2026-05-05 20:59:46,57,"HSR Layout, Bengaluru",35,0.12,0.0009
2026-05-05 20:59:34,56,"HSR Layout, Bengaluru",34,0.12,0.0009
2026-05-05 20:59:22,57,"HSR Layout, Bengaluru",35,0.12,0.0009
2026-05-05 20:59:10,57,"HSR Layout, Bengaluru",35,0.12,0.0009
2026-05-05 20:58:58,57,"HSR Layout, Bengaluru",35,0.12,0.0009
2026-05-05 20:58:46,57,"HSR Layout, Bengaluru",35,0.12,0.0009
2026-05-05 20:58:34,56,"HSR Layout, Bengaluru",34,0.12,0.0009
2026-05-05 20:58:22,56,"HSR Layout, Bengaluru",34,0.12,0.0009
2026-05-05 20:58:10,56,"HSR Layout, Bengaluru",34,0.12,0.0009
2026-05-05 20:57:58,59,"HSR Layout, Bengaluru",36,0.12,0.0010
2026-05-05 20:57:46,61,"HSR Layout, Bengaluru",37,0.12,0.0010
2026-05-05 20:57:34,57,"HSR Layout, Bengaluru",35,0.12,0.0009
2026-05-05 20:57:22,61,"HSR Layout, Bengaluru",37,0.12,0.0010
2026-05-05 20:57:10,59,"HSR Layout, Bengaluru",36,0.12,0.0010
2026-05-05 20:57:01,59,"HSR Layout, Bengaluru",36,0.12,0.0010
2026-05-05 20:56:55,57,"HSR Layout, Bengaluru",35,0.12,0.0009
2026-05-05 20:56:44,57,"HSR Layout, Bengaluru",35,0.12,0.0009
2026-05-05 20:56:44,57,"HSR Layout, Bengaluru",35,0.12,0.0009
2026-05-05 20:56:42,57,"HSR Layout, Bengaluru",35,0.12,0.0009
2026-05-05 20:56:22,56,"HSR Layout, Bengaluru",34,0.12,0.0009
2026-05-05 20:56:12,61,"HSR Layout, Bengaluru",37,0.12,0.0010
2026-05-05 20:55:58,61,"HSR Layout, Bengaluru",37,0.12,0.0010
2026-05-05 20:55:46,61,"HSR Layout, Bengaluru",37,0.12,0.0010
2026-05-05 20:55:34,59,"HSR Layout, Bengaluru",36,0.12,0.0010
2026-05-05 20:55:22,62,"HSR Layout, Bengaluru",38,0.12,0.0011
2026-05-05 20:55:10,59,"HSR Layout, Bengaluru",36,0.12,0.0010
2026-05-05 20:54:58,57,"HSR Layout, Bengaluru",35,0.12,0.0009
2026-05-05 20:54:46,57,"HSR Layout, Bengaluru",35,0.12,0.0009
2026-05-05 20:54:34,57,"HSR Layout, Bengaluru",35,0.12,0.0009
2026-05-05 20:54:22,56,"HSR Layout, Bengaluru",34,0.12,0.0009
2026-05-05 20:54:10,57,"HSR Layout, Bengaluru",35,0.12,0.0009
2026-05-05 20:53:58,54,"HSR Layout, Bengaluru",33,0.12,0.0009
2026-05-05 20:53:46,57,"HSR Layout, Bengaluru",35,0.12,0.0009
2026-05-05 20:53:34,57,"HSR Layout, Bengaluru",35,0.12,0.0009
2026-05-05 20:53:22,57,"HSR Layout, Bengaluru",35,0.12,0.0009
2026-05-05 20:53:10,57,"HSR Layout, Bengaluru",35,0.12,0.0009
2026-05-05 20:52:58,59,"HSR Layout, Bengaluru",36,0.12,0.0010
2026-05-05 20:52:46,59,"HSR Layout, Bengaluru",36,0.12,0.0010
2026-05-05 20:52:34,62,"HSR Layout, Bengaluru",38,0.12,0.0011
2026-05-05 20:52:22,59,"HSR Layout, Bengaluru",36,0.12,0.0010
2026-05-05 20:52:10,59,"HSR Layout, Bengaluru",36,0.12,0.0010
2026-05-05 20:51:58,56,"HSR Layout, Bengaluru",34,0.12,0.0009
2026-05-05 20:51:46,57,"HSR Layout, Bengaluru",35,0.12,0.0009
2026-05-05 20:51:38,57,"HSR Layout, Bengaluru",35,0.12,0.0009
2026-05-05 20:51:31,59,"HSR Layout, Bengaluru",36,0.12,0.0010
2026-05-05 20:51:31,59,"HSR Layout, Bengaluru",36,0.12,0.0010
2026-05-05 20:51:29,59,"HSR Layout, Bengaluru",36,0.12,0.0010
2026-05-05 20:51:10,57,"HSR Layout, Bengaluru",35,0.12,0.0009
2026-05-05 20:50:58,59,"HSR Layout, Bengaluru",36,0.12,0.0010
2026-05-05 20:50:46,57,"HSR Layout, Bengaluru",35,0.12,0.0009
2026-05-05 20:50:34,56,"HSR Layout, Bengaluru",34,0.12,0.0009
2026-05-05 20:50:23,56,"HSR Layout, Bengaluru",34,0.12,0.0009
2026-05-05 20:50:10,57,"HSR Layout, Bengaluru",35,0.12,0.0009
2026-05-05 20:49:58,57,"HSR Layout, Bengaluru",35,0.12,0.0009
2026-05-05 20:49:46,57,"HSR Layout, Bengaluru",35,0.13,0.0009
2026-05-05 20:49:34,59,"HSR Layout, Bengaluru",36,0.13,0.0010
2026-05-05 20:49:22,57,"HSR Layout, Bengaluru",35,0.13,0.0009
2026-05-05 20:49:10,59,"HSR Layout, Bengaluru",36,0.13,0.0010
2026-05-05 20:48:58,57,"HSR Layout, Bengaluru",35,0.13,0.0009
2026-05-05 20:48:46,61,"HSR Layout, Bengaluru",37,0.12,0.0010
2026-05-05 20:48:34,59,"HSR Layout, Bengaluru",36,0.12,0.0010
2026-05-05 20:48:22,62,"HSR Layout, Bengaluru",38,0.12,0.0011
2026-05-05 20:48:10,61,"HSR Layout, Bengaluru",37,0.12,0.0010
2026-05-05 20:47:58,61,"HSR Layout, Bengaluru",37,0.12,0.0010
2026-05-05 20:47:46,66,"HSR Layout, Bengaluru",40,0.12,0.0011
2026-05-05 20:47:34,64,"HSR Layout, Bengaluru",39,0.12,0.0011
2026-05-05 20:47:22,57,"HSR Layout, Bengaluru",35,0.12,0.0009
2026-05-05 20:47:10,57,"HSR Layout, Bengaluru",35,0.12,0.0009
2026-05-05 20:46:58,59,"HSR Layout, Bengaluru",36,0.12,0.0010
2026-05-05 20:46:46,59,"HSR Layout, Bengaluru",36,0.13,0.0010
2026-05-05 20:46:34,59,"HSR Layout, Bengaluru",36,0.13,0.0010
2026-05-05 20:46:25,57,"HSR Layout, Bengaluru",35,0.13,0.0009
2026-05-05 20:46:19,57,"HSR Layout, Bengaluru",35,0.13,0.0009
2026-05-05 20:46:19,57,"HSR Layout, Bengaluru",35,0.13,0.0009
2026-05-05 20:46:17,57,"HSR Layout, Bengaluru",35,0.13,0.0009
2026-05-05 20:45:58,57,"HSR Layout, Bengaluru",35,0.13,0.0009
2026-05-05 20:45:46,59,"HSR Layout, Bengaluru",36,0.12,0.0010
2026-05-05 20:45:34,59,"HSR Layout, Bengaluru",36,0.12,0.0010
2026-05-05 20:45:22,59,"HSR Layout, Bengaluru",36,0.12,0.0010
2026-05-05 20:45:10,57,"HSR Layout, Bengaluru",35,0.12,0.0009
2026-05-05 20:44:58,57,"HSR Layout, Bengaluru",35,0.12,0.0009
2026-05-05 20:44:46,57,"HSR Layout, Bengaluru",35,0.12,0.0009
2026-05-05 20:44:34,57,"HSR Layout, Bengaluru",35,0.12,0.0009
2026-05-05 20:44:22,59,"HSR Layout, Bengaluru",36,0.12,0.0010
2026-05-05 20:44:10,59,"HSR Layout, Bengaluru",36,0.12,0.0010
2026-05-05 20:43:58,59,"HSR Layout, Bengaluru",36,0.12,0.0010
2026-05-05 20:43:46,57,"HSR Layout, Bengaluru",35,0.12,0.0009
2026-05-05 20:43:34,57,"HSR Layout, Bengaluru",35,0.12,0.0009
2026-05-05 20:43:22,59,"HSR Layout, Bengaluru",36,0.12,0.0010
2026-05-05 20:43:10,59,"HSR Layout, Bengaluru",36,0.12,0.0010
2026-05-05 20:42:58,59,"HSR Layout, Bengaluru",36,0.12,0.0010
2026-05-05 20:42:46,59,"HSR Layout, Bengaluru",36,0.12,0.0010
2026-05-05 20:42:34,57,"HSR Layout, Bengaluru",35,0.12,0.0009
2026-05-05 20:42:22,61,"HSR Layout, Bengaluru",37,0.12,0.0010
2026-05-05 20:42:10,59,"HSR Layout, Bengaluru",36,0.12,0.0010
2026-05-05 20:41:58,59,"HSR Layout, Bengaluru",36,0.12,0.0010
2026-05-05 20:41:46,61,"HSR Layout, Bengaluru",37,0.13,0.0010
2026-05-05 20:41:34,61,"HSR Layout, Bengaluru",37,0.13,0.0010
2026-05-05 20:41:22,61,"HSR Layout, Bengaluru",37,0.13,0.0010
2026-05-05 20:41:12,62,"HSR Layout, Bengaluru",38,0.13,0.0011
2026-05-05 20:41:06,61,"HSR Layout, Bengaluru",37,0.13,0.0010
2026-05-05 20:41:04,61,"HSR Layout, Bengaluru",37,0.13,0.0010
2026-05-05 20:40:46,57,"HSR Layout, Bengaluru",35,0.12,0.0009
2026-05-05 20:40:34,59,"HSR Layout, Bengaluru",36,0.12,0.0010
2026-05-05 20:40:22,57,"HSR Layout, Bengaluru",35,0.12,0.0009
2026-05-05 20:40:10,61,"HSR Layout, Bengaluru",37,0.12,0.0010
2026-05-05 20:39:58,61,"HSR Layout, Bengaluru",37,0.12,0.0010
2026-05-05 20:39:46,62,"HSR Layout, Bengaluru",38,0.12,0.0011
2026-05-05 20:39:34,66,"HSR Layout, Bengaluru",40,0.12,0.0011
2026-05-05 20:39:22,69,"HSR Layout, Bengaluru",42,0.12,0.0012
2026-05-05 20:39:11,78,"HSR Layout, Bengaluru",47,0.12,0.0014
2026-05-05 20:39:04,86,"HSR Layout, Bengaluru",52,0.12,0.0016
2026-05-05 20:38:58,89,"HSR Layout, Bengaluru",54,0.13,0.0017
2026-05-05 20:38:53,100,"HSR Layout, Bengaluru",60,0.13,0.0019
2026-05-05 20:38:48,121,"HSR Layout, Bengaluru",67,0.13,0.0022
2026-05-05 20:38:44,141,"HSR Layout, Bengaluru",73,0.13,0.0024
2026-05-05 20:38:38,118,"HSR Layout, Bengaluru",66,0.13,0.0021
2026-05-05 20:38:33,94,"HSR Layout, Bengaluru",57,0.13,0.0018
2026-05-05 20:38:29,79,"HSR Layout, Bengaluru",48,0.13,0.0014
2026-05-05 20:38:25,59,"HSR Layout, Bengaluru",36,0.13,0.0010
2026-05-05 20:38:13,59,"HSR Layout, Bengaluru",36,0.13,0.0010
2026-05-05 20:38:01,57,"HSR Layout, Bengaluru",35,0.13,0.0009
2026-05-05 20:37:49,57,"HSR Layout, Bengaluru",35,0.12,0.0009
2026-05-05 20:37:37,61,"HSR Layout, Bengaluru",37,0.12,0.0010
2026-05-05 20:37:25,61,"HSR Layout, Bengaluru",37,0.12,0.0010
2026-05-05 20:37:13,61,"HSR Layout, Bengaluru",37,0.12,0.0010
2026-05-05 20:37:01,59,"HSR Layout, Bengaluru",36,0.12,0.0010
2026-05-05 20:36:49,59,"HSR Layout, Bengaluru",36,0.12,0.0010
2026-05-05 20:36:37,61,"HSR Layout, Bengaluru",37,0.12,0.0010
2026-05-05 20:36:25,59,"HSR Layout, Bengaluru",36,0.12,0.0010
2026-05-05 20:36:13,59,"HSR Layout, Bengaluru",36,0.12,0.0010
2026-05-05 20:36:05,57,"HSR Layout, Bengaluru",35,0.12,0.0009
2026-05-05 20:35:58,59,"HSR Layout, Bengaluru",36,0.12,0.0010
2026-05-05 20:35:58,59,"HSR Layout, Bengaluru",36,0.12,0.0010
2026-05-05 20:35:56,59,"HSR Layout, Bengaluru",36,0.12,0.0010
2026-05-05 20:35:37,57,"HSR Layout, Bengaluru",35,0.12,0.0009
2026-05-05 20:35:25,59,"HSR Layout, Bengaluru",36,0.12,0.0010
2026-05-05 20:35:13,61,"HSR Layout, Bengaluru",37,0.12,0.0010
2026-05-05 20:35:01,61,"HSR Layout, Bengaluru",37,0.12,0.0010
2026-05-05 20:34:49,57,"HSR Layout, Bengaluru",35,0.12,0.0009
2026-05-05 20:34:37,57,"HSR Layout, Bengaluru",35,0.12,0.0009
2026-05-05 20:34:25,61,"HSR Layout, Bengaluru",37,0.12,0.0010
2026-05-05 20:34:13,61,"HSR Layout, Bengaluru",37,0.12,0.0010
2026-05-05 20:34:01,61,"HSR Layout, Bengaluru",37,0.12,0.0010
2026-05-05 20:33:49,62,"HSR Layout, Bengaluru",38,0.12,0.0011
2026-05-05 20:33:37,62,"HSR Layout, Bengaluru",38,0.12,0.0011
2026-05-05 20:33:25,62,"HSR Layout, Bengaluru",38,0.12,0.0011
2026-05-05 20:33:13,57,"HSR Layout, Bengaluru",35,0.12,0.0009
2026-05-05 20:33:01,57,"HSR Layout, Bengaluru",35,0.12,0.0009
2026-05-05 20:32:49,57,"HSR Layout, Bengaluru",35,0.12,0.0009
2026-05-05 20:32:37,56,"HSR Layout, Bengaluru",34,0.12,0.0009
2026-05-05 20:32:25,59,"HSR Layout, Bengaluru",36,0.12,0.0010
2026-05-05 20:32:13,57,"HSR Layout, Bengaluru",35,0.12,0.0009
2026-05-05 20:32:01,56,"HSR Layout, Bengaluru",34,0.12,0.0009
2026-05-05 20:31:49,57,"HSR Layout, Bengaluru",35,0.12,0.0009
2026-05-05 20:31:37,56,"HSR Layout, Bengaluru",34,0.12,0.0009
2026-05-05 20:31:25,54,"HSR Layout, Bengaluru",33,0.12,0.0009
2026-05-05 20:31:13,52,"HSR Layout, Bengaluru",32,0.12,0.0008
2026-05-05 20:31:01,52,"HSR Layout, Bengaluru",32,0.12,0.0008
2026-05-05 20:30:52,52,"HSR Layout, Bengaluru",32,0.12,0.0008
2026-05-05 20:30:45,52,"HSR Layout, Bengaluru",32,0.12,0.0008
2026-05-05 20:30:45,52,"HSR Layout, Bengaluru",32,0.12,0.0008
2026-05-05 20:30:43,52,"HSR Layout, Bengaluru",32,0.12,0.0008
2026-05-05 20:30:25,52,"HSR Layout, Bengaluru",32,0.12,0.0008
2026-05-05 20:30:13,54,"HSR Layout, Bengaluru",33,0.12,0.0009
2026-05-05 20:30:01,52,"HSR Layout, Bengaluru",32,0.12,0.0008
2026-05-05 20:29:49,52,"HSR Layout, Bengaluru",32,0.12,0.0008
2026-05-05 20:29:37,54,"HSR Layout, Bengaluru",33,0.12,0.0009
2026-05-05 20:29:25,56,"HSR Layout, Bengaluru",34,0.12,0.0009
2026-05-05 20:29:13,57,"HSR Layout, Bengaluru",35,0.12,0.0009
2026-05-05 20:29:01,54,"HSR Layout, Bengaluru",33,0.12,0.0009
2026-05-05 20:28:49,57,"HSR Layout, Bengaluru",35,0.12,0.0009
2026-05-05 20:28:37,57,"HSR Layout, Bengaluru",35,0.12,0.0009
2026-05-05 20:28:25,57,"HSR Layout, Bengaluru",35,0.12,0.0009
2026-05-05 20:28:13,56,"HSR Layout, Bengaluru",34,0.12,0.0009
2026-05-05 20:28:01,56,"HSR Layout, Bengaluru",34,0.12,0.0009
2026-05-05 20:27:49,57,"HSR Layout, Bengaluru",35,0.12,0.0009
2026-05-05 20:27:37,56,"HSR Layout, Bengaluru",34,0.12,0.0009
2026-05-05 20:27:25,59,"HSR Layout, Bengaluru",36,0.12,0.0010
2026-05-05 20:27:12,56,"HSR Layout, Bengaluru",34,0.12,0.0009
2026-05-05 20:27:01,56,"HSR Layout, Bengaluru",34,0.12,0.0009
2026-05-05 20:26:49,56,"HSR Layout, Bengaluru",34,0.12,0.0009
2026-05-05 20:26:37,54,"HSR Layout, Bengaluru",33,0.12,0.0009
2026-05-05 20:26:25,54,"HSR Layout, Bengaluru",33,0.12,0.0009
2026-05-05 20:26:13,54,"HSR Layout, Bengaluru",33,0.12,0.0009
2026-05-05 20:26:01,56,"HSR Layout, Bengaluru",34,0.12,0.0009
2026-05-05 20:25:51,57,"HSR Layout, Bengaluru",35,0.13,0.0009
2026-05-05 20:25:45,56,"HSR Layout, Bengaluru",34,0.13,0.0009
2026-05-05 20:25:34,54,"HSR Layout, Bengaluru",33,0.13,0.0009
2026-05-05 20:25:34,54,"HSR Layout, Bengaluru",33,0.13,0.0009
2026-05-05 20:25:32,54,"HSR Layout, Bengaluru",33,0.13,0.0009
2026-05-05 20:25:13,56,"HSR Layout, Bengaluru",34,0.13,0.0009
2026-05-05 20:25:01,56,"HSR Layout, Bengaluru",34,0.13,0.0009
2026-05-05 20:24:49,54,"HSR Layout, Bengaluru",33,0.12,0.0009
2026-05-05 20:24:37,54,"HSR Layout, Bengaluru",33,0.12,0.0009
2026-05-05 20:24:24,52,"HSR Layout, Bengaluru",32,0.12,0.0008
2026-05-05 20:24:13,52,"HSR Layout, Bengaluru",32,0.12,0.0008
2026-05-05 20:24:01,54,"HSR Layout, Bengaluru",33,0.12,0.0009
2026-05-05 20:23:49,52,"HSR Layout, Bengaluru",32,0.12,0.0008
2026-05-05 20:23:37,57,"HSR Layout, Bengaluru",35,0.12,0.0009
2026-05-05 20:23:25,57,"HSR Layout, Bengaluru",35,0.12,0.0009
2026-05-05 20:23:13,56,"HSR Layout, Bengaluru",34,0.12,0.0009
2026-05-05 20:23:01,57,"HSR Layout, Bengaluru",35,0.12,0.0009
2026-05-05 20:22:49,56,"HSR Layout, Bengaluru",34,0.12,0.0009
2026-05-05 20:22:38,59,"HSR Layout, Bengaluru",36,0.12,0.0010
2026-05-05 20:22:25,59,"HSR Layout, Bengaluru",36,0.12,0.0010
2026-05-05 20:22:13,59,"HSR Layout, Bengaluru",36,0.12,0.0010
2026-05-05 20:22:01,57,"HSR Layout, Bengaluru",35,0.12,0.0009
2026-05-05 20:21:49,59,"HSR Layout, Bengaluru",36,0.13,0.0010
2026-05-05 20:21:37,54,"HSR Layout, Bengaluru",33,0.13,0.0009
2026-05-05 20:21:25,54,"HSR Layout, Bengaluru",33,0.13,0.0009
2026-05-05 20:21:13,57,"HSR Layout, Bengaluru",35,0.13,0.0009
2026-05-05 20:21:01,57,"HSR Layout, Bengaluru",35,0.13,0.0009
2026-05-05 20:20:49,56,"HSR Layout, Bengaluru",34,0.12,0.0009
2026-05-05 20:20:37,56,"HSR Layout, Bengaluru",34,0.12,0.0009
2026-05-05 20:20:28,56,"HSR Layout, Bengaluru",34,0.12,0.0009
2026-05-05 20:20:20,56,"HSR Layout, Bengaluru",34,0.12,0.0009
2026-05-05 20:20:20,56,"HSR Layout, Bengaluru",34,0.12,0.0009
2026-05-05 20:20:18,56,"HSR Layout, Bengaluru",34,0.12,0.0009
2026-05-05 20:20:01,57,"HSR Layout, Bengaluru",35,0.12,0.0009
2026-05-05 20:19:49,56,"HSR Layout, Bengaluru",34,0.12,0.0009
2026-05-05 20:19:37,52,"HSR Layout, Bengaluru",32,0.12,0.0008
2026-05-05 20:19:25,52,"HSR Layout, Bengaluru",32,0.12,0.0008
2026-05-05 20:19:12,52,"HSR Layout, Bengaluru",32,0.12,0.0008
2026-05-05 20:19:01,54,"HSR Layout, Bengaluru",33,0.12,0.0009
2026-05-05 20:18:49,56,"HSR Layout, Bengaluru",34,0.12,0.0009
2026-05-05 20:18:37,57,"HSR Layout, Bengaluru",35,0.12,0.0009
2026-05-05 20:18:25,57,"HSR Layout, Bengaluru",35,0.12,0.0009
2026-05-05 20:18:13,57,"HSR Layout, Bengaluru",35,0.12,0.0009
2026-05-05 20:18:00,57,"HSR Layout, Bengaluru",35,0.12,0.0009
2026-05-05 20:17:48,59,"HSR Layout, Bengaluru",36,0.12,0.0010
2026-05-05 20:17:37,56,"HSR Layout, Bengaluru",34,0.12,0.0009
2026-05-05 20:17:24,57,"HSR Layout, Bengaluru",35,0.12,0.0009
2026-05-05 20:17:12,59,"HSR Layout, Bengaluru",36,0.12,0.0010
2026-05-05 20:17:00,59,"HSR Layout, Bengaluru",36,0.12,0.0010
2026-05-05 20:16:48,59,"HSR Layout, Bengaluru",36,0.12,0.0010
2026-05-05 20:16:36,57,"HSR Layout, Bengaluru",35,0.12,0.0009
2026-05-05 20:16:26,56,"HSR Layout, Bengaluru",34,0.12,0.0009
2026-05-05 20:16:12,56,"HSR Layout, Bengaluru",34,0.12,0.0009
2026-05-05 20:16:00,52,"HSR Layout, Bengaluru",32,0.12,0.0008
2026-05-05 20:15:48,54,"HSR Layout, Bengaluru",33,0.12,0.0009
2026-05-05 20:15:36,52,"HSR Layout, Bengaluru",32,0.12,0.0008
2026-05-05 20:15:26,56,"HSR Layout, Bengaluru",34,0.12,0.0009
2026-05-05 20:15:17,56,"HSR Layout, Bengaluru",34,0.12,0.0009
2026-05-05 20:15:09,57,"HSR Layout, Bengaluru",35,0.12,0.0009
2026-05-05 20:15:09,57,"HSR Layout, Bengaluru",35,0.12,0.0009
2026-05-05 20:15:07,57,"HSR Layout, Bengaluru",35,0.12,0.0009
2026-05-05 20:14:49,57,"HSR Layout, Bengaluru",35,0.12,0.0009
2026-05-05 20:14:36,56,"HSR Layout, Bengaluru",34,0.12,0.0009
2026-05-05 20:14:24,57,"HSR Layout, Bengaluru",35,0.12,0.0009
2026-05-05 20:14:12,57,"HSR Layout, Bengaluru",35,0.12,0.0009
2026-05-05 20:14:00,59,"HSR Layout, Bengaluru",36,0.12,0.0010
2026-05-05 20:13:48,59,"HSR Layout, Bengaluru",36,0.13,0.0010
2026-05-05 20:13:36,57,"HSR Layout, Bengaluru",35,0.13,0.0009
2026-05-05 20:13:24,54,"HSR Layout, Bengaluru",33,0.13,0.0009
2026-05-05 20:13:12,54,"HSR Layout, Bengaluru",33,0.13,0.0009
2026-05-05 20:13:01,54,"HSR Layout, Bengaluru",33,0.13,0.0009
2026-05-05 20:12:48,57,"HSR Layout, Bengaluru",35,0.12,0.0009
2026-05-05 20:12:37,59,"HSR Layout, Bengaluru",36,0.12,0.0010
2026-05-05 20:12:26,57,"HSR Layout, Bengaluru",35,0.12,0.0009
2026-05-05 20:12:13,59,"HSR Layout, Bengaluru",36,0.12,0.0010
2026-05-05 20:12:00,62,"HSR Layout, Bengaluru",38,0.12,0.0011
2026-05-05 20:11:48,64,"HSR Layout, Bengaluru",39,0.12,0.0011
2026-05-05 20:11:37,66,"HSR Layout, Bengaluru",40,0.12,0.0011
2026-05-05 20:11:27,54,"HSR Layout, Bengaluru",33,0.12,0.0009
2026-05-05 20:11:15,57,"HSR Layout, Bengaluru",35,0.12,0.0009
2026-05-05 20:11:03,57,"HSR Layout, Bengaluru",35,0.12,0.0009
2026-05-05 20:10:51,59,"HSR Layout, Bengaluru",36,0.12,0.0010
2026-05-05 20:10:39,59,"HSR Layout, Bengaluru",36,0.12,0.0010
2026-05-05 20:10:27,57,"HSR Layout, Bengaluru",35,0.12,0.0009
2026-05-05 20:10:15,52,"HSR Layout, Bengaluru",32,0.12,0.0008
2026-05-05 20:10:05,51,"HSR Layout, Bengaluru",31,0.12,0.0008
2026-05-05 20:09:58,52,"HSR Layout, Bengaluru",32,0.12,0.0008
2026-05-05 20:09:58,52,"HSR Layout, Bengaluru",32,0.12,0.0008
2026-05-05 20:09:56,52,"HSR Layout, Bengaluru",32,0.12,0.0008
2026-05-05 20:09:39,57,"HSR Layout, Bengaluru",35,0.12,0.0009
2026-05-05 20:09:27,59,"HSR Layout, Bengaluru",36,0.12,0.0010
2026-05-05 20:09:15,57,"HSR Layout, Bengaluru",35,0.12,0.0009
2026-05-05 20:09:03,57,"HSR Layout, Bengaluru",35,0.12,0.0009
2026-05-05 20:08:51,57,"HSR Layout, Bengaluru",35,0.12,0.0009
2026-05-05 20:08:39,57,"HSR Layout, Bengaluru",35,0.12,0.0009
2026-05-05 20:08:27,56,"HSR Layout, Bengaluru",34,0.12,0.0009
2026-05-05 20:08:15,57,"HSR Layout, Bengaluru",35,0.12,0.0009
2026-05-05 20:08:03,56,"HSR Layout, Bengaluru",34,0.12,0.0009
2026-05-05 20:07:51,57,"HSR Layout, Bengaluru",35,0.12,0.0009
2026-05-05 20:07:39,57,"HSR Layout, Bengaluru",35,0.12,0.0009
2026-05-05 20:07:27,57,"HSR Layout, Bengaluru",35,0.12,0.0009
2026-05-05 20:07:15,56,"HSR Layout, Bengaluru",34,0.12,0.0009
2026-05-05 20:07:03,56,"HSR Layout, Bengaluru",34,0.12,0.0009
2026-05-05 20:06:51,59,"HSR Layout, Bengaluru",36,0.12,0.0010
2026-05-05 20:06:39,56,"HSR Layout, Bengaluru",34,0.12,0.0009
2026-05-05 20:06:27,57,"HSR Layout, Bengaluru",35,0.12,0.0009
2026-05-05 20:06:15,57,"HSR Layout, Bengaluru",35,0.12,0.0009
2026-05-05 20:06:03,59,"HSR Layout, Bengaluru",36,0.12,0.0010
2026-05-05 20:05:51,61,"HSR Layout, Bengaluru",37,0.12,0.0010
2026-05-05 20:05:39,59,"HSR Layout, Bengaluru",36,0.12,0.0010
2026-05-05 20:05:27,57,"HSR Layout, Bengaluru",35,0.12,0.0009
2026-05-05 20:05:15,57,"HSR Layout, Bengaluru",35,0.12,0.0009
2026-05-05 20:05:03,56,"HSR Layout, Bengaluru",34,0.12,0.0009
2026-05-05 20:04:52,56,"HSR Layout, Bengaluru",34,0.12,0.0009
2026-05-05 20:04:44,59,"HSR Layout, Bengaluru",36,0.12,0.0010
2026-05-05 20:04:44,59,"HSR Layout, Bengaluru",36,0.12,0.0010
2026-05-05 20:04:42,59,"HSR Layout, Bengaluru",36,0.12,0.0010
2026-05-05 20:04:27,59,"HSR Layout, Bengaluru",36,0.12,0.0010
2026-05-05 20:04:15,56,"HSR Layout, Bengaluru",34,0.12,0.0009
2026-05-05 20:04:03,57,"HSR Layout, Bengaluru",35,0.12,0.0009
2026-05-05 20:03:51,59,"HSR Layout, Bengaluru",36,0.12,0.0010
2026-05-05 20:03:39,57,"HSR Layout, Bengaluru",35,0.12,0.0009
2026-05-05 20:03:27,57,"HSR Layout, Bengaluru",35,0.12,0.0009
2026-05-05 20:03:15,57,"HSR Layout, Bengaluru",35,0.12,0.0009
2026-05-05 20:03:03,57,"HSR Layout, Bengaluru",35,0.12,0.0009
2026-05-05 20:02:51,57,"HSR Layout, Bengaluru",35,0.12,0.0009
2026-05-05 20:02:39,57,"HSR Layout, Bengaluru",35,0.12,0.0009
2026-05-05 20:02:27,59,"HSR Layout, Bengaluru",36,0.12,0.0010
2026-05-05 20:02:15,61,"HSR Layout, Bengaluru",37,0.12,0.0010
2026-05-05 20:02:03,61,"HSR Layout, Bengaluru",37,0.12,0.0010
2026-05-05 20:01:51,59,"HSR Layout, Bengaluru",36,0.12,0.0010
2026-05-05 20:01:39,57,"HSR Layout, Bengaluru",35,0.12,0.0009
2026-05-05 20:01:27,57,"HSR Layout, Bengaluru",35,0.12,0.0009
2026-05-05 20:01:15,57,"HSR Layout, Bengaluru",35,0.12,0.0009
2026-05-05 20:01:03,57,"HSR Layout, Bengaluru",35,0.12,0.0009
2026-05-05 20:00:51,56,"HSR Layout, Bengaluru",34,0.12,0.0009
2026-05-05 20:00:39,57,"HSR Layout, Bengaluru",35,0.12,0.0009
2026-05-05 20:00:27,57,"HSR Layout, Bengaluru",35,0.12,0.0009
2026-05-05 20:00:15,56,"HSR Layout, Bengaluru",34,0.12,0.0009
2026-05-05 20:00:03,56,"HSR Layout, Bengaluru",34,0.12,0.0009
2026-05-05 19:59:51,57,"HSR Layout, Bengaluru",35,0.12,0.0009
2026-05-05 19:59:39,56,"HSR Layout, Bengaluru",34,0.12,0.0009
2026-05-05 19:59:28,56,"HSR Layout, Bengaluru",34,0.12,0.0009
2026-05-05 19:59:28,56,"HSR Layout, Bengaluru",34,0.12,0.0009
2026-05-05 19:59:28,56,"HSR Layout, Bengaluru",34,0.12,0.0009
2026-05-05 19:59:15,57,"HSR Layout, Bengaluru",35,0.12,0.0009
2026-05-05 19:59:03,56,"HSR Layout, Bengaluru",34,0.12,0.0009
2026-05-05 19:58:51,54,"HSR Layout, Bengaluru",33,0.12,0.0009
2026-05-05 19:58:39,57,"HSR Layout, Bengaluru",35,0.12,0.0009
2026-05-05 19:58:27,56,"HSR Layout, Bengaluru",34,0.12,0.0009
2026-05-05 19:58:15,56,"HSR Layout, Bengaluru",34,0.12,0.0009
2026-05-05 19:58:03,56,"HSR Layout, Bengaluru",34,0.12,0.0009
2026-05-05 19:57:51,56,"HSR Layout, Bengaluru",34,0.12,0.0009
2026-05-05 19:57:39,57,"HSR Layout, Bengaluru",35,0.12,0.0009
2026-05-05 19:57:27,56,"HSR Layout, Bengaluru",34,0.12,0.0009
2026-05-05 19:57:15,56,"HSR Layout, Bengaluru",34,0.12,0.0009
2026-05-05 19:57:03,56,"HSR Layout, Bengaluru",34,0.12,0.0009
2026-05-05 19:56:51,56,"HSR Layout, Bengaluru",34,0.12,0.0009
2026-05-05 19:56:39,57,"HSR Layout, Bengaluru",35,0.12,0.0009
2026-05-05 19:56:27,56,"HSR Layout, Bengaluru",34,0.12,0.0009
2026-05-05 19:56:15,57,"HSR Layout, Bengaluru",35,0.12,0.0009
2026-05-05 19:56:03,56,"HSR Layout, Bengaluru",34,0.12,0.0009
2026-05-05 19:55:51,57,"HSR Layout, Bengaluru",35,0.12,0.0009
2026-05-05 19:55:39,57,"HSR Layout, Bengaluru",35,0.12,0.0009
2026-05-05 19:55:27,59,"HSR Layout, Bengaluru",36,0.12,0.0010
2026-05-05 19:55:15,59,"HSR Layout, Bengaluru",36,0.12,0.0010
2026-05-05 19:55:03,56,"HSR Layout, Bengaluru",34,0.12,0.0009
2026-05-05 19:54:51,57,"HSR Layout, Bengaluru",35,0.12,0.0009
2026-05-05 19:54:39,56,"HSR Layout, Bengaluru",34,0.12,0.0009
2026-05-05 19:54:30,56,"HSR Layout, Bengaluru",34,0.12,0.0009
2026-05-05 19:54:23,56,"HSR Layout, Bengaluru",34,0.12,0.0009
2026-05-05 19:54:21,56,"HSR Layout, Bengaluru",34,0.12,0.0009
2026-05-05 19:54:03,57,"HSR Layout, Bengaluru",35,0.12,0.0009
2026-05-05 19:53:51,57,"HSR Layout, Bengaluru",35,0.12,0.0009
2026-05-05 19:53:39,59,"HSR Layout, Bengaluru",36,0.12,0.0010
2026-05-05 19:53:27,56,"HSR Layout, Bengaluru",34,0.12,0.0009
2026-05-05 19:53:15,57,"HSR Layout, Bengaluru",35,0.12,0.0009
2026-05-05 19:53:03,57,"HSR Layout, Bengaluru",35,0.12,0.0009
2026-05-05 19:52:51,57,"HSR Layout, Bengaluru",35,0.12,0.0009
2026-05-05 19:52:39,59,"HSR Layout, Bengaluru",36,0.12,0.0010
2026-05-05 19:52:27,59,"HSR Layout, Bengaluru",36,0.12,0.0010
2026-05-05 19:52:15,56,"HSR Layout, Bengaluru",34,0.12,0.0009
2026-05-05 19:52:03,56,"HSR Layout, Bengaluru",34,0.12,0.0009
2026-05-05 19:51:51,54,"HSR Layout, Bengaluru",33,0.12,0.0009
2026-05-05 19:51:39,57,"HSR Layout, Bengaluru",35,0.12,0.0009
2026-05-05 19:51:27,57,"HSR Layout, Bengaluru",35,0.12,0.0009
2026-05-05 19:51:15,56,"HSR Layout, Bengaluru",34,0.12,0.0009
2026-05-05 19:51:03,56,"HSR Layout, Bengaluru",34,0.12,0.0009
2026-05-05 19:50:51,57,"HSR Layout, Bengaluru",35,0.12,0.0009
2026-05-05 19:50:39,59,"HSR Layout, Bengaluru",36,0.12,0.0010
2026-05-05 19:50:27,57,"HSR Layout, Bengaluru",35,0.12,0.0009
2026-05-05 19:50:15,59,"HSR Layout, Bengaluru",36,0.12,0.0010
2026-05-05 19:50:03,59,"HSR Layout, Bengaluru",36,0.12,0.0010
2026-05-05 19:49:51,59,"HSR Layout, Bengaluru",36,0.12,0.0010
2026-05-05 19:49:38,59,"HSR Layout, Bengaluru",36,0.12,0.0010
2026-05-05 19:49:27,57,"HSR Layout, Bengaluru",35,0.12,0.0009
2026-05-05 19:49:15,57,"HSR Layout, Bengaluru",35,0.12,0.0009
2026-05-05 19:49:04,57,"HSR Layout, Bengaluru",35,0.12,0.0009
2026-05-05 19:49:04,57,"HSR Layout, Bengaluru",35,0.12,0.0009
2026-05-05 19:49:04,57,"HSR Layout, Bengaluru",35,0.12,0.0009
2026-05-05 19:49:04,57,"HSR Layout, Bengaluru",35,0.12,0.0009
2026-05-05 19:48:51,56,"HSR Layout, Bengaluru",34,0.12,0.0009
2026-05-05 19:48:39,56,"HSR Layout, Bengaluru",34,0.12,0.0009
2026-05-05 19:48:27,57,"HSR Layout, Bengaluru",35,0.12,0.0009
2026-05-05 19:48:15,56,"HSR Layout, Bengaluru",34,0.12,0.0009
2026-05-05 19:48:03,57,"HSR Layout, Bengaluru",35,0.12,0.0009
2026-05-05 19:47:51,56,"HSR Layout, Bengaluru",34,0.12,0.0009
2026-05-05 19:47:40,57,"HSR Layout, Bengaluru",35,0.12,0.0009
2026-05-05 19:47:27,59,"HSR Layout, Bengaluru",36,0.12,0.0010
2026-05-05 19:47:15,57,"HSR Layout, Bengaluru",35,0.12,0.0009
2026-05-05 19:47:03,59,"HSR Layout, Bengaluru",36,0.12,0.0010
2026-05-05 19:46:51,57,"HSR Layout, Bengaluru",35,0.12,0.0009
2026-05-05 19:46:39,56,"HSR Layout, Bengaluru",34,0.12,0.0009
2026-05-05 19:46:27,56,"HSR Layout, Bengaluru",34,0.12,0.0009
2026-05-05 19:46:15,54,"HSR Layout, Bengaluru",33,0.12,0.0009
2026-05-05 19:46:03,57,"HSR Layout, Bengaluru",35,0.12,0.0009
2026-05-05 19:45:51,59,"HSR Layout, Bengaluru",36,0.12,0.0010
2026-05-05 19:45:39,59,"HSR Layout, Bengaluru",36,0.12,0.0010
2026-05-05 19:45:27,59,"HSR Layout, Bengaluru",36,0.12,0.0010
2026-05-05 19:45:15,57,"HSR Layout, Bengaluru",35,0.12,0.0009
2026-05-05 19:45:02,59,"HSR Layout, Bengaluru",36,0.12,0.0010
2026-05-05 19:44:51,57,"HSR Layout, Bengaluru",35,0.12,0.0009
2026-05-05 19:44:39,56,"HSR Layout, Bengaluru",34,0.12,0.0009
2026-05-05 19:44:27,54,"HSR Layout, Bengaluru",33,0.12,0.0009
2026-05-05 19:44:15,57,"HSR Layout, Bengaluru",35,0.12,0.0009
2026-05-05 19:44:05,57,"HSR Layout, Bengaluru",35,0.12,0.0009
2026-05-05 19:43:59,57,"HSR Layout, Bengaluru",35,0.12,0.0009
2026-05-05 19:43:52,59,"HSR Layout, Bengaluru",36,0.12,0.0010
2026-05-05 19:43:52,59,"HSR Layout, Bengaluru",36,0.12,0.0010
2026-05-05 19:43:47,59,"HSR Layout, Bengaluru",36,0.12,0.0010
2026-05-05 19:43:26,57,"HSR Layout, Bengaluru",35,0.12,0.0009
2026-05-05 19:43:14,59,"HSR Layout, Bengaluru",36,0.12,0.0010
2026-05-05 19:43:02,57,"HSR Layout, Bengaluru",35,0.12,0.0009
2026-05-05 19:42:50,57,"HSR Layout, Bengaluru",35,0.12,0.0009
2026-05-05 19:42:38,57,"HSR Layout, Bengaluru",35,0.12,0.0009
2026-05-05 19:42:27,56,"HSR Layout, Bengaluru",34,0.12,0.0009
2026-05-05 19:42:14,56,"HSR Layout, Bengaluru",34,0.12,0.0009
2026-05-05 19:42:02,57,"HSR Layout, Bengaluru",35,0.12,0.0009
2026-05-05 19:41:51,57,"HSR Layout, Bengaluru",35,0.12,0.0009
2026-05-05 19:41:39,57,"HSR Layout, Bengaluru",35,0.12,0.0009
2026-05-05 19:41:27,59,"HSR Layout, Bengaluru",36,0.12,0.0010
2026-05-05 19:41:15,59,"HSR Layout, Bengaluru",36,0.12,0.0010
2026-05-05 19:41:03,57,"HSR Layout, Bengaluru",35,0.12,0.0009
2026-05-05 19:40:51,57,"HSR Layout, Bengaluru",35,0.12,0.0009
2026-05-05 19:40:39,56,"HSR Layout, Bengaluru",34,0.12,0.0009
2026-05-05 19:40:27,56,"HSR Layout, Bengaluru",34,0.12,0.0009
2026-05-05 19:40:15,57,"HSR Layout, Bengaluru",35,0.12,0.0009
2026-05-05 19:40:03,56,"HSR Layout, Bengaluru",34,0.12,0.0009
2026-05-05 19:39:50,59,"HSR Layout, Bengaluru",36,0.12,0.0010
2026-05-05 19:39:39,56,"HSR Layout, Bengaluru",34,0.12,0.0009
2026-05-05 19:39:27,59,"HSR Layout, Bengaluru",36,0.12,0.0010
2026-05-05 19:39:15,59,"HSR Layout, Bengaluru",36,0.12,0.0010
2026-05-05 19:39:04,57,"HSR Layout, Bengaluru",35,0.12,0.0009
2026-05-05 19:38:50,56,"HSR Layout, Bengaluru",34,0.12,0.0009
2026-05-05 19:38:39,54,"HSR Layout, Bengaluru",33,0.12,0.0009
2026-05-05 19:38:28,56,"HSR Layout, Bengaluru",34,0.12,0.0009
2026-05-05 19:38:28,56,"HSR Layout, Bengaluru",34,0.12,0.0009
2026-05-05 19:38:28,56,"HSR Layout, Bengaluru",34,0.12,0.0009
2026-05-05 19:38:28,56,"HSR Layout, Bengaluru",34,0.12,0.0009
2026-05-05 19:38:15,57,"HSR Layout, Bengaluru",35,0.12,0.0009
2026-05-05 19:38:03,54,"HSR Layout, Bengaluru",33,0.12,0.0009
2026-05-05 19:37:51,57,"HSR Layout, Bengaluru",35,0.12,0.0009
2026-05-05 19:37:39,57,"HSR Layout, Bengaluru",35,0.12,0.0009
2026-05-05 19:37:27,56,"HSR Layout, Bengaluru",34,0.12,0.0009
2026-05-05 19:37:14,57,"HSR Layout, Bengaluru",35,0.12,0.0009
2026-05-05 19:37:03,57,"HSR Layout, Bengaluru",35,0.12,0.0009
2026-05-05 19:36:51,59,"HSR Layout, Bengaluru",36,0.12,0.0010
2026-05-05 19:36:39,59,"HSR Layout, Bengaluru",36,0.12,0.0010
2026-05-05 19:36:26,59,"HSR Layout, Bengaluru",36,0.12,0.0010
2026-05-05 19:36:15,59,"HSR Layout, Bengaluru",36,0.12,0.0010
2026-05-05 19:36:03,59,"HSR Layout, Bengaluru",36,0.12,0.0010
2026-05-05 19:35:50,59,"HSR Layout, Bengaluru",36,0.12,0.0010
2026-05-05 19:35:38,59,"HSR Layout, Bengaluru",36,0.12,0.0010
2026-05-05 19:35:26,59,"HSR Layout, Bengaluru",36,0.12,0.0010
2026-05-05 19:35:14,56,"HSR Layout, Bengaluru",34,0.12,0.0009
2026-05-05 19:35:02,59,"HSR Layout, Bengaluru",36,0.12,0.0010
2026-05-05 19:34:50,59,"HSR Layout, Bengaluru",36,0.12,0.0010
2026-05-05 19:34:38,57,"HSR Layout, Bengaluru",35,0.12,0.0009
2026-05-05 19:34:26,57,"HSR Layout, Bengaluru",35,0.12,0.0009
2026-05-05 19:34:14,57,"HSR Layout, Bengaluru",35,0.12,0.0009
2026-05-05 19:34:02,59,"HSR Layout, Bengaluru",36,0.12,0.0010
2026-05-05 19:33:50,61,"HSR Layout, Bengaluru",37,0.13,0.0010
2026-05-05 19:33:39,59,"HSR Layout, Bengaluru",36,0.13,0.0010
2026-05-05 19:33:26,59,"HSR Layout, Bengaluru",36,0.13,0.0010
2026-05-05 19:33:18,57,"HSR Layout, Bengaluru",35,0.13,0.0009
2026-05-05 19:33:18,57,"HSR Layout, Bengaluru",35,0.13,0.0009
2026-05-05 19:33:18,57,"HSR Layout, Bengaluru",35,0.13,0.0009
2026-05-05 19:33:18,57,"HSR Layout, Bengaluru",35,0.13,0.0009
2026-05-05 19:33:18,57,"HSR Layout, Bengaluru",35,0.13,0.0009
2026-05-05 19:33:03,59,"HSR Layout, Bengaluru",36,0.13,0.0010
2026-05-05 19:32:50,59,"HSR Layout, Bengaluru",36,0.13,0.0010
2026-05-05 19:32:38,57,"HSR Layout, Bengaluru",35,0.13,0.0009
2026-05-05 19:32:26,59,"HSR Layout, Bengaluru",36,0.13,0.0010
2026-05-05 19:32:14,57,"HSR Layout, Bengaluru",35,0.13,0.0009
2026-05-05 19:32:02,59,"HSR Layout, Bengaluru",36,0.13,0.0010
2026-05-05 19:31:50,59,"HSR Layout, Bengaluru",36,0.13,0.0010
2026-05-05 19:31:38,56,"HSR Layout, Bengaluru",34,0.13,0.0009
2026-05-05 19:31:26,57,"HSR Layout, Bengaluru",35,0.13,0.0009
2026-05-05 19:31:14,59,"HSR Layout, Bengaluru",36,0.13,0.0010
2026-05-05 19:31:02,57,"HSR Layout, Bengaluru",35,0.13,0.0009
2026-05-05 19:30:50,56,"HSR Layout, Bengaluru",34,0.12,0.0009
2026-05-05 19:30:38,62,"HSR Layout, Bengaluru",38,0.12,0.0011
2026-05-05 19:30:26,61,"HSR Layout, Bengaluru",37,0.12,0.0010
2026-05-05 19:30:14,61,"HSR Layout, Bengaluru",37,0.12,0.0010
2026-05-05 19:30:02,57,"HSR Layout, Bengaluru",35,0.12,0.0009
2026-05-05 19:29:50,59,"HSR Layout, Bengaluru",36,0.13,0.0010
2026-05-05 19:29:38,57,"HSR Layout, Bengaluru",35,0.13,0.0009
2026-05-05 19:29:26,57,"HSR Layout, Bengaluru",35,0.13,0.0009
2026-05-05 19:29:14,59,"HSR Layout, Bengaluru",36,0.13,0.0010
2026-05-05 19:29:02,57,"HSR Layout, Bengaluru",35,0.13,0.0009
2026-05-05 19:28:50,59,"HSR Layout, Bengaluru",36,0.13,0.0010
2026-05-05 19:28:38,61,"HSR Layout, Bengaluru",37,0.13,0.0010
2026-05-05 19:28:26,61,"HSR Layout, Bengaluru",37,0.13,0.0010
2026-05-05 19:28:14,62,"HSR Layout, Bengaluru",38,0.13,0.0011
2026-05-05 19:28:02,61,"HSR Layout, Bengaluru",37,0.13,0.0010
2026-05-05 19:27:50,57,"HSR Layout, Bengaluru",35,0.13,0.0009
2026-05-05 19:27:38,62,"HSR Layout, Bengaluru",38,0.13,0.0011
2026-05-05 19:27:26,59,"HSR Layout, Bengaluru",36,0.13,0.0010
2026-05-05 19:27:14,59,"HSR Layout, Bengaluru",36,0.13,0.0010
2026-05-05 19:27:02,59,"HSR Layout, Bengaluru",36,0.13,0.0010
2026-05-05 19:26:50,57,"HSR Layout, Bengaluru",35,0.12,0.0009
2026-05-05 19:26:38,59,"HSR Layout, Bengaluru",36,0.12,0.0010
2026-05-05 19:26:26,59,"HSR Layout, Bengaluru",36,0.12,0.0010
2026-05-05 19:26:14,59,"HSR Layout, Bengaluru",36,0.12,0.0010
2026-05-05 19:26:02,61,"HSR Layout, Bengaluru",37,0.12,0.0010
2026-05-05 19:25:50,59,"HSR Layout, Bengaluru",36,0.13,0.0010
2026-05-05 19:25:38,62,"HSR Layout, Bengaluru",38,0.13,0.0011
2026-05-05 19:25:26,62,"HSR Layout, Bengaluru",38,0.13,0.0011
2026-05-05 19:25:14,62,"HSR Layout, Bengaluru",38,0.13,0.0011
2026-05-05 19:25:02,61,"HSR Layout, Bengaluru",37,0.13,0.0010
2026-05-05 19:24:50,59,"HSR Layout, Bengaluru",36,0.13,0.0010
2026-05-05 19:24:38,61,"HSR Layout, Bengaluru",37,0.13,0.0010
2026-05-05 19:24:26,59,"HSR Layout, Bengaluru",36,0.13,0.0010
2026-05-05 19:24:14,57,"HSR Layout, Bengaluru",35,0.13,0.0009
2026-05-05 19:24:02,57,"HSR Layout, Bengaluru",35,0.13,0.0009
2026-05-05 19:23:50,59,"HSR Layout, Bengaluru",36,0.13,0.0010
2026-05-05 19:23:38,64,"HSR Layout, Bengaluru",39,0.13,0.0011
2026-05-05 19:23:26,66,"HSR Layout, Bengaluru",40,0.13,0.0011
2026-05-05 19:23:14,62,"HSR Layout, Bengaluru",38,0.13,0.0011
2026-05-05 19:23:03,61,"HSR Layout, Bengaluru",37,0.13,0.0010
2026-05-05 19:22:50,59,"HSR Layout, Bengaluru",36,0.12,0.0010
2026-05-05 19:22:38,59,"HSR Layout, Bengaluru",36,0.12,0.0010
2026-05-05 19:22:26,57,"HSR Layout, Bengaluru",35,0.12,0.0009
2026-05-05 19:22:14,59,"HSR Layout, Bengaluru",36,0.12,0.0010
2026-05-05 19:22:02,59,"HSR Layout, Bengaluru",36,0.12,0.0010
2026-05-05 19:21:50,59,"HSR Layout, Bengaluru",36,0.12,0.0010
2026-05-05 19:21:38,61,"HSR Layout, Bengaluru",37,0.12,0.0010
2026-05-05 19:21:26,61,"HSR Layout, Bengaluru",37,0.12,0.0010
2026-05-05 19:21:14,59,"HSR Layout, Bengaluru",36,0.12,0.0010
2026-05-05 19:21:02,61,"HSR Layout, Bengaluru",37,0.12,0.0010
2026-05-05 19:20:50,61,"HSR Layout, Bengaluru",37,0.13,0.0010
2026-05-05 19:20:38,62,"HSR Layout, Bengaluru",38,0.13,0.0011
2026-05-05 19:20:26,57,"HSR Layout, Bengaluru",35,0.13,0.0009
2026-05-05 19:20:14,59,"HSR Layout, Bengaluru",36,0.13,0.0010
2026-05-05 19:20:02,59,"HSR Layout, Bengaluru",36,0.13,0.0010
2026-05-05 19:19:50,57,"HSR Layout, Bengaluru",35,0.13,0.0009
2026-05-05 19:19:38,59,"HSR Layout, Bengaluru",36,0.13,0.0010
2026-05-05 19:19:26,57,"HSR Layout, Bengaluru",35,0.13,0.0009
2026-05-05 19:19:14,57,"HSR Layout, Bengaluru",35,0.13,0.0009
2026-05-05 19:19:02,56,"HSR Layout, Bengaluru",34,0.13,0.0009
2026-05-05 19:18:50,56,"HSR Layout, Bengaluru",34,0.12,0.0009
2026-05-05 19:18:38,57,"HSR Layout, Bengaluru",35,0.12,0.0009
2026-05-05 19:18:26,59,"HSR Layout, Bengaluru",36,0.12,0.0010
2026-05-05 19:18:14,59,"HSR Layout, Bengaluru",36,0.12,0.0010
2026-05-05 19:18:02,59,"HSR Layout, Bengaluru",36,0.12,0.0010
2026-05-05 19:17:50,59,"HSR Layout, Bengaluru",36,0.12,0.0010
2026-05-05 19:17:38,57,"HSR Layout, Bengaluru",35,0.12,0.0009
2026-05-05 19:17:26,59,"HSR Layout, Bengaluru",36,0.12,0.0010
2026-05-05 19:17:14,62,"HSR Layout, Bengaluru",38,0.12,0.0011
2026-05-05 19:17:02,59,"HSR Layout, Bengaluru",36,0.12,0.0010
2026-05-05 19:16:50,56,"HSR Layout, Bengaluru",34,0.13,0.0009
2026-05-05 19:16:38,57,"HSR Layout, Bengaluru",35,0.13,0.0009
2026-05-05 19:16:26,57,"HSR Layout, Bengaluru",35,0.13,0.0009
2026-05-05 19:16:14,59,"HSR Layout, Bengaluru",36,0.13,0.0010
2026-05-05 19:16:02,59,"HSR Layout, Bengaluru",36,0.13,0.0010
2026-05-05 19:15:50,62,"HSR Layout, Bengaluru",38,0.13,0.0011
2026-05-05 19:15:38,61,"HSR Layout, Bengaluru",37,0.13,0.0010
2026-05-05 19:15:26,61,"HSR Layout, Bengaluru",37,0.13,0.0010
2026-05-05 19:15:14,62,"HSR Layout, Bengaluru",38,0.13,0.0011
2026-05-05 19:15:02,61,"HSR Layout, Bengaluru",37,0.13,0.0010
2026-05-05 19:14:50,59,"HSR Layout, Bengaluru",36,0.12,0.0010
2026-05-05 19:14:38,57,"HSR Layout, Bengaluru",35,0.12,0.0009
2026-05-05 19:14:26,61,"HSR Layout, Bengaluru",37,0.12,0.0010
2026-05-05 19:14:14,62,"HSR Layout, Bengaluru",38,0.12,0.0011
2026-05-05 19:14:02,62,"HSR Layout, Bengaluru",38,0.12,0.0011
2026-05-05 19:13:50,62,"HSR Layout, Bengaluru",38,0.12,0.0011
2026-05-05 19:13:38,59,"HSR Layout, Bengaluru",36,0.12,0.0010
2026-05-05 19:13:26,61,"HSR Layout, Bengaluru",37,0.12,0.0010
2026-05-05 19:13:14,62,"HSR Layout, Bengaluru",38,0.12,0.0011
2026-05-05 19:13:02,62,"HSR Layout, Bengaluru",38,0.12,0.0011
2026-05-05 19:12:50,61,"HSR Layout, Bengaluru",37,0.12,0.0010
2026-05-05 19:12:39,61,"HSR Layout, Bengaluru",37,0.12,0.0010
2026-05-05 19:12:26,62,"HSR Layout, Bengaluru",38,0.12,0.0011
2026-05-05 19:12:14,62,"HSR Layout, Bengaluru",38,0.12,0.0011
2026-05-05 19:12:02,62,"HSR Layout, Bengaluru",38,0.12,0.0011
2026-05-05 19:11:50,62,"HSR Layout, Bengaluru",38,0.13,0.0011
2026-05-05 19:11:38,59,"HSR Layout, Bengaluru",36,0.13,0.0010
2026-05-05 19:11:26,61,"HSR Layout, Bengaluru",37,0.13,0.0010
2026-05-05 19:11:14,62,"HSR Layout, Bengaluru",38,0.13,0.0011
2026-05-05 19:11:02,61,"HSR Layout, Bengaluru",37,0.13,0.0010
2026-05-05 19:10:51,59,"HSR Layout, Bengaluru",36,0.12,0.0010
2026-05-05 19:10:38,62,"HSR Layout, Bengaluru",38,0.12,0.0011
2026-05-05 19:10:26,64,"HSR Layout, Bengaluru",39,0.12,0.0011
2026-05-05 19:10:14,64,"HSR Layout, Bengaluru",39,0.12,0.0011
2026-05-05 19:10:02,61,"HSR Layout, Bengaluru",37,0.12,0.0010
2026-05-05 19:09:50,64,"HSR Layout, Bengaluru",39,0.13,0.0011
2026-05-05 19:09:38,66,"HSR Layout, Bengaluru",40,0.13,0.0011
2026-05-05 19:09:26,66,"HSR Layout, Bengaluru",40,0.13,0.0011
2026-05-05 19:09:14,59,"HSR Layout, Bengaluru",36,0.13,0.0010
2026-05-05 19:09:02,61,"HSR Layout, Bengaluru",37,0.13,0.0010
2026-05-05 19:08:51,61,"HSR Layout, Bengaluru",37,0.13,0.0010
2026-05-05 19:08:38,57,"HSR Layout, Bengaluru",35,0.13,0.0009
2026-05-05 19:08:26,59,"HSR Layout, Bengaluru",36,0.13,0.0010
2026-05-05 19:08:14,61,"HSR Layout, Bengaluru",37,0.13,0.0010
2026-05-05 19:08:02,62,"HSR Layout, Bengaluru",38,0.13,0.0011
2026-05-05 19:07:50,62,"HSR Layout, Bengaluru",38,0.13,0.0011
2026-05-05 19:07:38,59,"HSR Layout, Bengaluru",36,0.13,0.0010
2026-05-05 19:07:27,61,"HSR Layout, Bengaluru",37,0.13,0.0010
2026-05-05 19:07:27,61,"HSR Layout, Bengaluru",37,0.13,0.0010
2026-05-05 19:07:27,61,"HSR Layout, Bengaluru",37,0.13,0.0010
2026-05-05 19:07:27,61,"HSR Layout, Bengaluru",37,0.13,0.0010
2026-05-05 19:07:27,61,"HSR Layout, Bengaluru",37,0.13,0.0010
2026-05-05 19:07:14,62,"HSR Layout, Bengaluru",38,0.13,0.0011
2026-05-05 19:07:02,61,"HSR Layout, Bengaluru",37,0.13,0.0010
2026-05-05 19:06:50,64,"HSR Layout, Bengaluru",39,0.12,0.0011
2026-05-05 19:06:38,61,"HSR Layout, Bengaluru",37,0.12,0.0010
2026-05-05 19:06:26,61,"HSR Layout, Bengaluru",37,0.12,0.0010
2026-05-05 19:06:14,62,"HSR Layout, Bengaluru",38,0.12,0.0011
2026-05-05 19:06:02,61,"HSR Layout, Bengaluru",37,0.12,0.0010
2026-05-05 19:05:50,62,"HSR Layout, Bengaluru",38,0.12,0.0011
2026-05-05 19:05:38,64,"HSR Layout, Bengaluru",39,0.12,0.0011
2026-05-05 19:05:26,62,"HSR Layout, Bengaluru",38,0.12,0.0011
2026-05-05 19:05:14,61,"HSR Layout, Bengaluru",37,0.12,0.0010
2026-05-05 19:05:02,59,"HSR Layout, Bengaluru",36,0.12,0.0010
2026-05-05 19:04:50,61,"HSR Layout, Bengaluru",37,0.12,0.0010
2026-05-05 19:04:38,62,"HSR Layout, Bengaluru",38,0.12,0.0011
2026-05-05 19:04:26,64,"HSR Layout, Bengaluru",39,0.12,0.0011
2026-05-05 19:04:14,62,"HSR Layout, Bengaluru",38,0.12,0.0011
2026-05-05 19:04:02,61,"HSR Layout, Bengaluru",37,0.12,0.0010
2026-05-05 19:03:50,62,"HSR Layout, Bengaluru",38,0.13,0.0011
2026-05-05 19:03:38,64,"HSR Layout, Bengaluru",39,0.13,0.0011
2026-05-05 19:03:26,62,"HSR Layout, Bengaluru",38,0.13,0.0011
2026-05-05 19:03:14,62,"HSR Layout, Bengaluru",38,0.13,0.0011
2026-05-05 19:03:02,59,"HSR Layout, Bengaluru",36,0.13,0.0010
2026-05-05 19:02:50,59,"HSR Layout, Bengaluru",36,0.12,0.0010
2026-05-05 19:02:38,61,"HSR Layout, Bengaluru",37,0.12,0.0010
2026-05-05 19:02:26,61,"HSR Layout, Bengaluru",37,0.12,0.0010
2026-05-05 19:02:15,62,"HSR Layout, Bengaluru",38,0.12,0.0011
2026-05-05 19:02:15,62,"HSR Layout, Bengaluru",38,0.12,0.0011
2026-05-05 19:02:15,62,"HSR Layout, Bengaluru",38,0.12,0.0011
2026-05-05 19:02:02,62,"HSR Layout, Bengaluru",38,0.12,0.0011
2026-05-05 19:01:50,61,"HSR Layout, Bengaluru",37,0.13,0.0010
2026-05-05 19:01:38,59,"HSR Layout, Bengaluru",36,0.13,0.0010
2026-05-05 19:01:26,62,"HSR Layout, Bengaluru",38,0.13,0.0011
2026-05-05 19:01:14,61,"HSR Layout, Bengaluru",37,0.13,0.0010
2026-05-05 19:01:02,57,"HSR Layout, Bengaluru",35,0.13,0.0009
2026-05-05 19:00:50,62,"HSR Layout, Bengaluru",38,0.13,0.0011
2026-05-05 19:00:38,62,"HSR Layout, Bengaluru",38,0.13,0.0011
2026-05-05 19:00:26,61,"HSR Layout, Bengaluru",37,0.13,0.0010
2026-05-05 19:00:14,61,"HSR Layout, Bengaluru",37,0.13,0.0010
2026-05-05 19:00:02,59,"HSR Layout, Bengaluru",36,0.13,0.0010
2026-05-05 18:59:50,61,"HSR Layout, Bengaluru",37,0.12,0.0010
2026-05-05 18:59:38,62,"HSR Layout, Bengaluru",38,0.12,0.0011
2026-05-05 18:59:26,62,"HSR Layout, Bengaluru",38,0.12,0.0011
2026-05-05 18:59:14,61,"HSR Layout, Bengaluru",37,0.12,0.0010
2026-05-05 18:59:02,61,"HSR Layout, Bengaluru",37,0.12,0.0010
2026-05-05 18:58:50,62,"HSR Layout, Bengaluru",38,0.12,0.0011
2026-05-05 18:58:38,64,"HSR Layout, Bengaluru",39,0.12,0.0011
2026-05-05 18:58:26,64,"HSR Layout, Bengaluru",39,0.12,0.0011
2026-05-05 18:58:14,64,"HSR Layout, Bengaluru",39,0.12,0.0011
2026-05-05 18:58:02,64,"HSR Layout, Bengaluru",39,0.12,0.0011
2026-05-05 18:57:50,66,"HSR Layout, Bengaluru",40,0.12,0.0011
2026-05-05 18:57:38,64,"HSR Layout, Bengaluru",39,0.12,0.0011
2026-05-05 18:57:26,62,"HSR Layout, Bengaluru",38,0.12,0.0011
2026-05-05 18:57:14,62,"HSR Layout, Bengaluru",38,0.12,0.0011
2026-05-05 18:57:03,59,"HSR Layout, Bengaluru",36,0.12,0.0010
2026-05-05 18:56:50,62,"HSR Layout, Bengaluru",38,0.12,0.0011
2026-05-05 18:56:38,61,"HSR Layout, Bengaluru",37,0.12,0.0010
2026-05-05 18:56:26,62,"HSR Layout, Bengaluru",38,0.12,0.0011
2026-05-05 18:56:14,62,"HSR Layout, Bengaluru",38,0.12,0.0011
2026-05-05 18:56:02,61,"HSR Layout, Bengaluru",37,0.12,0.0010
2026-05-05 18:55:50,62,"HSR Layout, Bengaluru",38,0.13,0.0011
2026-05-05 18:55:38,62,"HSR Layout, Bengaluru",38,0.13,0.0011
2026-05-05 18:55:26,57,"HSR Layout, Bengaluru",35,0.13,0.0009
2026-05-05 18:55:14,57,"HSR Layout, Bengaluru",35,0.13,0.0009
2026-05-05 18:55:02,57,"HSR Layout, Bengaluru",35,0.13,0.0009
2026-05-05 18:54:50,59,"HSR Layout, Bengaluru",36,0.12,0.0010
2026-05-05 18:54:38,59,"HSR Layout, Bengaluru",36,0.12,0.0010
2026-05-05 18:54:26,59,"HSR Layout, Bengaluru",36,0.12,0.0010
2026-05-05 18:54:14,59,"HSR Layout, Bengaluru",36,0.12,0.0010
2026-05-05 18:54:02,61,"HSR Layout, Bengaluru",37,0.12,0.0010
2026-05-05 18:53:50,61,"HSR Layout, Bengaluru",37,0.12,0.0010
2026-05-05 18:53:38,57,"HSR Layout, Bengaluru",35,0.12,0.0009
2026-05-05 18:53:26,57,"HSR Layout, Bengaluru",35,0.12,0.0009
2026-05-05 18:53:14,57,"HSR Layout, Bengaluru",35,0.12,0.0009
2026-05-05 18:53:02,61,"HSR Layout, Bengaluru",37,0.12,0.0010
2026-05-05 18:52:50,62,"HSR Layout, Bengaluru",38,0.13,0.0011
2026-05-05 18:52:38,64,"HSR Layout, Bengaluru",39,0.13,0.0011
2026-05-05 18:52:26,62,"HSR Layout, Bengaluru",38,0.13,0.0011
2026-05-05 18:52:14,61,"HSR Layout, Bengaluru",37,0.13,0.0010
2026-05-05 18:52:02,59,"HSR Layout, Bengaluru",36,0.13,0.0010
2026-05-05 18:51:51,59,"HSR Layout, Bengaluru",36,0.12,0.0010
2026-05-05 18:51:51,59,"HSR Layout, Bengaluru",36,0.12,0.0010
2026-05-05 18:51:51,59,"HSR Layout, Bengaluru",36,0.12,0.0010
2026-05-05 18:51:38,59,"HSR Layout, Bengaluru",36,0.12,0.0010
2026-05-05 18:51:26,62,"HSR Layout, Bengaluru",38,0.12,0.0011
2026-05-05 18:51:14,62,"HSR Layout, Bengaluru",38,0.12,0.0011
2026-05-05 18:51:02,61,"HSR Layout, Bengaluru",37,0.12,0.0010
2026-05-05 18:50:50,62,"HSR Layout, Bengaluru",38,0.12,0.0011
2026-05-05 18:50:38,59,"HSR Layout, Bengaluru",36,0.12,0.0010
2026-05-05 18:50:26,62,"HSR Layout, Bengaluru",38,0.12,0.0011
2026-05-05 18:50:14,59,"HSR Layout, Bengaluru",36,0.12,0.0010
2026-05-05 18:50:02,59,"HSR Layout, Bengaluru",36,0.12,0.0010
2026-05-05 18:49:50,57,"HSR Layout, Bengaluru",35,0.12,0.0009
2026-05-05 18:49:38,56,"HSR Layout, Bengaluru",34,0.12,0.0009
2026-05-05 18:49:26,57,"HSR Layout, Bengaluru",35,0.12,0.0009
2026-05-05 18:49:14,57,"HSR Layout, Bengaluru",35,0.12,0.0009
2026-05-05 18:49:02,62,"HSR Layout, Bengaluru",38,0.12,0.0011
2026-05-05 18:48:50,57,"HSR Layout, Bengaluru",35,0.12,0.0009
2026-05-05 18:48:38,56,"HSR Layout, Bengaluru",34,0.12,0.0009
2026-05-05 18:48:26,57,"HSR Layout, Bengaluru",35,0.12,0.0009
2026-05-05 18:48:14,62,"HSR Layout, Bengaluru",38,0.12,0.0011
2026-05-05 18:48:02,59,"HSR Layout, Bengaluru",36,0.12,0.0010
2026-05-05 18:47:50,56,"HSR Layout, Bengaluru",34,0.13,0.0009
2026-05-05 18:47:38,57,"HSR Layout, Bengaluru",35,0.13,0.0009
2026-05-05 18:47:26,57,"HSR Layout, Bengaluru",35,0.13,0.0009
2026-05-05 18:47:14,62,"HSR Layout, Bengaluru",38,0.13,0.0011
2026-05-05 18:47:02,61,"HSR Layout, Bengaluru",37,0.13,0.0010
2026-05-05 18:46:50,61,"HSR Layout, Bengaluru",37,0.12,0.0010
2026-05-05 18:46:39,59,"HSR Layout, Bengaluru",36,0.12,0.0010
2026-05-05 18:46:39,59,"HSR Layout, Bengaluru",36,0.12,0.0010
2026-05-05 18:46:38,59,"HSR Layout, Bengaluru",36,0.12,0.0010
2026-05-05 18:46:38,59,"HSR Layout, Bengaluru",36,0.12,0.0010
2026-05-05 18:46:26,59,"HSR Layout, Bengaluru",36,0.12,0.0010
2026-05-05 18:46:14,59,"HSR Layout, Bengaluru",36,0.12,0.0010
2026-05-05 18:46:02,57,"HSR Layout, Bengaluru",35,0.12,0.0009
2026-05-05 18:45:50,57,"HSR Layout, Bengaluru",35,0.12,0.0009
2026-05-05 18:45:38,59,"HSR Layout, Bengaluru",36,0.12,0.0010
2026-05-05 18:45:26,59,"HSR Layout, Bengaluru",36,0.12,0.0010
2026-05-05 18:45:14,59,"HSR Layout, Bengaluru",36,0.12,0.0010
2026-05-05 18:45:02,57,"HSR Layout, Bengaluru",35,0.12,0.0009
2026-05-05 18:44:50,59,"HSR Layout, Bengaluru",36,0.13,0.0010
2026-05-05 18:44:38,59,"HSR Layout, Bengaluru",36,0.13,0.0010
2026-05-05 18:44:26,59,"HSR Layout, Bengaluru",36,0.13,0.0010
2026-05-05 18:44:14,57,"HSR Layout, Bengaluru",35,0.13,0.0009
2026-05-05 18:44:02,57,"HSR Layout, Bengaluru",35,0.13,0.0009
2026-05-05 18:43:50,57,"HSR Layout, Bengaluru",35,0.12,0.0009
2026-05-05 18:43:38,57,"HSR Layout, Bengaluru",35,0.12,0.0009
2026-05-05 18:43:26,56,"HSR Layout, Bengaluru",34,0.12,0.0009
2026-05-05 18:43:14,59,"HSR Layout, Bengaluru",36,0.12,0.0010
2026-05-05 18:43:02,59,"HSR Layout, Bengaluru",36,0.12,0.0010
2026-05-05 18:42:50,59,"HSR Layout, Bengaluru",36,0.12,0.0010
2026-05-05 18:42:38,61,"HSR Layout, Bengaluru",37,0.12,0.0010
2026-05-05 18:42:26,59,"HSR Layout, Bengaluru",36,0.12,0.0010
2026-05-05 18:42:14,59,"HSR Layout, Bengaluru",36,0.12,0.0010
2026-05-05 18:42:02,59,"HSR Layout, Bengaluru",36,0.12,0.0010
2026-05-05 18:41:50,61,"HSR Layout, Bengaluru",37,0.12,0.0010
2026-05-05 18:41:38,61,"HSR Layout, Bengaluru",37,0.12,0.0010
2026-05-05 18:41:27,62,"HSR Layout, Bengaluru",38,0.12,0.0011
2026-05-05 18:41:27,62,"HSR Layout, Bengaluru",38,0.12,0.0011
2026-05-05 18:41:26,62,"HSR Layout, Bengaluru",38,0.12,0.0011
2026-05-05 18:41:14,62,"HSR Layout, Bengaluru",38,0.12,0.0011
2026-05-05 18:41:02,59,"HSR Layout, Bengaluru",36,0.12,0.0010
2026-05-05 18:40:50,61,"HSR Layout, Bengaluru",37,0.13,0.0010
2026-05-05 18:40:38,57,"HSR Layout, Bengaluru",35,0.13,0.0009
2026-05-05 18:40:26,57,"HSR Layout, Bengaluru",35,0.13,0.0009
2026-05-05 18:40:14,57,"HSR Layout, Bengaluru",35,0.13,0.0009
2026-05-05 18:40:02,59,"HSR Layout, Bengaluru",36,0.13,0.0010
2026-05-05 18:39:50,56,"HSR Layout, Bengaluru",34,0.13,0.0009
2026-05-05 18:39:38,57,"HSR Layout, Bengaluru",35,0.13,0.0009
2026-05-05 18:39:26,56,"HSR Layout, Bengaluru",34,0.13,0.0009
2026-05-05 18:39:14,57,"HSR Layout, Bengaluru",35,0.13,0.0009
2026-05-05 18:39:02,56,"HSR Layout, Bengaluru",34,0.13,0.0009
2026-05-05 18:38:50,57,"HSR Layout, Bengaluru",35,0.13,0.0009
2026-05-05 18:38:38,54,"HSR Layout, Bengaluru",33,0.13,0.0009
2026-05-05 18:38:26,54,"HSR Layout, Bengaluru",33,0.13,0.0009
2026-05-05 18:38:14,56,"HSR Layout, Bengaluru",34,0.13,0.0009
2026-05-05 18:38:02,57,"HSR Layout, Bengaluru",35,0.13,0.0009
2026-05-05 18:37:50,57,"HSR Layout, Bengaluru",35,0.12,0.0009
2026-05-05 18:37:38,57,"HSR Layout, Bengaluru",35,0.12,0.0009
2026-05-05 18:37:26,57,"HSR Layout, Bengaluru",35,0.12,0.0009
2026-05-05 18:37:14,56,"HSR Layout, Bengaluru",34,0.12,0.0009
2026-05-05 18:37:02,56,"HSR Layout, Bengaluru",34,0.12,0.0009
2026-05-05 18:36:50,54,"HSR Layout, Bengaluru",33,0.13,0.0009
2026-05-05 18:36:38,57,"HSR Layout, Bengaluru",35,0.13,0.0009
2026-05-05 18:36:26,57,"HSR Layout, Bengaluru",35,0.13,0.0009
2026-05-05 18:36:16,59,"HSR Layout, Bengaluru",36,0.13,0.0010
2026-05-05 18:36:14,59,"HSR Layout, Bengaluru",36,0.13,0.0010
2026-05-05 18:36:14,59,"HSR Layout, Bengaluru",36,0.13,0.0010
2026-05-05 18:36:14,59,"HSR Layout, Bengaluru",36,0.13,0.0010
2026-05-05 18:36:02,59,"HSR Layout, Bengaluru",36,0.13,0.0010
2026-05-05 18:35:50,57,"HSR Layout, Bengaluru",35,0.13,0.0009
2026-05-05 18:35:38,56,"HSR Layout, Bengaluru",34,0.13,0.0009
2026-05-05 18:35:26,56,"HSR Layout, Bengaluru",34,0.13,0.0009
2026-05-05 18:35:14,56,"HSR Layout, Bengaluru",34,0.13,0.0009
2026-05-05 18:35:02,59,"HSR Layout, Bengaluru",36,0.13,0.0010
2026-05-05 18:34:50,56,"HSR Layout, Bengaluru",34,0.12,0.0009
2026-05-05 18:34:38,59,"HSR Layout, Bengaluru",36,0.12,0.0010
2026-05-05 18:34:26,57,"HSR Layout, Bengaluru",35,0.12,0.0009
2026-05-05 18:34:14,59,"HSR Layout, Bengaluru",36,0.12,0.0010
2026-05-05 18:34:02,56,"HSR Layout, Bengaluru",34,0.12,0.0009
2026-05-05 18:33:50,59,"HSR Layout, Bengaluru",36,0.12,0.0010
2026-05-05 18:33:38,57,"HSR Layout, Bengaluru",35,0.12,0.0009
2026-05-05 18:33:26,59,"HSR Layout, Bengaluru",36,0.12,0.0010
2026-05-05 18:33:14,57,"HSR Layout, Bengaluru",35,0.12,0.0009
2026-05-05 18:33:02,59,"HSR Layout, Bengaluru",36,0.12,0.0010
2026-05-05 18:32:51,57,"HSR Layout, Bengaluru",35,0.12,0.0009
2026-05-05 18:32:38,56,"HSR Layout, Bengaluru",34,0.12,0.0009
2026-05-05 18:32:26,57,"HSR Layout, Bengaluru",35,0.12,0.0009
2026-05-05 18:32:14,59,"HSR Layout, Bengaluru",36,0.12,0.0010
2026-05-05 18:32:02,57,"HSR Layout, Bengaluru",35,0.12,0.0009
2026-05-05 18:31:50,57,"HSR Layout, Bengaluru",35,0.13,0.0009
2026-05-05 18:31:38,57,"HSR Layout, Bengaluru",35,0.13,0.0009
2026-05-05 18:31:26,57,"HSR Layout, Bengaluru",35,0.13,0.0009
2026-05-05 18:31:14,59,"HSR Layout, Bengaluru",36,0.13,0.0010
2026-05-05 18:31:03,56,"HSR Layout, Bengaluru",34,0.13,0.0009
2026-05-05 18:31:03,56,"HSR Layout, Bengaluru",34,0.13,0.0009
2026-05-05 18:31:02,56,"HSR Layout, Bengaluru",34,0.13,0.0009
2026-05-05 18:30:50,57,"HSR Layout, Bengaluru",35,0.13,0.0009
2026-05-05 18:30:38,56,"HSR Layout, Bengaluru",34,0.13,0.0009
2026-05-05 18:30:26,56,"HSR Layout, Bengaluru",34,0.13,0.0009
2026-05-05 18:30:14,54,"HSR Layout, Bengaluru",33,0.13,0.0009
2026-05-05 18:30:02,56,"HSR Layout, Bengaluru",34,0.13,0.0009
2026-05-05 18:29:50,56,"HSR Layout, Bengaluru",34,0.12,0.0009
2026-05-05 18:29:38,57,"HSR Layout, Bengaluru",35,0.12,0.0009
2026-05-05 18:29:26,59,"HSR Layout, Bengaluru",36,0.12,0.0010
2026-05-05 18:29:14,57,"HSR Layout, Bengaluru",35,0.12,0.0009
2026-05-05 18:29:02,56,"HSR Layout, Bengaluru",34,0.12,0.0009
2026-05-05 18:28:50,59,"HSR Layout, Bengaluru",36,0.12,0.0010
2026-05-05 18:28:38,59,"HSR Layout, Bengaluru",36,0.12,0.0010
2026-05-05 18:28:26,57,"HSR Layout, Bengaluru",35,0.12,0.0009
2026-05-05 18:28:14,57,"HSR Layout, Bengaluru",35,0.12,0.0009
2026-05-05 18:28:02,57,"HSR Layout, Bengaluru",35,0.12,0.0009
2026-05-05 18:27:50,54,"HSR Layout, Bengaluru",33,0.13,0.0009
2026-05-05 18:27:38,56,"HSR Layout, Bengaluru",34,0.13,0.0009
2026-05-05 18:27:26,56,"HSR Layout, Bengaluru",34,0.13,0.0009
2026-05-05 18:27:14,54,"HSR Layout, Bengaluru",33,0.13,0.0009
2026-05-05 18:27:02,54,"HSR Layout, Bengaluru",33,0.13,0.0009
2026-05-05 18:26:50,56,"HSR Layout, Bengaluru",34,0.12,0.0009
2026-05-05 18:26:38,56,"HSR Layout, Bengaluru",34,0.12,0.0009
2026-05-05 18:26:26,57,"HSR Layout, Bengaluru",35,0.12,0.0009
2026-05-05 18:26:14,56,"HSR Layout, Bengaluru",34,0.12,0.0009
2026-05-05 18:26:02,54,"HSR Layout, Bengaluru",33,0.12,0.0009
2026-05-05 18:25:51,56,"HSR Layout, Bengaluru",34,0.12,0.0009
2026-05-05 18:25:51,56,"HSR Layout, Bengaluru",34,0.12,0.0009
2026-05-05 18:25:50,56,"HSR Layout, Bengaluru",34,0.12,0.0009
2026-05-05 18:25:38,56,"HSR Layout, Bengaluru",34,0.12,0.0009
2026-05-05 18:25:26,57,"HSR Layout, Bengaluru",35,0.12,0.0009
2026-05-05 18:25:14,57,"HSR Layout, Bengaluru",35,0.12,0.0009
2026-05-05 18:25:02,57,"HSR Layout, Bengaluru",35,0.12,0.0009
2026-05-05 18:24:50,59,"HSR Layout, Bengaluru",36,0.13,0.0010
2026-05-05 18:24:38,57,"HSR Layout, Bengaluru",35,0.13,0.0009
2026-05-05 18:24:26,57,"HSR Layout, Bengaluru",35,0.13,0.0009
2026-05-05 18:24:14,59,"HSR Layout, Bengaluru",36,0.13,0.0010
2026-05-05 18:24:02,57,"HSR Layout, Bengaluru",35,0.13,0.0009
2026-05-05 18:23:50,56,"HSR Layout, Bengaluru",34,0.13,0.0009
2026-05-05 18:23:38,57,"HSR Layout, Bengaluru",35,0.13,0.0009
2026-05-05 18:23:26,56,"HSR Layout, Bengaluru",34,0.13,0.0009
2026-05-05 18:23:14,57,"HSR Layout, Bengaluru",35,0.13,0.0009
2026-05-05 18:23:02,56,"HSR Layout, Bengaluru",34,0.13,0.0009
2026-05-05 18:22:50,56,"HSR Layout, Bengaluru",34,0.12,0.0009
2026-05-05 18:22:38,57,"HSR Layout, Bengaluru",35,0.12,0.0009
2026-05-05 18:22:26,52,"HSR Layout, Bengaluru",32,0.12,0.0008
2026-05-05 18:22:14,56,"HSR Layout, Bengaluru",34,0.12,0.0009
2026-05-05 18:22:02,59,"HSR Layout, Bengaluru",36,0.12,0.0010
2026-05-05 18:21:50,59,"HSR Layout, Bengaluru",36,0.12,0.0010
2026-05-05 18:21:38,56,"HSR Layout, Bengaluru",34,0.12,0.0009
2026-05-05 18:21:26,56,"HSR Layout, Bengaluru",34,0.12,0.0009
2026-05-05 18:21:14,56,"HSR Layout, Bengaluru",34,0.12,0.0009
2026-05-05 18:21:02,57,"HSR Layout, Bengaluru",35,0.12,0.0009
2026-05-05 18:20:50,57,"HSR Layout, Bengaluru",35,0.12,0.0009
2026-05-05 18:20:39,56,"HSR Layout, Bengaluru",34,0.12,0.0009
2026-05-05 18:20:39,56,"HSR Layout, Bengaluru",34,0.12,0.0009
2026-05-05 18:20:39,56,"HSR Layout, Bengaluru",34,0.12,0.0009
2026-05-05 18:20:39,56,"HSR Layout, Bengaluru",34,0.12,0.0009
2026-05-05 18:20:26,56,"HSR Layout, Bengaluru",34,0.12,0.0009
2026-05-05 18:20:14,56,"HSR Layout, Bengaluru",34,0.12,0.0009
2026-05-05 18:20:02,56,"HSR Layout, Bengaluru",34,0.12,0.0009
2026-05-05 18:19:50,57,"HSR Layout, Bengaluru",35,0.13,0.0009
2026-05-05 18:19:38,56,"HSR Layout, Bengaluru",34,0.13,0.0009
2026-05-05 18:19:26,59,"HSR Layout, Bengaluru",36,0.13,0.0010
2026-05-05 18:19:14,56,"HSR Layout, Bengaluru",34,0.13,0.0009
2026-05-05 18:19:02,54,"HSR Layout, Bengaluru",33,0.13,0.0009
2026-05-05 18:18:50,56,"HSR Layout, Bengaluru",34,0.13,0.0009
2026-05-05 18:18:38,56,"HSR Layout, Bengaluru",34,0.13,0.0009
2026-05-05 18:18:26,57,"HSR Layout, Bengaluru",35,0.13,0.0009
2026-05-05 18:18:14,59,"HSR Layout, Bengaluru",36,0.13,0.0010
2026-05-05 18:18:02,57,"HSR Layout, Bengaluru",35,0.13,0.0009
2026-05-05 18:17:50,57,"HSR Layout, Bengaluru",35,0.12,0.0009
2026-05-05 18:17:38,57,"HSR Layout, Bengaluru",35,0.12,0.0009
2026-05-05 18:17:26,56,"HSR Layout, Bengaluru",34,0.12,0.0009
2026-05-05 18:17:14,59,"HSR Layout, Bengaluru",36,0.12,0.0010
2026-05-05 18:17:02,59,"HSR Layout, Bengaluru",36,0.12,0.0010
2026-05-05 18:16:50,57,"HSR Layout, Bengaluru",35,0.12,0.0009
2026-05-05 18:16:38,56,"HSR Layout, Bengaluru",34,0.12,0.0009
2026-05-05 18:16:26,54,"HSR Layout, Bengaluru",33,0.12,0.0009
2026-05-05 18:16:14,52,"HSR Layout, Bengaluru",32,0.12,0.0008
2026-05-05 18:16:02,57,"HSR Layout, Bengaluru",35,0.12,0.0009
2026-05-05 18:15:50,57,"HSR Layout, Bengaluru",35,0.13,0.0009
2026-05-05 18:15:38,57,"HSR Layout, Bengaluru",35,0.13,0.0009
2026-05-05 18:15:33,57,"HSR Layout, Bengaluru",35,0.13,0.0009
2026-05-05 18:15:33,57,"HSR Layout, Bengaluru",35,0.13,0.0009
2026-05-05 18:15:14,57,"HSR Layout, Bengaluru",35,0.13,0.0009
2026-05-05 18:15:02,57,"HSR Layout, Bengaluru",35,0.13,0.0009
2026-05-05 18:14:50,59,"HSR Layout, Bengaluru",36,0.12,0.0010
2026-05-05 18:14:38,56,"HSR Layout, Bengaluru",34,0.12,0.0009
2026-05-05 18:14:26,57,"HSR Layout, Bengaluru",35,0.12,0.0009
2026-05-05 18:14:14,56,"HSR Layout, Bengaluru",34,0.12,0.0009
2026-05-05 18:14:02,54,"HSR Layout, Bengaluru",33,0.12,0.0009
2026-05-05 18:13:50,54,"HSR Layout, Bengaluru",33,0.12,0.0009
2026-05-05 18:13:38,56,"HSR Layout, Bengaluru",34,0.12,0.0009
2026-05-05 18:13:26,56,"HSR Layout, Bengaluru",34,0.12,0.0009
2026-05-05 18:13:14,59,"HSR Layout, Bengaluru",36,0.12,0.0010
2026-05-05 18:13:02,59,"HSR Layout, Bengaluru",36,0.12,0.0010
2026-05-05 18:12:50,59,"HSR Layout, Bengaluru",36,0.12,0.0010
2026-05-05 18:12:38,59,"HSR Layout, Bengaluru",36,0.12,0.0010
2026-05-05 18:12:26,61,"HSR Layout, Bengaluru",37,0.12,0.0010
2026-05-05 18:12:14,57,"HSR Layout, Bengaluru",35,0.12,0.0009
2026-05-05 18:12:02,59,"HSR Layout, Bengaluru",36,0.12,0.0010
2026-05-05 18:11:50,57,"HSR Layout, Bengaluru",35,0.12,0.0009
2026-05-05 18:11:38,57,"HSR Layout, Bengaluru",35,0.12,0.0009
2026-05-05 18:11:26,56,"HSR Layout, Bengaluru",34,0.12,0.0009
2026-05-05 18:11:14,57,"HSR Layout, Bengaluru",35,0.12,0.0009
2026-05-05 18:11:02,59,"HSR Layout, Bengaluru",36,0.12,0.0010
2026-05-05 18:10:50,59,"HSR Layout, Bengaluru",36,0.13,0.0010
2026-05-05 18:10:38,59,"HSR Layout, Bengaluru",36,0.13,0.0010
2026-05-05 18:10:26,61,"HSR Layout, Bengaluru",37,0.13,0.0010
2026-05-05 18:10:16,59,"HSR Layout, Bengaluru",36,0.13,0.0010
2026-05-05 18:10:16,59,"HSR Layout, Bengaluru",36,0.13,0.0010
2026-05-05 18:10:16,59,"HSR Layout, Bengaluru",36,0.13,0.0010
2026-05-05 18:10:02,61,"HSR Layout, Bengaluru",37,0.13,0.0010
2026-05-05 18:09:50,61,"HSR Layout, Bengaluru",37,0.12,0.0010
2026-05-05 18:09:38,59,"HSR Layout, Bengaluru",36,0.12,0.0010
2026-05-05 18:09:26,59,"HSR Layout, Bengaluru",36,0.12,0.0010
2026-05-05 18:09:14,59,"HSR Layout, Bengaluru",36,0.12,0.0010
2026-05-05 18:09:02,59,"HSR Layout, Bengaluru",36,0.12,0.0010
2026-05-05 18:08:50,59,"HSR Layout, Bengaluru",36,0.12,0.0010
2026-05-05 18:08:38,59,"HSR Layout, Bengaluru",36,0.12,0.0010
2026-05-05 18:08:26,61,"HSR Layout, Bengaluru",37,0.12,0.0010
2026-05-05 18:08:14,57,"HSR Layout, Bengaluru",35,0.12,0.0009
2026-05-05 18:08:02,59,"HSR Layout, Bengaluru",36,0.12,0.0010
2026-05-05 18:07:50,57,"HSR Layout, Bengaluru",35,0.13,0.0009
2026-05-05 18:07:38,57,"HSR Layout, Bengaluru",35,0.13,0.0009
2026-05-05 18:07:26,59,"HSR Layout, Bengaluru",36,0.13,0.0010
2026-05-05 18:07:14,59,"HSR Layout, Bengaluru",36,0.13,0.0010
2026-05-05 18:07:02,59,"HSR Layout, Bengaluru",36,0.13,0.0010
2026-05-05 18:06:50,59,"HSR Layout, Bengaluru",36,0.12,0.0010
2026-05-05 18:06:38,59,"HSR Layout, Bengaluru",36,0.12,0.0010
2026-05-05 18:06:26,61,"HSR Layout, Bengaluru",37,0.12,0.0010
2026-05-05 18:06:14,62,"HSR Layout, Bengaluru",38,0.12,0.0011
2026-05-05 18:06:02,61,"HSR Layout, Bengaluru",37,0.12,0.0010
2026-05-05 18:05:50,62,"HSR Layout, Bengaluru",38,0.12,0.0011
2026-05-05 18:05:38,62,"HSR Layout, Bengaluru",38,0.12,0.0011
2026-05-05 18:05:26,62,"HSR Layout, Bengaluru",38,0.12,0.0011
2026-05-05 18:05:14,57,"HSR Layout, Bengaluru",35,0.12,0.0009
2026-05-05 18:05:03,59,"HSR Layout, Bengaluru",36,0.12,0.0010
2026-05-05 18:05:03,59,"HSR Layout, Bengaluru",36,0.12,0.0010
2026-05-05 18:05:02,59,"HSR Layout, Bengaluru",36,0.12,0.0010
2026-05-05 18:04:50,57,"HSR Layout, Bengaluru",35,0.12,0.0009
2026-05-05 18:04:38,56,"HSR Layout, Bengaluru",34,0.12,0.0009
2026-05-05 18:04:26,56,"HSR Layout, Bengaluru",34,0.12,0.0009
2026-05-05 18:04:14,59,"HSR Layout, Bengaluru",36,0.12,0.0010
2026-05-05 18:04:02,59,"HSR Layout, Bengaluru",36,0.12,0.0010
2026-05-05 18:03:50,59,"HSR Layout, Bengaluru",36,0.12,0.0010
2026-05-05 18:03:38,57,"HSR Layout, Bengaluru",35,0.12,0.0009
2026-05-05 18:03:26,59,"HSR Layout, Bengaluru",36,0.12,0.0010
2026-05-05 18:03:14,59,"HSR Layout, Bengaluru",36,0.12,0.0010
2026-05-05 18:03:02,59,"HSR Layout, Bengaluru",36,0.12,0.0010
2026-05-05 18:02:50,59,"HSR Layout, Bengaluru",36,0.13,0.0010
2026-05-05 18:02:38,62,"HSR Layout, Bengaluru",38,0.13,0.0011
2026-05-05 18:02:26,57,"HSR Layout, Bengaluru",35,0.13,0.0009
2026-05-05 18:02:14,56,"HSR Layout, Bengaluru",34,0.13,0.0009
2026-05-05 18:02:02,59,"HSR Layout, Bengaluru",36,0.13,0.0010
2026-05-05 18:01:50,57,"HSR Layout, Bengaluru",35,0.12,0.0009
2026-05-05 18:01:38,59,"HSR Layout, Bengaluru",36,0.12,0.0010
2026-05-05 18:01:26,59,"HSR Layout, Bengaluru",36,0.12,0.0010
2026-05-05 18:01:14,57,"HSR Layout, Bengaluru",35,0.12,0.0009
2026-05-05 18:01:02,56,"HSR Layout, Bengaluru",34,0.12,0.0009
2026-05-05 18:00:50,56,"HSR Layout, Bengaluru",34,0.13,0.0009
2026-05-05 18:00:38,57,"HSR Layout, Bengaluru",35,0.13,0.0009
2026-05-05 18:00:26,57,"HSR Layout, Bengaluru",35,0.13,0.0009
2026-05-05 18:00:14,57,"HSR Layout, Bengaluru",35,0.13,0.0009
2026-05-05 18:00:02,61,"HSR Layout, Bengaluru",37,0.13,0.0010
2026-05-05 17:59:51,62,"HSR Layout, Bengaluru",38,0.13,0.0011
2026-05-05 17:59:51,62,"HSR Layout, Bengaluru",38,0.13,0.0011
2026-05-05 17:59:51,62,"HSR Layout, Bengaluru",38,0.13,0.0011
2026-05-05 17:59:50,62,"HSR Layout, Bengaluru",38,0.13,0.0011
2026-05-05 17:59:38,61,"HSR Layout, Bengaluru",37,0.13,0.0010
2026-05-05 17:59:26,62,"HSR Layout, Bengaluru",38,0.13,0.0011
2026-05-05 17:59:14,59,"HSR Layout, Bengaluru",36,0.13,0.0010
2026-05-05 17:59:02,62,"HSR Layout, Bengaluru",38,0.13,0.0011
2026-05-05 17:58:50,62,"HSR Layout, Bengaluru",38,0.13,0.0011
2026-05-05 17:58:38,59,"HSR Layout, Bengaluru",36,0.13,0.0010
2026-05-05 17:58:26,59,"HSR Layout, Bengaluru",36,0.13,0.0010
2026-05-05 17:58:14,59,"HSR Layout, Bengaluru",36,0.13,0.0010
2026-05-05 17:58:02,61,"HSR Layout, Bengaluru",37,0.13,0.0010
2026-05-05 17:57:50,61,"HSR Layout, Bengaluru",37,0.12,0.0010
2026-05-05 17:57:38,59,"HSR Layout, Bengaluru",36,0.12,0.0010
2026-05-05 17:57:26,59,"HSR Layout, Bengaluru",36,0.12,0.0010
2026-05-05 17:57:14,59,"HSR Layout, Bengaluru",36,0.12,0.0010
2026-05-05 17:57:02,61,"HSR Layout, Bengaluru",37,0.12,0.0010
2026-05-05 17:56:50,62,"HSR Layout, Bengaluru",38,0.12,0.0011
2026-05-05 17:56:38,61,"HSR Layout, Bengaluru",37,0.12,0.0010
2026-05-05 17:56:26,61,"HSR Layout, Bengaluru",37,0.12,0.0010
2026-05-05 17:56:14,57,"HSR Layout, Bengaluru",35,0.12,0.0009
2026-05-05 17:56:02,61,"HSR Layout, Bengaluru",37,0.12,0.0010
2026-05-05 17:55:50,57,"HSR Layout, Bengaluru",35,0.12,0.0009
2026-05-05 17:55:38,59,"HSR Layout, Bengaluru",36,0.12,0.0010
2026-05-05 17:55:26,59,"HSR Layout, Bengaluru",36,0.12,0.0010
2026-05-05 17:55:14,61,"HSR Layout, Bengaluru",37,0.12,0.0010
2026-05-05 17:55:02,61,"HSR Layout, Bengaluru",37,0.12,0.0010
2026-05-05 17:54:50,59,"HSR Layout, Bengaluru",36,0.13,0.0010
2026-05-05 17:54:39,61,"HSR Layout, Bengaluru",37,0.13,0.0010
2026-05-05 17:54:39,61,"HSR Layout, Bengaluru",37,0.13,0.0010
2026-05-05 17:54:39,61,"HSR Layout, Bengaluru",37,0.13,0.0010
2026-05-05 17:54:38,61,"HSR Layout, Bengaluru",37,0.13,0.0010
2026-05-05 17:54:26,59,"HSR Layout, Bengaluru",36,0.13,0.0010
2026-05-05 17:54:14,62,"HSR Layout, Bengaluru",38,0.13,0.0011
2026-05-05 17:54:02,62,"HSR Layout, Bengaluru",38,0.13,0.0011
2026-05-05 17:53:50,59,"HSR Layout, Bengaluru",36,0.12,0.0010
2026-05-05 17:53:38,59,"HSR Layout, Bengaluru",36,0.12,0.0010
2026-05-05 17:53:26,59,"HSR Layout, Bengaluru",36,0.12,0.0010
2026-05-05 17:53:14,59,"HSR Layout, Bengaluru",36,0.12,0.0010
2026-05-05 17:53:02,57,"HSR Layout, Bengaluru",35,0.12,0.0009
2026-05-05 17:52:50,59,"HSR Layout, Bengaluru",36,0.12,0.0010
2026-05-05 17:52:38,57,"HSR Layout, Bengaluru",35,0.12,0.0009
2026-05-05 17:52:26,56,"HSR Layout, Bengaluru",34,0.12,0.0009
2026-05-05 17:52:14,57,"HSR Layout, Bengaluru",35,0.12,0.0009
2026-05-05 17:52:02,57,"HSR Layout, Bengaluru",35,0.12,0.0009
2026-05-05 17:51:50,61,"HSR Layout, Bengaluru",37,0.13,0.0010
2026-05-05 17:51:38,61,"HSR Layout, Bengaluru",37,0.13,0.0010
2026-05-05 17:51:26,61,"HSR Layout, Bengaluru",37,0.13,0.0010
2026-05-05 17:51:14,61,"HSR Layout, Bengaluru",37,0.13,0.0010
2026-05-05 17:51:02,61,"HSR Layout, Bengaluru",37,0.13,0.0010
2026-05-05 17:50:50,57,"HSR Layout, Bengaluru",35,0.13,0.0009
2026-05-05 17:50:38,59,"HSR Layout, Bengaluru",36,0.13,0.0010
2026-05-05 17:50:26,62,"HSR Layout, Bengaluru",38,0.13,0.0011
2026-05-05 17:50:14,61,"HSR Layout, Bengaluru",37,0.13,0.0010
2026-05-05 17:50:02,57,"HSR Layout, Bengaluru",35,0.13,0.0009
2026-05-05 17:49:50,56,"HSR Layout, Bengaluru",34,0.13,0.0009
2026-05-05 17:49:38,59,"HSR Layout, Bengaluru",36,0.13,0.0010
2026-05-05 17:49:28,57,"HSR Layout, Bengaluru",35,0.13,0.0009
2026-05-05 17:49:28,57,"HSR Layout, Bengaluru",35,0.13,0.0009
2026-05-05 17:49:28,57,"HSR Layout, Bengaluru",35,0.13,0.0009
2026-05-05 17:49:27,57,"HSR Layout, Bengaluru",35,0.13,0.0009
2026-05-05 17:49:14,59,"HSR Layout, Bengaluru",36,0.13,0.0010
2026-05-05 17:49:02,59,"HSR Layout, Bengaluru",36,0.13,0.0010
2026-05-05 17:48:50,59,"HSR Layout, Bengaluru",36,0.12,0.0010
2026-05-05 17:48:38,59,"HSR Layout, Bengaluru",36,0.12,0.0010
2026-05-05 17:48:26,59,"HSR Layout, Bengaluru",36,0.12,0.0010
2026-05-05 17:48:14,61,"HSR Layout, Bengaluru",37,0.12,0.0010
2026-05-05 17:48:02,57,"HSR Layout, Bengaluru",35,0.12,0.0009
2026-05-05 17:47:50,59,"HSR Layout, Bengaluru",36,0.13,0.0010
2026-05-05 17:47:38,59,"HSR Layout, Bengaluru",36,0.13,0.0010
2026-05-05 17:47:26,56,"HSR Layout, Bengaluru",34,0.13,0.0009
2026-05-05 17:47:14,59,"HSR Layout, Bengaluru",36,0.13,0.0010
2026-05-05 17:47:02,56,"HSR Layout, Bengaluru",34,0.13,0.0009
2026-05-05 17:46:50,59,"HSR Layout, Bengaluru",36,0.13,0.0010
2026-05-05 17:46:38,56,"HSR Layout, Bengaluru",34,0.13,0.0009
2026-05-05 17:46:26,59,"HSR Layout, Bengaluru",36,0.13,0.0010
2026-05-05 17:46:14,57,"HSR Layout, Bengaluru",35,0.13,0.0009
2026-05-05 17:46:02,59,"HSR Layout, Bengaluru",36,0.13,0.0010
2026-05-05 17:45:50,59,"HSR Layout, Bengaluru",36,0.13,0.0010
2026-05-05 17:45:38,57,"HSR Layout, Bengaluru",35,0.13,0.0009
2026-05-05 17:45:26,59,"HSR Layout, Bengaluru",36,0.13,0.0010
2026-05-05 17:45:14,59,"HSR Layout, Bengaluru",36,0.13,0.0010
2026-05-05 17:45:02,57,"HSR Layout, Bengaluru",35,0.13,0.0009
2026-05-05 17:44:50,57,"HSR Layout, Bengaluru",35,0.13,0.0009
2026-05-05 17:44:38,59,"HSR Layout, Bengaluru",36,0.13,0.0010
2026-05-05 17:44:26,56,"HSR Layout, Bengaluru",34,0.13,0.0009
2026-05-05 17:44:20,59,"HSR Layout, Bengaluru",36,0.13,0.0010
2026-05-05 17:44:19,59,"HSR Layout, Bengaluru",36,0.13,0.0010
2026-05-05 17:44:02,59,"HSR Layout, Bengaluru",36,0.13,0.0010
2026-05-05 17:43:50,56,"HSR Layout, Bengaluru",34,0.13,0.0009
2026-05-05 17:43:38,54,"HSR Layout, Bengaluru",33,0.13,0.0009
2026-05-05 17:43:26,52,"HSR Layout, Bengaluru",32,0.13,0.0008
2026-05-05 17:43:14,59,"HSR Layout, Bengaluru",36,0.13,0.0010
2026-05-05 17:43:02,57,"HSR Layout, Bengaluru",35,0.13,0.0009
2026-05-05 17:42:50,57,"HSR Layout, Bengaluru",35,0.13,0.0009
2026-05-05 17:42:38,57,"HSR Layout, Bengaluru",35,0.13,0.0009
2026-05-05 17:42:26,56,"HSR Layout, Bengaluru",34,0.13,0.0009
2026-05-05 17:42:14,57,"HSR Layout, Bengaluru",35,0.13,0.0009
2026-05-05 17:42:02,56,"HSR Layout, Bengaluru",34,0.13,0.0009
2026-05-05 17:41:50,56,"HSR Layout, Bengaluru",34,0.13,0.0009
2026-05-05 17:41:38,59,"HSR Layout, Bengaluru",36,0.13,0.0010
2026-05-05 17:41:26,59,"HSR Layout, Bengaluru",36,0.13,0.0010
2026-05-05 17:41:14,56,"HSR Layout, Bengaluru",34,0.13,0.0009
2026-05-05 17:41:02,59,"HSR Layout, Bengaluru",36,0.13,0.0010
2026-05-05 17:40:50,56,"HSR Layout, Bengaluru",34,0.13,0.0009
2026-05-05 17:40:38,57,"HSR Layout, Bengaluru",35,0.13,0.0009
2026-05-05 17:40:26,57,"HSR Layout, Bengaluru",35,0.13,0.0009
2026-05-05 17:40:14,56,"HSR Layout, Bengaluru",34,0.13,0.0009
2026-05-05 17:40:02,57,"HSR Layout, Bengaluru",35,0.13,0.0009
2026-05-05 17:39:50,59,"HSR Layout, Bengaluru",36,0.13,0.0010
2026-05-05 17:39:38,59,"HSR Layout, Bengaluru",36,0.13,0.0010
2026-05-05 17:39:26,59,"HSR Layout, Bengaluru",36,0.13,0.0010
2026-05-05 17:39:15,59,"HSR Layout, Bengaluru",36,0.13,0.0010
2026-05-05 17:39:10,56,"HSR Layout, Bengaluru",34,0.13,0.0009
2026-05-05 17:39:10,56,"HSR Layout, Bengaluru",34,0.13,0.0009
2026-05-05 17:39:10,56,"HSR Layout, Bengaluru",34,0.13,0.0009
2026-05-05 17:38:50,57,"HSR Layout, Bengaluru",35,0.13,0.0009
2026-05-05 17:38:38,56,"HSR Layout, Bengaluru",34,0.13,0.0009
2026-05-05 17:38:26,59,"HSR Layout, Bengaluru",36,0.13,0.0010
2026-05-05 17:38:14,57,"HSR Layout, Bengaluru",35,0.13,0.0009
2026-05-05 17:38:02,57,"HSR Layout, Bengaluru",35,0.13,0.0009
2026-05-05 17:37:50,57,"HSR Layout, Bengaluru",35,0.13,0.0009
2026-05-05 17:37:38,56,"HSR Layout, Bengaluru",34,0.13,0.0009
2026-05-05 17:37:26,57,"HSR Layout, Bengaluru",35,0.13,0.0009
2026-05-05 17:37:14,59,"HSR Layout, Bengaluru",36,0.13,0.0010
2026-05-05 17:37:02,59,"HSR Layout, Bengaluru",36,0.13,0.0010
2026-05-05 17:36:50,57,"HSR Layout, Bengaluru",35,0.13,0.0009
2026-05-05 17:36:38,56,"HSR Layout, Bengaluru",34,0.13,0.0009
2026-05-05 17:36:26,59,"HSR Layout, Bengaluru",36,0.13,0.0010
2026-05-05 17:36:14,57,"HSR Layout, Bengaluru",35,0.13,0.0009
2026-05-05 17:36:02,54,"HSR Layout, Bengaluru",33,0.13,0.0009
2026-05-05 17:35:50,56,"HSR Layout, Bengaluru",34,0.13,0.0009
2026-05-05 17:35:38,57,"HSR Layout, Bengaluru",35,0.13,0.0009
2026-05-05 17:35:26,57,"HSR Layout, Bengaluru",35,0.13,0.0009
2026-05-05 17:35:14,59,"HSR Layout, Bengaluru",36,0.13,0.0010
2026-05-05 17:35:02,59,"HSR Layout, Bengaluru",36,0.13,0.0010
2026-05-05 17:34:50,59,"HSR Layout, Bengaluru",36,0.13,0.0010
2026-05-05 17:34:38,57,"HSR Layout, Bengaluru",35,0.13,0.0009
2026-05-05 17:34:26,59,"HSR Layout, Bengaluru",36,0.13,0.0010
2026-05-05 17:34:14,56,"HSR Layout, Bengaluru",34,0.13,0.0009
2026-05-05 17:34:02,57,"HSR Layout, Bengaluru",35,0.13,0.0009
2026-05-05 17:33:56,54,"HSR Layout, Bengaluru",33,0.13,0.0009
2026-05-05 17:33:55,54,"HSR Layout, Bengaluru",33,0.13,0.0009
2026-05-05 17:33:55,54,"HSR Layout, Bengaluru",33,0.13,0.0009
2026-05-05 17:33:38,57,"HSR Layout, Bengaluru",35,0.13,0.0009
2026-05-05 17:33:26,57,"HSR Layout, Bengaluru",35,0.13,0.0009
2026-05-05 17:33:14,59,"HSR Layout, Bengaluru",36,0.13,0.0010
2026-05-05 17:33:02,59,"HSR Layout, Bengaluru",36,0.13,0.0010
2026-05-05 17:32:50,57,"HSR Layout, Bengaluru",35,0.13,0.0009
2026-05-05 17:32:38,54,"HSR Layout, Bengaluru",33,0.13,0.0009
2026-05-05 17:32:26,56,"HSR Layout, Bengaluru",34,0.13,0.0009
2026-05-05 17:32:14,57,"HSR Layout, Bengaluru",35,0.13,0.0009
2026-05-05 17:32:02,54,"HSR Layout, Bengaluru",33,0.13,0.0009
2026-05-05 17:31:50,56,"HSR Layout, Bengaluru",34,0.13,0.0009
2026-05-05 17:31:38,57,"HSR Layout, Bengaluru",35,0.13,0.0009
2026-05-05 17:31:26,59,"HSR Layout, Bengaluru",36,0.13,0.0010
2026-05-05 17:31:14,56,"HSR Layout, Bengaluru",34,0.13,0.0009
2026-05-05 17:31:02,59,"HSR Layout, Bengaluru",36,0.13,0.0010
2026-05-05 17:30:50,59,"HSR Layout, Bengaluru",36,0.13,0.0010
2026-05-05 17:30:38,59,"HSR Layout, Bengaluru",36,0.13,0.0010
2026-05-05 17:30:26,57,"HSR Layout, Bengaluru",35,0.13,0.0009
2026-05-05 17:30:14,57,"HSR Layout, Bengaluru",35,0.13,0.0009
2026-05-05 17:30:02,57,"HSR Layout, Bengaluru",35,0.13,0.0009
2026-05-05 17:29:50,57,"HSR Layout, Bengaluru",35,0.13,0.0009
2026-05-05 17:29:38,57,"HSR Layout, Bengaluru",35,0.13,0.0009
2026-05-05 17:29:26,59,"HSR Layout, Bengaluru",36,0.13,0.0010
2026-05-05 17:29:14,59,"HSR Layout, Bengaluru",36,0.13,0.0010
2026-05-05 17:29:02,56,"HSR Layout, Bengaluru",34,0.13,0.0009
2026-05-05 17:28:50,57,"HSR Layout, Bengaluru",35,0.13,0.0009
2026-05-05 17:28:44,56,"HSR Layout, Bengaluru",34,0.13,0.0009
2026-05-05 17:28:44,56,"HSR Layout, Bengaluru",34,0.13,0.0009
2026-05-05 17:28:43,56,"HSR Layout, Bengaluru",34,0.13,0.0009
2026-05-05 17:28:26,57,"HSR Layout, Bengaluru",35,0.13,0.0009
2026-05-05 17:28:14,59,"HSR Layout, Bengaluru",36,0.13,0.0010
2026-05-05 17:28:02,61,"HSR Layout, Bengaluru",37,0.13,0.0010
2026-05-05 17:27:50,61,"HSR Layout, Bengaluru",37,0.13,0.0010
2026-05-05 17:27:38,56,"HSR Layout, Bengaluru",34,0.13,0.0009
2026-05-05 17:27:26,57,"HSR Layout, Bengaluru",35,0.13,0.0009
2026-05-05 17:27:14,57,"HSR Layout, Bengaluru",35,0.13,0.0009
2026-05-05 17:27:02,54,"HSR Layout, Bengaluru",33,0.13,0.0009
2026-05-05 17:26:50,56,"HSR Layout, Bengaluru",34,0.13,0.0009
2026-05-05 17:26:38,59,"HSR Layout, Bengaluru",36,0.13,0.0010
2026-05-05 17:26:26,57,"HSR Layout, Bengaluru",35,0.13,0.0009
2026-05-05 17:26:14,56,"HSR Layout, Bengaluru",34,0.13,0.0009
2026-05-05 17:26:02,56,"HSR Layout, Bengaluru",34,0.13,0.0009
2026-05-05 17:25:50,57,"HSR Layout, Bengaluru",35,0.13,0.0009
2026-05-05 17:25:38,57,"HSR Layout, Bengaluru",35,0.13,0.0009
2026-05-05 17:25:26,57,"HSR Layout, Bengaluru",35,0.13,0.0009
2026-05-05 17:25:14,56,"HSR Layout, Bengaluru",34,0.13,0.0009
2026-05-05 17:25:02,57,"HSR Layout, Bengaluru",35,0.13,0.0009
2026-05-05 17:24:50,59,"HSR Layout, Bengaluru",36,0.13,0.0010
2026-05-05 17:24:38,57,"HSR Layout, Bengaluru",35,0.13,0.0009
2026-05-05 17:24:26,54,"HSR Layout, Bengaluru",33,0.13,0.0009
2026-05-05 17:24:14,52,"HSR Layout, Bengaluru",32,0.13,0.0008
2026-05-05 17:24:02,56,"HSR Layout, Bengaluru",34,0.13,0.0009
2026-05-05 17:23:50,57,"HSR Layout, Bengaluru",35,0.13,0.0009
2026-05-05 17:23:38,57,"HSR Layout, Bengaluru",35,0.13,0.0009
2026-05-05 17:23:27,56,"HSR Layout, Bengaluru",34,0.13,0.0009
2026-05-05 17:23:27,56,"HSR Layout, Bengaluru",34,0.13,0.0009
2026-05-05 17:23:27,56,"HSR Layout, Bengaluru",34,0.13,0.0009
2026-05-05 17:23:14,59,"HSR Layout, Bengaluru",36,0.13,0.0010
2026-05-05 17:23:02,61,"HSR Layout, Bengaluru",37,0.13,0.0010
2026-05-05 17:22:50,62,"HSR Layout, Bengaluru",38,0.13,0.0011
2026-05-05 17:22:38,57,"HSR Layout, Bengaluru",35,0.13,0.0009
2026-05-05 17:22:26,56,"HSR Layout, Bengaluru",34,0.13,0.0009
2026-05-05 17:22:14,57,"HSR Layout, Bengaluru",35,0.13,0.0009
2026-05-05 17:22:02,59,"HSR Layout, Bengaluru",36,0.13,0.0010
2026-05-05 17:21:50,57,"HSR Layout, Bengaluru",35,0.13,0.0009
2026-05-05 17:21:38,57,"HSR Layout, Bengaluru",35,0.13,0.0009
2026-05-05 17:21:26,59,"HSR Layout, Bengaluru",36,0.13,0.0010
2026-05-05 17:21:14,59,"HSR Layout, Bengaluru",36,0.13,0.0010
2026-05-05 17:21:02,59,"HSR Layout, Bengaluru",36,0.13,0.0010
2026-05-05 17:20:50,56,"HSR Layout, Bengaluru",34,0.13,0.0009
2026-05-05 17:20:38,57,"HSR Layout, Bengaluru",35,0.13,0.0009
2026-05-05 17:20:26,54,"HSR Layout, Bengaluru",33,0.13,0.0009
2026-05-05 17:20:14,57,"HSR Layout, Bengaluru",35,0.13,0.0009
2026-05-05 17:20:02,56,"HSR Layout, Bengaluru",34,0.13,0.0009
2026-05-05 17:19:50,56,"HSR Layout, Bengaluru",34,0.13,0.0009
2026-05-05 17:19:38,59,"HSR Layout, Bengaluru",36,0.13,0.0010
2026-05-05 17:19:26,59,"HSR Layout, Bengaluru",36,0.13,0.0010
2026-05-05 17:19:14,57,"HSR Layout, Bengaluru",35,0.13,0.0009
2026-05-05 17:19:02,59,"HSR Layout, Bengaluru",36,0.13,0.0010
2026-05-05 17:18:50,59,"HSR Layout, Bengaluru",36,0.13,0.0010
2026-05-05 17:18:38,62,"HSR Layout, Bengaluru",38,0.13,0.0011
2026-05-05 17:18:26,59,"HSR Layout, Bengaluru",36,0.13,0.0010
2026-05-05 17:18:21,57,"HSR Layout, Bengaluru",35,0.13,0.0009
2026-05-05 17:18:21,57,"HSR Layout, Bengaluru",35,0.13,0.0009
2026-05-05 17:18:21,57,"HSR Layout, Bengaluru",35,0.13,0.0009
2026-05-05 17:18:02,57,"HSR Layout, Bengaluru",35,0.13,0.0009
2026-05-05 17:17:50,57,"HSR Layout, Bengaluru",35,0.14,0.0009
2026-05-05 17:17:38,56,"HSR Layout, Bengaluru",34,0.14,0.0009
2026-05-05 17:17:26,57,"HSR Layout, Bengaluru",35,0.14,0.0009
2026-05-05 17:17:14,57,"HSR Layout, Bengaluru",35,0.14,0.0009
2026-05-05 17:17:02,57,"HSR Layout, Bengaluru",35,0.14,0.0009
2026-05-05 17:16:50,57,"HSR Layout, Bengaluru",35,0.13,0.0009
2026-05-05 17:16:38,56,"HSR Layout, Bengaluru",34,0.13,0.0009
2026-05-05 17:16:26,59,"HSR Layout, Bengaluru",36,0.13,0.0010
2026-05-05 17:16:14,59,"HSR Layout, Bengaluru",36,0.13,0.0010
2026-05-05 17:16:02,61,"HSR Layout, Bengaluru",37,0.13,0.0010
2026-05-05 17:15:50,59,"HSR Layout, Bengaluru",36,0.13,0.0010
2026-05-05 17:15:38,59,"HSR Layout, Bengaluru",36,0.13,0.0010
2026-05-05 17:15:26,59,"HSR Layout, Bengaluru",36,0.13,0.0010
2026-05-05 17:15:14,57,"HSR Layout, Bengaluru",35,0.13,0.0009
2026-05-05 17:15:02,59,"HSR Layout, Bengaluru",36,0.13,0.0010
2026-05-05 17:14:50,57,"HSR Layout, Bengaluru",35,0.13,0.0009
2026-05-05 17:14:38,59,"HSR Layout, Bengaluru",36,0.13,0.0010
2026-05-05 17:14:26,57,"HSR Layout, Bengaluru",35,0.13,0.0009
2026-05-05 17:14:14,57,"HSR Layout, Bengaluru",35,0.13,0.0009
2026-05-05 17:14:02,57,"HSR Layout, Bengaluru",35,0.13,0.0009
2026-05-05 17:13:50,56,"HSR Layout, Bengaluru",34,0.13,0.0009
2026-05-05 17:13:38,59,"HSR Layout, Bengaluru",36,0.13,0.0010
2026-05-05 17:13:26,59,"HSR Layout, Bengaluru",36,0.13,0.0010
2026-05-05 17:13:14,56,"HSR Layout, Bengaluru",34,0.13,0.0009
2026-05-05 17:13:03,56,"HSR Layout, Bengaluru",34,0.13,0.0009
2026-05-05 17:13:03,56,"HSR Layout, Bengaluru",34,0.13,0.0009
2026-05-05 17:13:03,56,"HSR Layout, Bengaluru",34,0.13,0.0009
2026-05-05 17:13:02,56,"HSR Layout, Bengaluru",34,0.13,0.0009
2026-05-05 17:12:50,56,"HSR Layout, Bengaluru",34,0.13,0.0009
2026-05-05 17:12:38,56,"HSR Layout, Bengaluru",34,0.13,0.0009
2026-05-05 17:12:26,57,"HSR Layout, Bengaluru",35,0.13,0.0009
2026-05-05 17:12:14,57,"HSR Layout, Bengaluru",35,0.13,0.0009
2026-05-05 17:12:02,57,"HSR Layout, Bengaluru",35,0.13,0.0009
2026-05-05 17:11:50,56,"HSR Layout, Bengaluru",34,0.13,0.0009
2026-05-05 17:11:38,57,"HSR Layout, Bengaluru",35,0.13,0.0009
2026-05-05 17:11:26,57,"HSR Layout, Bengaluru",35,0.13,0.0009
2026-05-05 17:11:14,56,"HSR Layout, Bengaluru",34,0.13,0.0009
2026-05-05 17:11:02,56,"HSR Layout, Bengaluru",34,0.13,0.0009
2026-05-05 17:10:50,57,"HSR Layout, Bengaluru",35,0.14,0.0009
2026-05-05 17:10:38,57,"HSR Layout, Bengaluru",35,0.14,0.0009
2026-05-05 17:10:26,56,"HSR Layout, Bengaluru",34,0.14,0.0009
2026-05-05 17:10:14,57,"HSR Layout, Bengaluru",35,0.14,0.0009
2026-05-05 17:10:02,57,"HSR Layout, Bengaluru",35,0.14,0.0009
2026-05-05 17:09:50,57,"HSR Layout, Bengaluru",35,0.14,0.0009
2026-05-05 17:09:38,57,"HSR Layout, Bengaluru",35,0.14,0.0009
2026-05-05 17:09:26,61,"HSR Layout, Bengaluru",37,0.14,0.0010
2026-05-05 17:09:14,57,"HSR Layout, Bengaluru",35,0.14,0.0009
2026-05-05 17:09:02,56,"HSR Layout, Bengaluru",34,0.14,0.0009
2026-05-05 17:08:50,57,"HSR Layout, Bengaluru",35,0.14,0.0009
2026-05-05 17:08:38,59,"HSR Layout, Bengaluru",36,0.14,0.0010
2026-05-05 17:08:26,57,"HSR Layout, Bengaluru",35,0.14,0.0009
2026-05-05 17:08:14,54,"HSR Layout, Bengaluru",33,0.14,0.0009
2026-05-05 17:08:02,54,"HSR Layout, Bengaluru",33,0.14,0.0009
2026-05-05 17:07:51,57,"HSR Layout, Bengaluru",35,0.14,0.0009
2026-05-05 17:07:51,57,"HSR Layout, Bengaluru",35,0.14,0.0009
2026-05-05 17:07:51,57,"HSR Layout, Bengaluru",35,0.14,0.0009
2026-05-05 17:07:50,57,"HSR Layout, Bengaluru",35,0.14,0.0009
2026-05-05 17:07:38,56,"HSR Layout, Bengaluru",34,0.14,0.0009
2026-05-05 17:07:26,57,"HSR Layout, Bengaluru",35,0.14,0.0009
2026-05-05 17:07:14,59,"HSR Layout, Bengaluru",36,0.14,0.0010
2026-05-05 17:07:02,57,"HSR Layout, Bengaluru",35,0.14,0.0009
2026-05-05 17:06:50,57,"HSR Layout, Bengaluru",35,0.13,0.0009
2026-05-05 17:06:38,59,"HSR Layout, Bengaluru",36,0.13,0.0010
2026-05-05 17:06:26,59,"HSR Layout, Bengaluru",36,0.13,0.0010
2026-05-05 17:06:14,59,"HSR Layout, Bengaluru",36,0.13,0.0010
2026-05-05 17:06:02,56,"HSR Layout, Bengaluru",34,0.13,0.0009
2026-05-05 17:05:50,56,"HSR Layout, Bengaluru",34,0.13,0.0009
2026-05-05 17:05:38,54,"HSR Layout, Bengaluru",33,0.13,0.0009
2026-05-05 17:05:26,57,"HSR Layout, Bengaluru",35,0.13,0.0009
2026-05-05 17:05:14,57,"HSR Layout, Bengaluru",35,0.13,0.0009
2026-05-05 17:05:02,57,"HSR Layout, Bengaluru",35,0.13,0.0009
2026-05-05 17:04:50,59,"HSR Layout, Bengaluru",36,0.14,0.0010
2026-05-05 17:04:38,57,"HSR Layout, Bengaluru",35,0.14,0.0009
2026-05-05 17:04:26,56,"HSR Layout, Bengaluru",34,0.14,0.0009
2026-05-05 17:04:14,57,"HSR Layout, Bengaluru",35,0.14,0.0009
2026-05-05 17:04:02,56,"HSR Layout, Bengaluru",34,0.14,0.0009
2026-05-05 17:03:50,54,"HSR Layout, Bengaluru",33,0.13,0.0009
2026-05-05 17:03:38,56,"HSR Layout, Bengaluru",34,0.13,0.0009
2026-05-05 17:03:26,56,"HSR Layout, Bengaluru",34,0.13,0.0009
2026-05-05 17:03:14,57,"HSR Layout, Bengaluru",35,0.13,0.0009
2026-05-05 17:03:02,59,"HSR Layout, Bengaluru",36,0.13,0.0010
2026-05-05 17:02:50,59,"HSR Layout, Bengaluru",36,0.13,0.0010
2026-05-05 17:02:44,57,"HSR Layout, Bengaluru",35,0.13,0.0009
2026-05-05 17:02:44,57,"HSR Layout, Bengaluru",35,0.13,0.0009
2026-05-05 17:02:26,56,"HSR Layout, Bengaluru",34,0.13,0.0009
2026-05-05 17:02:14,54,"HSR Layout, Bengaluru",33,0.13,0.0009
2026-05-05 17:02:02,57,"HSR Layout, Bengaluru",35,0.13,0.0009
2026-05-05 17:01:50,54,"HSR Layout, Bengaluru",33,0.13,0.0009
2026-05-05 17:01:38,56,"HSR Layout, Bengaluru",34,0.13,0.0009
2026-05-05 17:01:26,57,"HSR Layout, Bengaluru",35,0.13,0.0009
2026-05-05 17:01:14,56,"HSR Layout, Bengaluru",34,0.13,0.0009
2026-05-05 17:01:02,56,"HSR Layout, Bengaluru",34,0.13,0.0009
2026-05-05 17:00:50,59,"HSR Layout, Bengaluru",36,0.13,0.0010
2026-05-05 17:00:38,56,"HSR Layout, Bengaluru",34,0.13,0.0009
2026-05-05 17:00:26,56,"HSR Layout, Bengaluru",34,0.13,0.0009
2026-05-05 17:00:14,57,"HSR Layout, Bengaluru",35,0.13,0.0009
2026-05-05 17:00:02,61,"HSR Layout, Bengaluru",37,0.13,0.0010
2026-05-05 16:59:50,57,"HSR Layout, Bengaluru",35,0.13,0.0009
2026-05-05 16:59:38,59,"HSR Layout, Bengaluru",36,0.13,0.0010
2026-05-05 16:59:26,56,"HSR Layout, Bengaluru",34,0.13,0.0009
2026-05-05 16:59:14,57,"HSR Layout, Bengaluru",35,0.13,0.0009
2026-05-05 16:59:02,56,"HSR Layout, Bengaluru",34,0.13,0.0009
2026-05-05 16:58:50,59,"HSR Layout, Bengaluru",36,0.13,0.0010
2026-05-05 16:58:38,59,"HSR Layout, Bengaluru",36,0.13,0.0010
2026-05-05 16:58:26,59,"HSR Layout, Bengaluru",36,0.13,0.0010
2026-05-05 16:58:14,61,"HSR Layout, Bengaluru",37,0.13,0.0010
2026-05-05 16:58:02,59,"HSR Layout, Bengaluru",36,0.13,0.0010
2026-05-05 16:57:50,57,"HSR Layout, Bengaluru",35,0.13,0.0009
2026-05-05 16:57:38,56,"HSR Layout, Bengaluru",34,0.13,0.0009
2026-05-05 16:57:29,57,"HSR Layout, Bengaluru",35,0.13,0.0009
2026-05-05 16:57:29,57,"HSR Layout, Bengaluru",35,0.13,0.0009
2026-05-05 16:57:14,57,"HSR Layout, Bengaluru",35,0.13,0.0009
2026-05-05 16:57:02,57,"HSR Layout, Bengaluru",35,0.13,0.0009
2026-05-05 16:56:50,57,"HSR Layout, Bengaluru",35,0.13,0.0009
2026-05-05 16:56:38,54,"HSR Layout, Bengaluru",33,0.13,0.0009
2026-05-05 16:56:26,54,"HSR Layout, Bengaluru",33,0.13,0.0009
2026-05-05 16:56:14,56,"HSR Layout, Bengaluru",34,0.13,0.0009
2026-05-05 16:56:02,54,"HSR Layout, Bengaluru",33,0.13,0.0009
2026-05-05 16:55:50,56,"HSR Layout, Bengaluru",34,0.13,0.0009
2026-05-05 16:55:38,56,"HSR Layout, Bengaluru",34,0.13,0.0009
2026-05-05 16:55:26,56,"HSR Layout, Bengaluru",34,0.13,0.0009
2026-05-05 16:55:14,57,"HSR Layout, Bengaluru",35,0.13,0.0009
2026-05-05 16:55:02,57,"HSR Layout, Bengaluru",35,0.13,0.0009
2026-05-05 16:54:50,57,"HSR Layout, Bengaluru",35,0.13,0.0009
2026-05-05 16:54:38,57,"HSR Layout, Bengaluru",35,0.13,0.0009
2026-05-05 16:54:26,56,"HSR Layout, Bengaluru",34,0.13,0.0009
2026-05-05 16:54:14,57,"HSR Layout, Bengaluru",35,0.13,0.0009
2026-05-05 16:54:02,57,"HSR Layout, Bengaluru",35,0.13,0.0009
2026-05-05 16:53:50,57,"HSR Layout, Bengaluru",35,0.13,0.0009
2026-05-05 16:53:38,56,"HSR Layout, Bengaluru",34,0.13,0.0009
2026-05-05 16:53:26,57,"HSR Layout, Bengaluru",35,0.13,0.0009
2026-05-05 16:53:14,56,"HSR Layout, Bengaluru",34,0.13,0.0009
2026-05-05 16:53:02,56,"HSR Layout, Bengaluru",34,0.13,0.0009
2026-05-05 16:52:50,56,"HSR Layout, Bengaluru",34,0.13,0.0009
2026-05-05 16:52:38,52,"HSR Layout, Bengaluru",32,0.13,0.0008
2026-05-05 16:52:26,54,"HSR Layout, Bengaluru",33,0.13,0.0009
2026-05-05 16:52:14,56,"HSR Layout, Bengaluru",34,0.13,0.0009
2026-05-05 16:47:38,56,"HSR Layout, Bengaluru",34,0.13,0.0009
2026-05-05 16:47:26,56,"HSR Layout, Bengaluru",34,0.13,0.0009
2026-05-05 16:47:14,54,"HSR Layout, Bengaluru",33,0.13,0.0009
2026-05-05 16:47:02,56,"HSR Layout, Bengaluru",34,0.13,0.0009
2026-05-05 16:46:50,54,"HSR Layout, Bengaluru",33,0.13,0.0009
2026-05-05 16:46:38,54,"HSR Layout, Bengaluru",33,0.13,0.0009
2026-05-05 16:46:26,54,"HSR Layout, Bengaluru",33,0.13,0.0009
2026-05-05 16:46:14,56,"HSR Layout, Bengaluru",34,0.13,0.0009
2026-05-05 16:46:02,54,"HSR Layout, Bengaluru",33,0.13,0.0009
2026-05-05 16:45:50,56,"HSR Layout, Bengaluru",34,0.13,0.0009
2026-05-05 16:45:38,56,"HSR Layout, Bengaluru",34,0.13,0.0009
2026-05-05 16:45:26,56,"HSR Layout, Bengaluru",34,0.13,0.0009
2026-05-05 16:45:14,57,"HSR Layout, Bengaluru",35,0.13,0.0009
2026-05-05 16:45:02,57,"HSR Layout, Bengaluru",35,0.13,0.0009
2026-05-05 16:44:50,56,"HSR Layout, Bengaluru",34,0.13,0.0009
2026-05-05 16:44:38,54,"HSR Layout, Bengaluru",33,0.13,0.0009
2026-05-05 16:44:26,54,"HSR Layout, Bengaluru",33,0.13,0.0009
2026-05-05 16:44:14,52,"HSR Layout, Bengaluru",32,0.13,0.0008
2026-05-05 16:44:02,54,"HSR Layout, Bengaluru",33,0.13,0.0009
2026-05-05 16:43:51,54,"HSR Layout, Bengaluru",33,0.13,0.0009
2026-05-05 16:43:50,54,"HSR Layout, Bengaluru",33,0.13,0.0009
2026-05-05 16:43:50,54,"HSR Layout, Bengaluru",33,0.13,0.0009
2026-05-05 16:43:38,52,"HSR Layout, Bengaluru",32,0.13,0.0008
2026-05-05 16:43:26,54,"HSR Layout, Bengaluru",33,0.13,0.0009
2026-05-05 16:43:14,51,"HSR Layout, Bengaluru",31,0.13,0.0008
2026-05-05 16:43:02,51,"HSR Layout, Bengaluru",31,0.13,0.0008
2026-05-05 16:42:50,54,"HSR Layout, Bengaluru",33,0.13,0.0009
2026-05-05 16:42:38,52,"HSR Layout, Bengaluru",32,0.13,0.0008
2026-05-05 16:42:26,54,"HSR Layout, Bengaluru",33,0.13,0.0009
2026-05-05 16:42:14,54,"HSR Layout, Bengaluru",33,0.13,0.0009
2026-05-05 16:42:02,54,"HSR Layout, Bengaluru",33,0.13,0.0009
2026-05-05 16:41:50,56,"HSR Layout, Bengaluru",34,0.13,0.0009
2026-05-05 16:41:38,52,"HSR Layout, Bengaluru",32,0.13,0.0008
2026-05-05 16:41:26,52,"HSR Layout, Bengaluru",32,0.13,0.0008
2026-05-05 16:41:14,51,"HSR Layout, Bengaluru",31,0.13,0.0008
2026-05-05 16:41:02,51,"HSR Layout, Bengaluru",31,0.13,0.0008
2026-05-05 16:40:50,56,"HSR Layout, Bengaluru",34,0.13,0.0009
2026-05-05 16:40:38,54,"HSR Layout, Bengaluru",33,0.13,0.0009
2026-05-05 16:40:26,54,"HSR Layout, Bengaluru",33,0.13,0.0009
2026-05-05 16:40:14,54,"HSR Layout, Bengaluru",33,0.13,0.0009
2026-05-05 16:40:02,52,"HSR Layout, Bengaluru",32,0.13,0.0008
2026-05-05 16:39:50,56,"HSR Layout, Bengaluru",34,0.13,0.0009
2026-05-05 16:39:38,56,"HSR Layout, Bengaluru",34,0.13,0.0009
2026-05-05 16:39:26,54,"HSR Layout, Bengaluru",33,0.13,0.0009
2026-05-05 16:39:14,52,"HSR Layout, Bengaluru",32,0.13,0.0008
2026-05-05 16:39:02,52,"HSR Layout, Bengaluru",32,0.13,0.0008
2026-05-05 16:38:50,54,"HSR Layout, Bengaluru",33,0.13,0.0009
2026-05-05 16:38:39,54,"HSR Layout, Bengaluru",33,0.13,0.0009
2026-05-05 16:38:39,54,"HSR Layout, Bengaluru",33,0.13,0.0009
2026-05-05 16:38:39,54,"HSR Layout, Bengaluru",33,0.13,0.0009
2026-05-05 16:38:38,54,"HSR Layout, Bengaluru",33,0.13,0.0009
2026-05-05 16:38:26,54,"HSR Layout, Bengaluru",33,0.13,0.0009
2026-05-05 16:38:14,54,"HSR Layout, Bengaluru",33,0.13,0.0009
2026-05-05 16:38:02,52,"HSR Layout, Bengaluru",32,0.13,0.0008
2026-05-05 16:37:50,54,"HSR Layout, Bengaluru",33,0.13,0.0009
2026-05-05 16:37:38,52,"HSR Layout, Bengaluru",32,0.13,0.0008
2026-05-05 16:37:26,54,"HSR Layout, Bengaluru",33,0.13,0.0009
2026-05-05 16:37:14,56,"HSR Layout, Bengaluru",34,0.13,0.0009
2026-05-05 16:37:02,57,"HSR Layout, Bengaluru",35,0.13,0.0009
2026-05-05 16:36:50,57,"HSR Layout, Bengaluru",35,0.13,0.0009
2026-05-05 16:36:38,52,"HSR Layout, Bengaluru",32,0.13,0.0008
2026-05-05 16:36:26,54,"HSR Layout, Bengaluru",33,0.13,0.0009
2026-05-05 16:36:14,54,"HSR Layout, Bengaluru",33,0.13,0.0009
2026-05-05 16:36:02,57,"HSR Layout, Bengaluru",35,0.13,0.0009
2026-05-05 16:35:50,54,"HSR Layout, Bengaluru",33,0.13,0.0009
2026-05-05 16:35:38,54,"HSR Layout, Bengaluru",33,0.13,0.0009
2026-05-05 16:35:26,54,"HSR Layout, Bengaluru",33,0.13,0.0009
2026-05-05 16:35:14,54,"HSR Layout, Bengaluru",33,0.13,0.0009
2026-05-05 16:35:02,52,"HSR Layout, Bengaluru",32,0.13,0.0008
2026-05-05 16:34:50,54,"HSR Layout, Bengaluru",33,0.14,0.0009
2026-05-05 16:34:38,54,"HSR Layout, Bengaluru",33,0.14,0.0009
2026-05-05 16:34:26,52,"HSR Layout, Bengaluru",32,0.14,0.0008
2026-05-05 16:34:14,52,"HSR Layout, Bengaluru",32,0.14,0.0008
2026-05-05 16:34:02,56,"HSR Layout, Bengaluru",34,0.14,0.0009
2026-05-05 16:33:50,57,"HSR Layout, Bengaluru",35,0.13,0.0009
2026-05-05 16:33:38,56,"HSR Layout, Bengaluru",34,0.13,0.0009
2026-05-05 16:33:31,52,"HSR Layout, Bengaluru",32,0.13,0.0008
2026-05-05 16:33:30,52,"HSR Layout, Bengaluru",32,0.13,0.0008
2026-05-05 16:33:14,54,"HSR Layout, Bengaluru",33,0.13,0.0009
2026-05-05 16:33:02,52,"HSR Layout, Bengaluru",32,0.13,0.0008
2026-05-05 16:32:50,51,"HSR Layout, Bengaluru",31,0.13,0.0008
2026-05-05 16:32:38,52,"HSR Layout, Bengaluru",32,0.13,0.0008
2026-05-05 16:32:26,52,"HSR Layout, Bengaluru",32,0.13,0.0008
2026-05-05 16:32:14,54,"HSR Layout, Bengaluru",33,0.13,0.0009
2026-05-05 16:32:02,52,"HSR Layout, Bengaluru",32,0.13,0.0008
2026-05-05 16:31:50,54,"HSR Layout, Bengaluru",33,0.13,0.0009
2026-05-05 16:31:38,54,"HSR Layout, Bengaluru",33,0.13,0.0009
2026-05-05 16:31:26,52,"HSR Layout, Bengaluru",32,0.13,0.0008
2026-05-05 16:31:14,52,"HSR Layout, Bengaluru",32,0.13,0.0008
2026-05-05 16:31:02,52,"HSR Layout, Bengaluru",32,0.13,0.0008
2026-05-05 16:30:50,54,"HSR Layout, Bengaluru",33,0.14,0.0009
2026-05-05 16:30:38,54,"HSR Layout, Bengaluru",33,0.14,0.0009
2026-05-05 16:30:26,51,"HSR Layout, Bengaluru",31,0.14,0.0008
2026-05-05 16:30:14,52,"HSR Layout, Bengaluru",32,0.14,0.0008
2026-05-05 16:30:02,50,"HSR Layout, Bengaluru",30,0.14,0.0008
2026-05-05 16:29:50,52,"HSR Layout, Bengaluru",32,0.13,0.0008
2026-05-05 16:29:38,54,"HSR Layout, Bengaluru",33,0.13,0.0009
2026-05-05 16:29:26,52,"HSR Layout, Bengaluru",32,0.13,0.0008
2026-05-05 16:29:14,52,"HSR Layout, Bengaluru",32,0.13,0.0008
2026-05-05 16:29:02,56,"HSR Layout, Bengaluru",34,0.13,0.0009
2026-05-05 16:28:50,54,"HSR Layout, Bengaluru",33,0.13,0.0009
2026-05-05 16:28:38,56,"HSR Layout, Bengaluru",34,0.13,0.0009
2026-05-05 16:28:26,52,"HSR Layout, Bengaluru",32,0.13,0.0008
2026-05-05 16:28:15,54,"HSR Layout, Bengaluru",33,0.13,0.0009
2026-05-05 16:28:15,54,"HSR Layout, Bengaluru",33,0.13,0.0009
2026-05-05 16:28:14,54,"HSR Layout, Bengaluru",33,0.13,0.0009
2026-05-05 16:28:02,51,"HSR Layout, Bengaluru",31,0.13,0.0008
2026-05-05 16:27:50,51,"HSR Layout, Bengaluru",31,0.13,0.0008
2026-05-05 16:27:38,52,"HSR Layout, Bengaluru",32,0.13,0.0008
2026-05-05 16:27:26,54,"HSR Layout, Bengaluru",33,0.13,0.0009
2026-05-05 16:27:14,54,"HSR Layout, Bengaluru",33,0.13,0.0009
2026-05-05 16:27:02,54,"HSR Layout, Bengaluru",33,0.13,0.0009
2026-05-05 16:26:50,52,"HSR Layout, Bengaluru",32,0.13,0.0008
2026-05-05 16:26:38,52,"HSR Layout, Bengaluru",32,0.13,0.0008
2026-05-05 16:26:26,51,"HSR Layout, Bengaluru",31,0.13,0.0008
2026-05-05 16:26:14,51,"HSR Layout, Bengaluru",31,0.13,0.0008
2026-05-05 16:26:02,54,"HSR Layout, Bengaluru",33,0.13,0.0009
2026-05-05 16:25:50,54,"HSR Layout, Bengaluru",33,0.13,0.0009
2026-05-05 16:25:38,54,"HSR Layout, Bengaluru",33,0.13,0.0009
2026-05-05 16:25:26,52,"HSR Layout, Bengaluru",32,0.13,0.0008
2026-05-05 16:25:14,52,"HSR Layout, Bengaluru",32,0.13,0.0008
2026-05-05 16:25:02,52,"HSR Layout, Bengaluru",32,0.13,0.0008
2026-05-05 16:24:50,52,"HSR Layout, Bengaluru",32,0.13,0.0008
2026-05-05 16:24:38,51,"HSR Layout, Bengaluru",31,0.13,0.0008
2026-05-05 16:24:26,51,"HSR Layout, Bengaluru",31,0.13,0.0008
2026-05-05 16:24:14,51,"HSR Layout, Bengaluru",31,0.13,0.0008
2026-05-05 16:24:02,52,"HSR Layout, Bengaluru",32,0.13,0.0008
2026-05-05 16:23:50,54,"HSR Layout, Bengaluru",33,0.13,0.0009
2026-05-05 16:23:38,54,"HSR Layout, Bengaluru",33,0.13,0.0009
2026-05-05 16:23:26,54,"HSR Layout, Bengaluru",33,0.13,0.0009
2026-05-05 16:23:14,52,"HSR Layout, Bengaluru",32,0.13,0.0008
2026-05-05 16:23:03,51,"HSR Layout, Bengaluru",31,0.13,0.0008
2026-05-05 16:23:03,51,"HSR Layout, Bengaluru",31,0.13,0.0008
2026-05-05 16:23:02,51,"HSR Layout, Bengaluru",31,0.13,0.0008
2026-05-05 16:22:50,51,"HSR Layout, Bengaluru",31,0.13,0.0008
2026-05-05 16:22:38,52,"HSR Layout, Bengaluru",32,0.13,0.0008
2026-05-05 16:22:26,52,"HSR Layout, Bengaluru",32,0.13,0.0008
2026-05-05 16:22:14,52,"HSR Layout, Bengaluru",32,0.13,0.0008
2026-05-05 16:22:02,54,"HSR Layout, Bengaluru",33,0.13,0.0009
2026-05-05 16:21:50,54,"HSR Layout, Bengaluru",33,0.13,0.0009
2026-05-05 16:21:38,57,"HSR Layout, Bengaluru",35,0.13,0.0009
2026-05-05 16:21:26,54,"HSR Layout, Bengaluru",33,0.13,0.0009
2026-05-05 16:21:14,56,"HSR Layout, Bengaluru",34,0.13,0.0009
2026-05-05 16:21:02,54,"HSR Layout, Bengaluru",33,0.13,0.0009
2026-05-05 16:20:50,56,"HSR Layout, Bengaluru",34,0.14,0.0009
2026-05-05 16:20:38,52,"HSR Layout, Bengaluru",32,0.14,0.0008
2026-05-05 16:20:26,51,"HSR Layout, Bengaluru",31,0.14,0.0008
2026-05-05 16:20:14,54,"HSR Layout, Bengaluru",33,0.14,0.0009
2026-05-05 16:20:02,54,"HSR Layout, Bengaluru",33,0.14,0.0009
2026-05-05 16:19:50,54,"HSR Layout, Bengaluru",33,0.13,0.0009
2026-05-05 16:19:38,56,"HSR Layout, Bengaluru",34,0.13,0.0009
2026-05-05 16:19:26,56,"HSR Layout, Bengaluru",34,0.13,0.0009
2026-05-05 16:19:14,56,"HSR Layout, Bengaluru",34,0.13,0.0009
2026-05-05 16:19:02,52,"HSR Layout, Bengaluru",32,0.13,0.0008
2026-05-05 16:18:50,54,"HSR Layout, Bengaluru",33,0.14,0.0009
2026-05-05 16:18:38,56,"HSR Layout, Bengaluru",34,0.14,0.0009
2026-05-05 16:18:26,56,"HSR Layout, Bengaluru",34,0.14,0.0009
2026-05-05 16:18:14,54,"HSR Layout, Bengaluru",33,0.14,0.0009
2026-05-05 16:18:02,52,"HSR Layout, Bengaluru",32,0.14,0.0008
2026-05-05 16:17:50,52,"HSR Layout, Bengaluru",32,0.14,0.0008
